[    9742ms] [INFO] %cDownload the React DevTools for a better development experience: https://react.dev/link/react-devtools font-weight:bold @ webpack-internal:///(app-pages-browser)/./node_modules/next/dist/compiled/react-dom/cjs/react-dom-client.development.js:25630
[   10039ms] [ERROR] Failed to load resource: the server responded with a status of 404 (Not Found) @ http://localhost:3001/favicon.ico:0
[   10214ms] [WARNING] Image with src "/logo.png" has either width or height modified, but not the other. If you use CSS to change the size of your image, also include the styles 'width: "auto"' or 'height: "auto"' to maintain the aspect ratio. @ webpack-internal:///(app-pages-browser)/./node_modules/next/dist/shared/lib/utils/warn-once.js:15
[   10699ms] [LOG] [Fast Refresh] rebuilding @ webpack-internal:///(app-pages-browser)/./node_modules/next/dist/client/dev/hot-reloader/app/hot-reloader-app.js:196
[   10745ms] [LOG] [Fast Refresh] done in 45ms @ webpack-internal:///(app-pages-browser)/./node_modules/next/dist/client/dev/report-hmr-latency.js:13
[   10982ms] [LOG] [Fast Refresh] rebuilding @ webpack-internal:///(app-pages-browser)/./node_modules/next/dist/client/dev/hot-reloader/app/hot-reloader-app.js:196
[   11004ms] [LOG] [Fast Refresh] done in 23ms @ webpack-internal:///(app-pages-browser)/./node_modules/next/dist/client/dev/report-hmr-latency.js:13
[   11412ms] [LOG] [Fast Refresh] rebuilding @ webpack-internal:///(app-pages-browser)/./node_modules/next/dist/client/dev/hot-reloader/app/hot-reloader-app.js:196
[   11509ms] [LOG] [Fast Refresh] done in 98ms @ webpack-internal:///(app-pages-browser)/./node_modules/next/dist/client/dev/report-hmr-latency.js:13
[   11676ms] [LOG] [Fast Refresh] rebuilding @ webpack-internal:///(app-pages-browser)/./node_modules/next/dist/client/dev/hot-reloader/app/hot-reloader-app.js:196
[   11697ms] [LOG] [Fast Refresh] done in 21ms @ webpack-internal:///(app-pages-browser)/./node_modules/next/dist/client/dev/report-hmr-latency.js:13
[   11935ms] [LOG] [Fast Refresh] rebuilding @ webpack-internal:///(app-pages-browser)/./node_modules/next/dist/client/dev/hot-reloader/app/hot-reloader-app.js:196
[   11977ms] [LOG] [Fast Refresh] done in 41ms @ webpack-internal:///(app-pages-browser)/./node_modules/next/dist/client/dev/report-hmr-latency.js:13
[   12226ms] [LOG] [Fast Refresh] rebuilding @ webpack-internal:///(app-pages-browser)/./node_modules/next/dist/client/dev/hot-reloader/app/hot-reloader-app.js:196
[   12254ms] [LOG] [Fast Refresh] done in 29ms @ webpack-internal:///(app-pages-browser)/./node_modules/next/dist/client/dev/report-hmr-latency.js:13
[   12494ms] [LOG] [Fast Refresh] rebuilding @ webpack-internal:///(app-pages-browser)/./node_modules/next/dist/client/dev/hot-reloader/app/hot-reloader-app.js:196
[   12527ms] [LOG] [Fast Refresh] done in 33ms @ webpack-internal:///(app-pages-browser)/./node_modules/next/dist/client/dev/report-hmr-latency.js:13
[   13775ms] [LOG] [Fast Refresh] rebuilding @ webpack-internal:///(app-pages-browser)/./node_modules/next/dist/client/dev/hot-reloader/app/hot-reloader-app.js:196
[   13809ms] [LOG] [Fast Refresh] done in 33ms @ webpack-internal:///(app-pages-browser)/./node_modules/next/dist/client/dev/report-hmr-latency.js:13
[   15252ms] [LOG] [Fast Refresh] done in 1476ms @ webpack-internal:///(app-pages-browser)/./node_modules/next/dist/client/dev/report-hmr-latency.js:13
[   15255ms] [LOG] [Fast Refresh] rebuilding @ webpack-internal:///(app-pages-browser)/./node_modules/next/dist/client/dev/hot-reloader/app/hot-reloader-app.js:196
[   16503ms] [ERROR] Failed to load resource: the server responded with a status of 500 (Internal Server Error) @ http://localhost:3001/?_rsc=fsnpp:0
[   16537ms] [LOG] [Fast Refresh] rebuilding @ webpack-internal:///(app-pages-browser)/./node_modules/next/dist/client/dev/hot-reloader/app/hot-reloader-app.js:196
[   16818ms] [LOG] [Fast Refresh] done in 281ms @ webpack-internal:///(app-pages-browser)/./node_modules/next/dist/client/dev/report-hmr-latency.js:13
[   17061ms] [LOG] [Fast Refresh] rebuilding @ webpack-internal:///(app-pages-browser)/./node_modules/next/dist/client/dev/hot-reloader/app/hot-reloader-app.js:196
[   17174ms] [LOG] [Fast Refresh] done in 113ms @ webpack-internal:///(app-pages-browser)/./node_modules/next/dist/client/dev/report-hmr-latency.js:13
[   17456ms] [LOG] [Fast Refresh] rebuilding @ webpack-internal:///(app-pages-browser)/./node_modules/next/dist/client/dev/hot-reloader/app/hot-reloader-app.js:196
[   17485ms] [LOG] [Fast Refresh] done in 30ms @ webpack-internal:///(app-pages-browser)/./node_modules/next/dist/client/dev/report-hmr-latency.js:13
[   17777ms] [LOG] [Fast Refresh] rebuilding @ webpack-internal:///(app-pages-browser)/./node_modules/next/dist/client/dev/hot-reloader/app/hot-reloader-app.js:196
[   17803ms] [LOG] [Fast Refresh] done in 27ms @ webpack-internal:///(app-pages-browser)/./node_modules/next/dist/client/dev/report-hmr-latency.js:13
[   18019ms] [LOG] [Fast Refresh] rebuilding @ webpack-internal:///(app-pages-browser)/./node_modules/next/dist/client/dev/hot-reloader/app/hot-reloader-app.js:196
[   18039ms] [LOG] [Fast Refresh] done in 20ms @ webpack-internal:///(app-pages-browser)/./node_modules/next/dist/client/dev/report-hmr-latency.js:13
[   18235ms] [LOG] [Fast Refresh] rebuilding @ webpack-internal:///(app-pages-browser)/./node_modules/next/dist/client/dev/hot-reloader/app/hot-reloader-app.js:196
[   18273ms] [LOG] [Fast Refresh] done in 38ms @ webpack-internal:///(app-pages-browser)/./node_modules/next/dist/client/dev/report-hmr-latency.js:13
[   18444ms] [LOG] [Fast Refresh] rebuilding @ webpack-internal:///(app-pages-browser)/./node_modules/next/dist/client/dev/hot-reloader/app/hot-reloader-app.js:196
[   18462ms] [ERROR] Failed to load resource: the server responded with a status of 500 (Internal Server Error) @ http://localhost:3001/?_rsc=fsnpp:0
[   18498ms] [LOG] [Fast Refresh] done in 54ms @ webpack-internal:///(app-pages-browser)/./node_modules/next/dist/client/dev/report-hmr-latency.js:13
[   18706ms] [LOG] [Fast Refresh] rebuilding @ webpack-internal:///(app-pages-browser)/./node_modules/next/dist/client/dev/hot-reloader/app/hot-reloader-app.js:196
[   18732ms] [LOG] [Fast Refresh] done in 25ms @ webpack-internal:///(app-pages-browser)/./node_modules/next/dist/client/dev/report-hmr-latency.js:13
[   19235ms] [LOG] [Fast Refresh] rebuilding @ webpack-internal:///(app-pages-browser)/./node_modules/next/dist/client/dev/hot-reloader/app/hot-reloader-app.js:196
[   19352ms] [LOG] [Fast Refresh] done in 117ms @ webpack-internal:///(app-pages-browser)/./node_modules/next/dist/client/dev/report-hmr-latency.js:13
[   19599ms] [LOG] [Fast Refresh] rebuilding @ webpack-internal:///(app-pages-browser)/./node_modules/next/dist/client/dev/hot-reloader/app/hot-reloader-app.js:196
[   19647ms] [LOG] [Fast Refresh] done in 48ms @ webpack-internal:///(app-pages-browser)/./node_modules/next/dist/client/dev/report-hmr-latency.js:13
[   19861ms] [LOG] [Fast Refresh] rebuilding @ webpack-internal:///(app-pages-browser)/./node_modules/next/dist/client/dev/hot-reloader/app/hot-reloader-app.js:196
[   19881ms] [LOG] [Fast Refresh] done in 21ms @ webpack-internal:///(app-pages-browser)/./node_modules/next/dist/client/dev/report-hmr-latency.js:13
[   20061ms] [LOG] [Fast Refresh] rebuilding @ webpack-internal:///(app-pages-browser)/./node_modules/next/dist/client/dev/hot-reloader/app/hot-reloader-app.js:196
[   20198ms] [LOG] [Fast Refresh] done in 138ms @ webpack-internal:///(app-pages-browser)/./node_modules/next/dist/client/dev/report-hmr-latency.js:13
[   20385ms] [LOG] [Fast Refresh] rebuilding @ webpack-internal:///(app-pages-browser)/./node_modules/next/dist/client/dev/hot-reloader/app/hot-reloader-app.js:196
[   20454ms] [LOG] [Fast Refresh] done in 70ms @ webpack-internal:///(app-pages-browser)/./node_modules/next/dist/client/dev/report-hmr-latency.js:13
[   20722ms] [LOG] [Fast Refresh] rebuilding @ webpack-internal:///(app-pages-browser)/./node_modules/next/dist/client/dev/hot-reloader/app/hot-reloader-app.js:196
[   20742ms] [LOG] [Fast Refresh] done in 19ms @ webpack-internal:///(app-pages-browser)/./node_modules/next/dist/client/dev/report-hmr-latency.js:13
[   20931ms] [LOG] [Fast Refresh] rebuilding @ webpack-internal:///(app-pages-browser)/./node_modules/next/dist/client/dev/hot-reloader/app/hot-reloader-app.js:196
[   21134ms] [LOG] [Fast Refresh] done in 202ms @ webpack-internal:///(app-pages-browser)/./node_modules/next/dist/client/dev/report-hmr-latency.js:13
[   21305ms] [LOG] [Fast Refresh] rebuilding @ webpack-internal:///(app-pages-browser)/./node_modules/next/dist/client/dev/hot-reloader/app/hot-reloader-app.js:196
[   21327ms] [LOG] [Fast Refresh] done in 23ms @ webpack-internal:///(app-pages-browser)/./node_modules/next/dist/client/dev/report-hmr-latency.js:13
[   21576ms] [LOG] [Fast Refresh] rebuilding @ webpack-internal:///(app-pages-browser)/./node_modules/next/dist/client/dev/hot-reloader/app/hot-reloader-app.js:196
[   21627ms] [LOG] [Fast Refresh] done in 51ms @ webpack-internal:///(app-pages-browser)/./node_modules/next/dist/client/dev/report-hmr-latency.js:13
[   21887ms] [LOG] [Fast Refresh] rebuilding @ webpack-internal:///(app-pages-browser)/./node_modules/next/dist/client/dev/hot-reloader/app/hot-reloader-app.js:196
[   22008ms] [LOG] [Fast Refresh] done in 120ms @ webpack-internal:///(app-pages-browser)/./node_modules/next/dist/client/dev/report-hmr-latency.js:13
[   22189ms] [LOG] [Fast Refresh] rebuilding @ webpack-internal:///(app-pages-browser)/./node_modules/next/dist/client/dev/hot-reloader/app/hot-reloader-app.js:196
[   22218ms] [LOG] [Fast Refresh] done in 28ms @ webpack-internal:///(app-pages-browser)/./node_modules/next/dist/client/dev/report-hmr-latency.js:13
[   22492ms] [LOG] [Fast Refresh] rebuilding @ webpack-internal:///(app-pages-browser)/./node_modules/next/dist/client/dev/hot-reloader/app/hot-reloader-app.js:196
[   22540ms] [LOG] [Fast Refresh] done in 48ms @ webpack-internal:///(app-pages-browser)/./node_modules/next/dist/client/dev/report-hmr-latency.js:13
[   22726ms] [LOG] [Fast Refresh] rebuilding @ webpack-internal:///(app-pages-browser)/./node_modules/next/dist/client/dev/hot-reloader/app/hot-reloader-app.js:196
[   22773ms] [LOG] [Fast Refresh] done in 48ms @ webpack-internal:///(app-pages-browser)/./node_modules/next/dist/client/dev/report-hmr-latency.js:13
[   24853ms] [LOG] [Fast Refresh] rebuilding @ webpack-internal:///(app-pages-browser)/./node_modules/next/dist/client/dev/hot-reloader/app/hot-reloader-app.js:196
[   24967ms] [LOG] [Fast Refresh] done in 114ms @ webpack-internal:///(app-pages-browser)/./node_modules/next/dist/client/dev/report-hmr-latency.js:13
[   25210ms] [LOG] [Fast Refresh] rebuilding @ webpack-internal:///(app-pages-browser)/./node_modules/next/dist/client/dev/hot-reloader/app/hot-reloader-app.js:196
[   25259ms] [LOG] [Fast Refresh] done in 49ms @ webpack-internal:///(app-pages-browser)/./node_modules/next/dist/client/dev/report-hmr-latency.js:13
[   25409ms] [LOG] [Fast Refresh] rebuilding @ webpack-internal:///(app-pages-browser)/./node_modules/next/dist/client/dev/hot-reloader/app/hot-reloader-app.js:196
[   25433ms] [LOG] [Fast Refresh] done in 24ms @ webpack-internal:///(app-pages-browser)/./node_modules/next/dist/client/dev/report-hmr-latency.js:13
[   25627ms] [LOG] [Fast Refresh] rebuilding @ webpack-internal:///(app-pages-browser)/./node_modules/next/dist/client/dev/hot-reloader/app/hot-reloader-app.js:196
[   25653ms] [LOG] [Fast Refresh] done in 25ms @ webpack-internal:///(app-pages-browser)/./node_modules/next/dist/client/dev/report-hmr-latency.js:13
[   25831ms] [LOG] [Fast Refresh] rebuilding @ webpack-internal:///(app-pages-browser)/./node_modules/next/dist/client/dev/hot-reloader/app/hot-reloader-app.js:196
[   25850ms] [LOG] [Fast Refresh] done in 19ms @ webpack-internal:///(app-pages-browser)/./node_modules/next/dist/client/dev/report-hmr-latency.js:13
[   26024ms] [LOG] [Fast Refresh] rebuilding @ webpack-internal:///(app-pages-browser)/./node_modules/next/dist/client/dev/hot-reloader/app/hot-reloader-app.js:196
[   26045ms] [LOG] [Fast Refresh] done in 20ms @ webpack-internal:///(app-pages-browser)/./node_modules/next/dist/client/dev/report-hmr-latency.js:13
[   26258ms] [LOG] [Fast Refresh] rebuilding @ webpack-internal:///(app-pages-browser)/./node_modules/next/dist/client/dev/hot-reloader/app/hot-reloader-app.js:196
[   26295ms] [LOG] [Fast Refresh] done in 36ms @ webpack-internal:///(app-pages-browser)/./node_modules/next/dist/client/dev/report-hmr-latency.js:13
[   26502ms] [LOG] [Fast Refresh] rebuilding @ webpack-internal:///(app-pages-browser)/./node_modules/next/dist/client/dev/hot-reloader/app/hot-reloader-app.js:196
[   26603ms] [LOG] [Fast Refresh] done in 101ms @ webpack-internal:///(app-pages-browser)/./node_modules/next/dist/client/dev/report-hmr-latency.js:13
[   27070ms] [LOG] [Fast Refresh] rebuilding @ webpack-internal:///(app-pages-browser)/./node_modules/next/dist/client/dev/hot-reloader/app/hot-reloader-app.js:196
[   27578ms] [LOG] [Fast Refresh] done in 509ms @ webpack-internal:///(app-pages-browser)/./node_modules/next/dist/client/dev/report-hmr-latency.js:13
[   27742ms] [LOG] [Fast Refresh] rebuilding @ webpack-internal:///(app-pages-browser)/./node_modules/next/dist/client/dev/hot-reloader/app/hot-reloader-app.js:196
[   27796ms] [LOG] [Fast Refresh] done in 54ms @ webpack-internal:///(app-pages-browser)/./node_modules/next/dist/client/dev/report-hmr-latency.js:13
[   27935ms] [LOG] [Fast Refresh] rebuilding @ webpack-internal:///(app-pages-browser)/./node_modules/next/dist/client/dev/hot-reloader/app/hot-reloader-app.js:196
[   28026ms] [LOG] [Fast Refresh] done in 92ms @ webpack-internal:///(app-pages-browser)/./node_modules/next/dist/client/dev/report-hmr-latency.js:13
[   28183ms] [LOG] [Fast Refresh] rebuilding @ webpack-internal:///(app-pages-browser)/./node_modules/next/dist/client/dev/hot-reloader/app/hot-reloader-app.js:196
[   28205ms] [LOG] [Fast Refresh] done in 22ms @ webpack-internal:///(app-pages-browser)/./node_modules/next/dist/client/dev/report-hmr-latency.js:13
[   28473ms] [LOG] [Fast Refresh] rebuilding @ webpack-internal:///(app-pages-browser)/./node_modules/next/dist/client/dev/hot-reloader/app/hot-reloader-app.js:196
[   28538ms] [LOG] [Fast Refresh] done in 65ms @ webpack-internal:///(app-pages-browser)/./node_modules/next/dist/client/dev/report-hmr-latency.js:13
[   28721ms] [LOG] [Fast Refresh] rebuilding @ webpack-internal:///(app-pages-browser)/./node_modules/next/dist/client/dev/hot-reloader/app/hot-reloader-app.js:196
[   28746ms] [LOG] [Fast Refresh] done in 24ms @ webpack-internal:///(app-pages-browser)/./node_modules/next/dist/client/dev/report-hmr-latency.js:13
[   29072ms] [LOG] [Fast Refresh] rebuilding @ webpack-internal:///(app-pages-browser)/./node_modules/next/dist/client/dev/hot-reloader/app/hot-reloader-app.js:196
[   29110ms] [LOG] [Fast Refresh] done in 38ms @ webpack-internal:///(app-pages-browser)/./node_modules/next/dist/client/dev/report-hmr-latency.js:13
[   29258ms] [LOG] [Fast Refresh] rebuilding @ webpack-internal:///(app-pages-browser)/./node_modules/next/dist/client/dev/hot-reloader/app/hot-reloader-app.js:196
[   29293ms] [LOG] [Fast Refresh] done in 34ms @ webpack-internal:///(app-pages-browser)/./node_modules/next/dist/client/dev/report-hmr-latency.js:13
[   29511ms] [LOG] [Fast Refresh] rebuilding @ webpack-internal:///(app-pages-browser)/./node_modules/next/dist/client/dev/hot-reloader/app/hot-reloader-app.js:196
[   29654ms] [LOG] [Fast Refresh] done in 143ms @ webpack-internal:///(app-pages-browser)/./node_modules/next/dist/client/dev/report-hmr-latency.js:13
[   30132ms] [LOG] [Fast Refresh] rebuilding @ webpack-internal:///(app-pages-browser)/./node_modules/next/dist/client/dev/hot-reloader/app/hot-reloader-app.js:196
[   30269ms] [LOG] [Fast Refresh] done in 137ms @ webpack-internal:///(app-pages-browser)/./node_modules/next/dist/client/dev/report-hmr-latency.js:13
[   30557ms] [LOG] [Fast Refresh] rebuilding @ webpack-internal:///(app-pages-browser)/./node_modules/next/dist/client/dev/hot-reloader/app/hot-reloader-app.js:196
[   30577ms] [LOG] [Fast Refresh] done in 20ms @ webpack-internal:///(app-pages-browser)/./node_modules/next/dist/client/dev/report-hmr-latency.js:13
[   30791ms] [LOG] [Fast Refresh] rebuilding @ webpack-internal:///(app-pages-browser)/./node_modules/next/dist/client/dev/hot-reloader/app/hot-reloader-app.js:196
[   30812ms] [LOG] [Fast Refresh] done in 22ms @ webpack-internal:///(app-pages-browser)/./node_modules/next/dist/client/dev/report-hmr-latency.js:13
[   31051ms] [LOG] [Fast Refresh] rebuilding @ webpack-internal:///(app-pages-browser)/./node_modules/next/dist/client/dev/hot-reloader/app/hot-reloader-app.js:196
[   31070ms] [LOG] [Fast Refresh] done in 19ms @ webpack-internal:///(app-pages-browser)/./node_modules/next/dist/client/dev/report-hmr-latency.js:13
[   31278ms] [LOG] [Fast Refresh] rebuilding @ webpack-internal:///(app-pages-browser)/./node_modules/next/dist/client/dev/hot-reloader/app/hot-reloader-app.js:196
[   31355ms] [LOG] [Fast Refresh] done in 78ms @ webpack-internal:///(app-pages-browser)/./node_modules/next/dist/client/dev/report-hmr-latency.js:13
[   31517ms] [LOG] [Fast Refresh] rebuilding @ webpack-internal:///(app-pages-browser)/./node_modules/next/dist/client/dev/hot-reloader/app/hot-reloader-app.js:196
[   31543ms] [LOG] [Fast Refresh] done in 26ms @ webpack-internal:///(app-pages-browser)/./node_modules/next/dist/client/dev/report-hmr-latency.js:13
[   31863ms] [LOG] [Fast Refresh] rebuilding @ webpack-internal:///(app-pages-browser)/./node_modules/next/dist/client/dev/hot-reloader/app/hot-reloader-app.js:196
[   32033ms] [LOG] [Fast Refresh] done in 170ms @ webpack-internal:///(app-pages-browser)/./node_modules/next/dist/client/dev/report-hmr-latency.js:13
[   32597ms] [LOG] [Fast Refresh] rebuilding @ webpack-internal:///(app-pages-browser)/./node_modules/next/dist/client/dev/hot-reloader/app/hot-reloader-app.js:196
[   32626ms] [LOG] [Fast Refresh] done in 30ms @ webpack-internal:///(app-pages-browser)/./node_modules/next/dist/client/dev/report-hmr-latency.js:13
[   33002ms] [LOG] [Fast Refresh] rebuilding @ webpack-internal:///(app-pages-browser)/./node_modules/next/dist/client/dev/hot-reloader/app/hot-reloader-app.js:196
[   33062ms] [LOG] [Fast Refresh] done in 61ms @ webpack-internal:///(app-pages-browser)/./node_modules/next/dist/client/dev/report-hmr-latency.js:13
[   33304ms] [LOG] [Fast Refresh] rebuilding @ webpack-internal:///(app-pages-browser)/./node_modules/next/dist/client/dev/hot-reloader/app/hot-reloader-app.js:196
[   33354ms] [LOG] [Fast Refresh] done in 51ms @ webpack-internal:///(app-pages-browser)/./node_modules/next/dist/client/dev/report-hmr-latency.js:13
[   33531ms] [LOG] [Fast Refresh] rebuilding @ webpack-internal:///(app-pages-browser)/./node_modules/next/dist/client/dev/hot-reloader/app/hot-reloader-app.js:196
[   33550ms] [LOG] [Fast Refresh] done in 20ms @ webpack-internal:///(app-pages-browser)/./node_modules/next/dist/client/dev/report-hmr-latency.js:13
[   33761ms] [LOG] [Fast Refresh] rebuilding @ webpack-internal:///(app-pages-browser)/./node_modules/next/dist/client/dev/hot-reloader/app/hot-reloader-app.js:196
[   33779ms] [LOG] [Fast Refresh] done in 18ms @ webpack-internal:///(app-pages-browser)/./node_modules/next/dist/client/dev/report-hmr-latency.js:13
[   33896ms] [LOG] [Fast Refresh] rebuilding @ webpack-internal:///(app-pages-browser)/./node_modules/next/dist/client/dev/hot-reloader/app/hot-reloader-app.js:196
[   33912ms] [LOG] [Fast Refresh] done in 17ms @ webpack-internal:///(app-pages-browser)/./node_modules/next/dist/client/dev/report-hmr-latency.js:13
[   34069ms] [LOG] [Fast Refresh] rebuilding @ webpack-internal:///(app-pages-browser)/./node_modules/next/dist/client/dev/hot-reloader/app/hot-reloader-app.js:196
[   34089ms] [LOG] [Fast Refresh] done in 20ms @ webpack-internal:///(app-pages-browser)/./node_modules/next/dist/client/dev/report-hmr-latency.js:13
[   34239ms] [LOG] [Fast Refresh] rebuilding @ webpack-internal:///(app-pages-browser)/./node_modules/next/dist/client/dev/hot-reloader/app/hot-reloader-app.js:196
[   34265ms] [LOG] [Fast Refresh] done in 26ms @ webpack-internal:///(app-pages-browser)/./node_modules/next/dist/client/dev/report-hmr-latency.js:13
[   34571ms] [LOG] [Fast Refresh] rebuilding @ webpack-internal:///(app-pages-browser)/./node_modules/next/dist/client/dev/hot-reloader/app/hot-reloader-app.js:196
[   34707ms] [LOG] [Fast Refresh] done in 137ms @ webpack-internal:///(app-pages-browser)/./node_modules/next/dist/client/dev/report-hmr-latency.js:13
[   35009ms] [LOG] [Fast Refresh] rebuilding @ webpack-internal:///(app-pages-browser)/./node_modules/next/dist/client/dev/hot-reloader/app/hot-reloader-app.js:196
[   35451ms] [LOG] [Fast Refresh] done in 442ms @ webpack-internal:///(app-pages-browser)/./node_modules/next/dist/client/dev/report-hmr-latency.js:13
[   35550ms] [LOG] [Fast Refresh] rebuilding @ webpack-internal:///(app-pages-browser)/./node_modules/next/dist/client/dev/hot-reloader/app/hot-reloader-app.js:196
[   35650ms] [LOG] [Fast Refresh] done in 101ms @ webpack-internal:///(app-pages-browser)/./node_modules/next/dist/client/dev/report-hmr-latency.js:13
[   35826ms] [LOG] [Fast Refresh] rebuilding @ webpack-internal:///(app-pages-browser)/./node_modules/next/dist/client/dev/hot-reloader/app/hot-reloader-app.js:196
[   35852ms] [LOG] [Fast Refresh] done in 25ms @ webpack-internal:///(app-pages-browser)/./node_modules/next/dist/client/dev/report-hmr-latency.js:13
[   36134ms] [LOG] [Fast Refresh] rebuilding @ webpack-internal:///(app-pages-browser)/./node_modules/next/dist/client/dev/hot-reloader/app/hot-reloader-app.js:196
[   36159ms] [LOG] [Fast Refresh] done in 25ms @ webpack-internal:///(app-pages-browser)/./node_modules/next/dist/client/dev/report-hmr-latency.js:13
[   36350ms] [LOG] [Fast Refresh] rebuilding @ webpack-internal:///(app-pages-browser)/./node_modules/next/dist/client/dev/hot-reloader/app/hot-reloader-app.js:196
[   36365ms] [LOG] [Fast Refresh] done in 15ms @ webpack-internal:///(app-pages-browser)/./node_modules/next/dist/client/dev/report-hmr-latency.js:13
[   36593ms] [LOG] [Fast Refresh] rebuilding @ webpack-internal:///(app-pages-browser)/./node_modules/next/dist/client/dev/hot-reloader/app/hot-reloader-app.js:196
[   36619ms] [LOG] [Fast Refresh] done in 27ms @ webpack-internal:///(app-pages-browser)/./node_modules/next/dist/client/dev/report-hmr-latency.js:13
[   36876ms] [LOG] [Fast Refresh] rebuilding @ webpack-internal:///(app-pages-browser)/./node_modules/next/dist/client/dev/hot-reloader/app/hot-reloader-app.js:196
[   36894ms] [LOG] [Fast Refresh] done in 19ms @ webpack-internal:///(app-pages-browser)/./node_modules/next/dist/client/dev/report-hmr-latency.js:13
[   37069ms] [LOG] [Fast Refresh] rebuilding @ webpack-internal:///(app-pages-browser)/./node_modules/next/dist/client/dev/hot-reloader/app/hot-reloader-app.js:196
[   37157ms] [LOG] [Fast Refresh] done in 89ms @ webpack-internal:///(app-pages-browser)/./node_modules/next/dist/client/dev/report-hmr-latency.js:13
[   37300ms] [LOG] [Fast Refresh] rebuilding @ webpack-internal:///(app-pages-browser)/./node_modules/next/dist/client/dev/hot-reloader/app/hot-reloader-app.js:196
[   37326ms] [LOG] [Fast Refresh] done in 25ms @ webpack-internal:///(app-pages-browser)/./node_modules/next/dist/client/dev/report-hmr-latency.js:13
[   38750ms] [LOG] [Fast Refresh] rebuilding @ webpack-internal:///(app-pages-browser)/./node_modules/next/dist/client/dev/hot-reloader/app/hot-reloader-app.js:196
[   38874ms] [LOG] [Fast Refresh] done in 125ms @ webpack-internal:///(app-pages-browser)/./node_modules/next/dist/client/dev/report-hmr-latency.js:13
[   39783ms] [LOG] [Fast Refresh] rebuilding @ webpack-internal:///(app-pages-browser)/./node_modules/next/dist/client/dev/hot-reloader/app/hot-reloader-app.js:196
[   39807ms] [LOG] [Fast Refresh] done in 23ms @ webpack-internal:///(app-pages-browser)/./node_modules/next/dist/client/dev/report-hmr-latency.js:13
[   40097ms] [LOG] [Fast Refresh] rebuilding @ webpack-internal:///(app-pages-browser)/./node_modules/next/dist/client/dev/hot-reloader/app/hot-reloader-app.js:196
[   40125ms] [LOG] [Fast Refresh] done in 28ms @ webpack-internal:///(app-pages-browser)/./node_modules/next/dist/client/dev/report-hmr-latency.js:13
[   40378ms] [LOG] [Fast Refresh] rebuilding @ webpack-internal:///(app-pages-browser)/./node_modules/next/dist/client/dev/hot-reloader/app/hot-reloader-app.js:196
[   40431ms] [LOG] [Fast Refresh] done in 54ms @ webpack-internal:///(app-pages-browser)/./node_modules/next/dist/client/dev/report-hmr-latency.js:13
[   40628ms] [ERROR] Failed to load resource: the server responded with a status of 500 (Internal Server Error) @ http://localhost:3001/?_rsc=fsnpp:0
[   40658ms] [LOG] [Fast Refresh] rebuilding @ webpack-internal:///(app-pages-browser)/./node_modules/next/dist/client/dev/hot-reloader/app/hot-reloader-app.js:196
[   40743ms] [LOG] [Fast Refresh] done in 85ms @ webpack-internal:///(app-pages-browser)/./node_modules/next/dist/client/dev/report-hmr-latency.js:13
[   40960ms] [LOG] [Fast Refresh] rebuilding @ webpack-internal:///(app-pages-browser)/./node_modules/next/dist/client/dev/hot-reloader/app/hot-reloader-app.js:196
[   40985ms] [LOG] [Fast Refresh] done in 25ms @ webpack-internal:///(app-pages-browser)/./node_modules/next/dist/client/dev/report-hmr-latency.js:13
[   41291ms] [LOG] [Fast Refresh] rebuilding @ webpack-internal:///(app-pages-browser)/./node_modules/next/dist/client/dev/hot-reloader/app/hot-reloader-app.js:196
[   41321ms] [LOG] [Fast Refresh] done in 31ms @ webpack-internal:///(app-pages-browser)/./node_modules/next/dist/client/dev/report-hmr-latency.js:13
[   41623ms] [LOG] [Fast Refresh] rebuilding @ webpack-internal:///(app-pages-browser)/./node_modules/next/dist/client/dev/hot-reloader/app/hot-reloader-app.js:196
[   41642ms] [LOG] [Fast Refresh] done in 19ms @ webpack-internal:///(app-pages-browser)/./node_modules/next/dist/client/dev/report-hmr-latency.js:13
[   41825ms] [LOG] [Fast Refresh] rebuilding @ webpack-internal:///(app-pages-browser)/./node_modules/next/dist/client/dev/hot-reloader/app/hot-reloader-app.js:196
[   41938ms] [LOG] [Fast Refresh] done in 114ms @ webpack-internal:///(app-pages-browser)/./node_modules/next/dist/client/dev/report-hmr-latency.js:13
[   42120ms] [LOG] [Fast Refresh] rebuilding @ webpack-internal:///(app-pages-browser)/./node_modules/next/dist/client/dev/hot-reloader/app/hot-reloader-app.js:196
[   42145ms] [LOG] [Fast Refresh] done in 26ms @ webpack-internal:///(app-pages-browser)/./node_modules/next/dist/client/dev/report-hmr-latency.js:13
[   42391ms] [LOG] [Fast Refresh] rebuilding @ webpack-internal:///(app-pages-browser)/./node_modules/next/dist/client/dev/hot-reloader/app/hot-reloader-app.js:196
[   42421ms] [LOG] [Fast Refresh] done in 31ms @ webpack-internal:///(app-pages-browser)/./node_modules/next/dist/client/dev/report-hmr-latency.js:13
[   42643ms] [LOG] [Fast Refresh] rebuilding @ webpack-internal:///(app-pages-browser)/./node_modules/next/dist/client/dev/hot-reloader/app/hot-reloader-app.js:196
[   42663ms] [LOG] [Fast Refresh] done in 19ms @ webpack-internal:///(app-pages-browser)/./node_modules/next/dist/client/dev/report-hmr-latency.js:13
[   42904ms] [LOG] [Fast Refresh] rebuilding @ webpack-internal:///(app-pages-browser)/./node_modules/next/dist/client/dev/hot-reloader/app/hot-reloader-app.js:196
[   42927ms] [LOG] [Fast Refresh] done in 23ms @ webpack-internal:///(app-pages-browser)/./node_modules/next/dist/client/dev/report-hmr-latency.js:13
[   43212ms] [LOG] [Fast Refresh] rebuilding @ webpack-internal:///(app-pages-browser)/./node_modules/next/dist/client/dev/hot-reloader/app/hot-reloader-app.js:196
[   43408ms] [LOG] [Fast Refresh] done in 197ms @ webpack-internal:///(app-pages-browser)/./node_modules/next/dist/client/dev/report-hmr-latency.js:13
[   44038ms] [LOG] [Fast Refresh] rebuilding @ webpack-internal:///(app-pages-browser)/./node_modules/next/dist/client/dev/hot-reloader/app/hot-reloader-app.js:196
[   44059ms] [LOG] [Fast Refresh] done in 22ms @ webpack-internal:///(app-pages-browser)/./node_modules/next/dist/client/dev/report-hmr-latency.js:13
[   44318ms] [LOG] [Fast Refresh] rebuilding @ webpack-internal:///(app-pages-browser)/./node_modules/next/dist/client/dev/hot-reloader/app/hot-reloader-app.js:196
[   44343ms] [LOG] [Fast Refresh] done in 25ms @ webpack-internal:///(app-pages-browser)/./node_modules/next/dist/client/dev/report-hmr-latency.js:13
[   44717ms] [LOG] [Fast Refresh] rebuilding @ webpack-internal:///(app-pages-browser)/./node_modules/next/dist/client/dev/hot-reloader/app/hot-reloader-app.js:196
[   44745ms] [LOG] [Fast Refresh] done in 28ms @ webpack-internal:///(app-pages-browser)/./node_modules/next/dist/client/dev/report-hmr-latency.js:13
[   45085ms] [LOG] [Fast Refresh] rebuilding @ webpack-internal:///(app-pages-browser)/./node_modules/next/dist/client/dev/hot-reloader/app/hot-reloader-app.js:196
[   45307ms] [LOG] [Fast Refresh] done in 223ms @ webpack-internal:///(app-pages-browser)/./node_modules/next/dist/client/dev/report-hmr-latency.js:13
[   45653ms] [LOG] [Fast Refresh] rebuilding @ webpack-internal:///(app-pages-browser)/./node_modules/next/dist/client/dev/hot-reloader/app/hot-reloader-app.js:196
[   45766ms] [LOG] [Fast Refresh] done in 113ms @ webpack-internal:///(app-pages-browser)/./node_modules/next/dist/client/dev/report-hmr-latency.js:13
[   46057ms] [LOG] [Fast Refresh] rebuilding @ webpack-internal:///(app-pages-browser)/./node_modules/next/dist/client/dev/hot-reloader/app/hot-reloader-app.js:196
[   46079ms] [LOG] [Fast Refresh] done in 22ms @ webpack-internal:///(app-pages-browser)/./node_modules/next/dist/client/dev/report-hmr-latency.js:13
[   46357ms] [LOG] [Fast Refresh] rebuilding @ webpack-internal:///(app-pages-browser)/./node_modules/next/dist/client/dev/hot-reloader/app/hot-reloader-app.js:196
[   46378ms] [LOG] [Fast Refresh] done in 22ms @ webpack-internal:///(app-pages-browser)/./node_modules/next/dist/client/dev/report-hmr-latency.js:13
[   46576ms] [LOG] [Fast Refresh] rebuilding @ webpack-internal:///(app-pages-browser)/./node_modules/next/dist/client/dev/hot-reloader/app/hot-reloader-app.js:196
[   46598ms] [LOG] [Fast Refresh] done in 22ms @ webpack-internal:///(app-pages-browser)/./node_modules/next/dist/client/dev/report-hmr-latency.js:13
[   46906ms] [LOG] [Fast Refresh] rebuilding @ webpack-internal:///(app-pages-browser)/./node_modules/next/dist/client/dev/hot-reloader/app/hot-reloader-app.js:196
[   46930ms] [LOG] [Fast Refresh] done in 24ms @ webpack-internal:///(app-pages-browser)/./node_modules/next/dist/client/dev/report-hmr-latency.js:13
[   47274ms] [LOG] [Fast Refresh] rebuilding @ webpack-internal:///(app-pages-browser)/./node_modules/next/dist/client/dev/hot-reloader/app/hot-reloader-app.js:196
[   47293ms] [LOG] [Fast Refresh] done in 19ms @ webpack-internal:///(app-pages-browser)/./node_modules/next/dist/client/dev/report-hmr-latency.js:13
[   47507ms] [LOG] [Fast Refresh] rebuilding @ webpack-internal:///(app-pages-browser)/./node_modules/next/dist/client/dev/hot-reloader/app/hot-reloader-app.js:196
[   47588ms] [LOG] [Fast Refresh] done in 81ms @ webpack-internal:///(app-pages-browser)/./node_modules/next/dist/client/dev/report-hmr-latency.js:13
[   47807ms] [LOG] [Fast Refresh] rebuilding @ webpack-internal:///(app-pages-browser)/./node_modules/next/dist/client/dev/hot-reloader/app/hot-reloader-app.js:196
[   47838ms] [LOG] [Fast Refresh] done in 30ms @ webpack-internal:///(app-pages-browser)/./node_modules/next/dist/client/dev/report-hmr-latency.js:13
[   48145ms] [LOG] [Fast Refresh] rebuilding @ webpack-internal:///(app-pages-browser)/./node_modules/next/dist/client/dev/hot-reloader/app/hot-reloader-app.js:196
[   48166ms] [LOG] [Fast Refresh] done in 20ms @ webpack-internal:///(app-pages-browser)/./node_modules/next/dist/client/dev/report-hmr-latency.js:13
[   48398ms] [LOG] [Fast Refresh] rebuilding @ webpack-internal:///(app-pages-browser)/./node_modules/next/dist/client/dev/hot-reloader/app/hot-reloader-app.js:196
[   48505ms] [LOG] [Fast Refresh] done in 108ms @ webpack-internal:///(app-pages-browser)/./node_modules/next/dist/client/dev/report-hmr-latency.js:13
[   48662ms] [LOG] [Fast Refresh] rebuilding @ webpack-internal:///(app-pages-browser)/./node_modules/next/dist/client/dev/hot-reloader/app/hot-reloader-app.js:196
[   48686ms] [LOG] [Fast Refresh] done in 24ms @ webpack-internal:///(app-pages-browser)/./node_modules/next/dist/client/dev/report-hmr-latency.js:13
[   48952ms] [LOG] [Fast Refresh] rebuilding @ webpack-internal:///(app-pages-browser)/./node_modules/next/dist/client/dev/hot-reloader/app/hot-reloader-app.js:196
[   48979ms] [LOG] [Fast Refresh] done in 28ms @ webpack-internal:///(app-pages-browser)/./node_modules/next/dist/client/dev/report-hmr-latency.js:13
[   49275ms] [LOG] [Fast Refresh] rebuilding @ webpack-internal:///(app-pages-browser)/./node_modules/next/dist/client/dev/hot-reloader/app/hot-reloader-app.js:196
[   49323ms] [LOG] [Fast Refresh] done in 49ms @ webpack-internal:///(app-pages-browser)/./node_modules/next/dist/client/dev/report-hmr-latency.js:13
[   49496ms] [LOG] [Fast Refresh] rebuilding @ webpack-internal:///(app-pages-browser)/./node_modules/next/dist/client/dev/hot-reloader/app/hot-reloader-app.js:196
[   49558ms] [ERROR] Failed to load resource: the server responded with a status of 500 (Internal Server Error) @ http://localhost:3001/?_rsc=fsnpp:0
[   49592ms] [LOG] [Fast Refresh] done in 97ms @ webpack-internal:///(app-pages-browser)/./node_modules/next/dist/client/dev/report-hmr-latency.js:13
[   49843ms] [LOG] [Fast Refresh] rebuilding @ webpack-internal:///(app-pages-browser)/./node_modules/next/dist/client/dev/hot-reloader/app/hot-reloader-app.js:196
[   49873ms] [LOG] [Fast Refresh] done in 30ms @ webpack-internal:///(app-pages-browser)/./node_modules/next/dist/client/dev/report-hmr-latency.js:13
[   50104ms] [LOG] [Fast Refresh] rebuilding @ webpack-internal:///(app-pages-browser)/./node_modules/next/dist/client/dev/hot-reloader/app/hot-reloader-app.js:196
[   50153ms] [LOG] [Fast Refresh] done in 49ms @ webpack-internal:///(app-pages-browser)/./node_modules/next/dist/client/dev/report-hmr-latency.js:13
[   50400ms] [ERROR] Failed to load resource: the server responded with a status of 500 (Internal Server Error) @ http://localhost:3001/?_rsc=fsnpp:0
[   50430ms] [LOG] [Fast Refresh] rebuilding @ webpack-internal:///(app-pages-browser)/./node_modules/next/dist/client/dev/hot-reloader/app/hot-reloader-app.js:196
[   50550ms] [LOG] [Fast Refresh] done in 120ms @ webpack-internal:///(app-pages-browser)/./node_modules/next/dist/client/dev/report-hmr-latency.js:13
[   50784ms] [LOG] [Fast Refresh] rebuilding @ webpack-internal:///(app-pages-browser)/./node_modules/next/dist/client/dev/hot-reloader/app/hot-reloader-app.js:196
[   50811ms] [LOG] [Fast Refresh] done in 27ms @ webpack-internal:///(app-pages-browser)/./node_modules/next/dist/client/dev/report-hmr-latency.js:13
[   51133ms] [LOG] [Fast Refresh] rebuilding @ webpack-internal:///(app-pages-browser)/./node_modules/next/dist/client/dev/hot-reloader/app/hot-reloader-app.js:196
[   51158ms] [LOG] [Fast Refresh] done in 24ms @ webpack-internal:///(app-pages-browser)/./node_modules/next/dist/client/dev/report-hmr-latency.js:13
[   51452ms] [LOG] [Fast Refresh] rebuilding @ webpack-internal:///(app-pages-browser)/./node_modules/next/dist/client/dev/hot-reloader/app/hot-reloader-app.js:196
[   51488ms] [LOG] [Fast Refresh] done in 35ms @ webpack-internal:///(app-pages-browser)/./node_modules/next/dist/client/dev/report-hmr-latency.js:13
[   51659ms] [LOG] [Fast Refresh] rebuilding @ webpack-internal:///(app-pages-browser)/./node_modules/next/dist/client/dev/hot-reloader/app/hot-reloader-app.js:196
[   51752ms] [LOG] [Fast Refresh] done in 93ms @ webpack-internal:///(app-pages-browser)/./node_modules/next/dist/client/dev/report-hmr-latency.js:13
[   51947ms] [LOG] [Fast Refresh] rebuilding @ webpack-internal:///(app-pages-browser)/./node_modules/next/dist/client/dev/hot-reloader/app/hot-reloader-app.js:196
[   51987ms] [LOG] [Fast Refresh] done in 40ms @ webpack-internal:///(app-pages-browser)/./node_modules/next/dist/client/dev/report-hmr-latency.js:13
[   52290ms] [LOG] [Fast Refresh] rebuilding @ webpack-internal:///(app-pages-browser)/./node_modules/next/dist/client/dev/hot-reloader/app/hot-reloader-app.js:196
[   52327ms] [LOG] [Fast Refresh] done in 37ms @ webpack-internal:///(app-pages-browser)/./node_modules/next/dist/client/dev/report-hmr-latency.js:13
[   52522ms] [LOG] [Fast Refresh] rebuilding @ webpack-internal:///(app-pages-browser)/./node_modules/next/dist/client/dev/hot-reloader/app/hot-reloader-app.js:196
[   52613ms] [LOG] [Fast Refresh] done in 91ms @ webpack-internal:///(app-pages-browser)/./node_modules/next/dist/client/dev/report-hmr-latency.js:13
[   52752ms] [LOG] [Fast Refresh] rebuilding @ webpack-internal:///(app-pages-browser)/./node_modules/next/dist/client/dev/hot-reloader/app/hot-reloader-app.js:196
[   52778ms] [LOG] [Fast Refresh] done in 27ms @ webpack-internal:///(app-pages-browser)/./node_modules/next/dist/client/dev/report-hmr-latency.js:13
[   52989ms] [LOG] [Fast Refresh] rebuilding @ webpack-internal:///(app-pages-browser)/./node_modules/next/dist/client/dev/hot-reloader/app/hot-reloader-app.js:196
[   53009ms] [LOG] [Fast Refresh] done in 21ms @ webpack-internal:///(app-pages-browser)/./node_modules/next/dist/client/dev/report-hmr-latency.js:13
[   53250ms] [LOG] [Fast Refresh] rebuilding @ webpack-internal:///(app-pages-browser)/./node_modules/next/dist/client/dev/hot-reloader/app/hot-reloader-app.js:196
[   53274ms] [LOG] [Fast Refresh] done in 24ms @ webpack-internal:///(app-pages-browser)/./node_modules/next/dist/client/dev/report-hmr-latency.js:13
[   53457ms] [LOG] [Fast Refresh] rebuilding @ webpack-internal:///(app-pages-browser)/./node_modules/next/dist/client/dev/hot-reloader/app/hot-reloader-app.js:196
[   53476ms] [LOG] [Fast Refresh] done in 19ms @ webpack-internal:///(app-pages-browser)/./node_modules/next/dist/client/dev/report-hmr-latency.js:13
[   53892ms] [LOG] [Fast Refresh] rebuilding @ webpack-internal:///(app-pages-browser)/./node_modules/next/dist/client/dev/hot-reloader/app/hot-reloader-app.js:196
[   53975ms] [LOG] [Fast Refresh] done in 84ms @ webpack-internal:///(app-pages-browser)/./node_modules/next/dist/client/dev/report-hmr-latency.js:13
[   54273ms] [LOG] [Fast Refresh] rebuilding @ webpack-internal:///(app-pages-browser)/./node_modules/next/dist/client/dev/hot-reloader/app/hot-reloader-app.js:196
[   54451ms] [LOG] [Fast Refresh] done in 177ms @ webpack-internal:///(app-pages-browser)/./node_modules/next/dist/client/dev/report-hmr-latency.js:13
[   54628ms] [LOG] [Fast Refresh] rebuilding @ webpack-internal:///(app-pages-browser)/./node_modules/next/dist/client/dev/hot-reloader/app/hot-reloader-app.js:196
[   54675ms] [LOG] [Fast Refresh] done in 47ms @ webpack-internal:///(app-pages-browser)/./node_modules/next/dist/client/dev/report-hmr-latency.js:13
[   54945ms] [LOG] [Fast Refresh] rebuilding @ webpack-internal:///(app-pages-browser)/./node_modules/next/dist/client/dev/hot-reloader/app/hot-reloader-app.js:196
[   54969ms] [LOG] [Fast Refresh] done in 24ms @ webpack-internal:///(app-pages-browser)/./node_modules/next/dist/client/dev/report-hmr-latency.js:13
[   55547ms] [LOG] [Fast Refresh] rebuilding @ webpack-internal:///(app-pages-browser)/./node_modules/next/dist/client/dev/hot-reloader/app/hot-reloader-app.js:196
[   55713ms] [LOG] [Fast Refresh] done in 165ms @ webpack-internal:///(app-pages-browser)/./node_modules/next/dist/client/dev/report-hmr-latency.js:13
[   56122ms] [LOG] [Fast Refresh] rebuilding @ webpack-internal:///(app-pages-browser)/./node_modules/next/dist/client/dev/hot-reloader/app/hot-reloader-app.js:196
[   56177ms] [LOG] [Fast Refresh] done in 56ms @ webpack-internal:///(app-pages-browser)/./node_modules/next/dist/client/dev/report-hmr-latency.js:13
[   56416ms] [LOG] [Fast Refresh] rebuilding @ webpack-internal:///(app-pages-browser)/./node_modules/next/dist/client/dev/hot-reloader/app/hot-reloader-app.js:196
[   56523ms] [LOG] [Fast Refresh] done in 107ms @ webpack-internal:///(app-pages-browser)/./node_modules/next/dist/client/dev/report-hmr-latency.js:13
[   56747ms] [LOG] [Fast Refresh] rebuilding @ webpack-internal:///(app-pages-browser)/./node_modules/next/dist/client/dev/hot-reloader/app/hot-reloader-app.js:196
[   56789ms] [LOG] [Fast Refresh] done in 42ms @ webpack-internal:///(app-pages-browser)/./node_modules/next/dist/client/dev/report-hmr-latency.js:13
[   57221ms] [LOG] [Fast Refresh] rebuilding @ webpack-internal:///(app-pages-browser)/./node_modules/next/dist/client/dev/hot-reloader/app/hot-reloader-app.js:196
[   57246ms] [LOG] [Fast Refresh] done in 24ms @ webpack-internal:///(app-pages-browser)/./node_modules/next/dist/client/dev/report-hmr-latency.js:13
[   57537ms] [LOG] [Fast Refresh] rebuilding @ webpack-internal:///(app-pages-browser)/./node_modules/next/dist/client/dev/hot-reloader/app/hot-reloader-app.js:196
[   57554ms] [LOG] [Fast Refresh] done in 16ms @ webpack-internal:///(app-pages-browser)/./node_modules/next/dist/client/dev/report-hmr-latency.js:13
[   57768ms] [LOG] [Fast Refresh] rebuilding @ webpack-internal:///(app-pages-browser)/./node_modules/next/dist/client/dev/hot-reloader/app/hot-reloader-app.js:196
[   57923ms] [LOG] [Fast Refresh] done in 155ms @ webpack-internal:///(app-pages-browser)/./node_modules/next/dist/client/dev/report-hmr-latency.js:13
[   58095ms] [LOG] [Fast Refresh] rebuilding @ webpack-internal:///(app-pages-browser)/./node_modules/next/dist/client/dev/hot-reloader/app/hot-reloader-app.js:196
[   58151ms] [LOG] [Fast Refresh] done in 55ms @ webpack-internal:///(app-pages-browser)/./node_modules/next/dist/client/dev/report-hmr-latency.js:13
[   58409ms] [LOG] [Fast Refresh] rebuilding @ webpack-internal:///(app-pages-browser)/./node_modules/next/dist/client/dev/hot-reloader/app/hot-reloader-app.js:196
[   58438ms] [LOG] [Fast Refresh] done in 29ms @ webpack-internal:///(app-pages-browser)/./node_modules/next/dist/client/dev/report-hmr-latency.js:13
[   58921ms] [LOG] [Fast Refresh] rebuilding @ webpack-internal:///(app-pages-browser)/./node_modules/next/dist/client/dev/hot-reloader/app/hot-reloader-app.js:196
[   58971ms] [LOG] [Fast Refresh] done in 50ms @ webpack-internal:///(app-pages-browser)/./node_modules/next/dist/client/dev/report-hmr-latency.js:13
[   59118ms] [LOG] [Fast Refresh] rebuilding @ webpack-internal:///(app-pages-browser)/./node_modules/next/dist/client/dev/hot-reloader/app/hot-reloader-app.js:196
[   59150ms] [ERROR] Failed to load resource: the server responded with a status of 500 (Internal Server Error) @ http://localhost:3001/?_rsc=fsnpp:0
[   59152ms] [LOG] [Fast Refresh] done in 33ms @ webpack-internal:///(app-pages-browser)/./node_modules/next/dist/client/dev/report-hmr-latency.js:13
[   59371ms] [LOG] [Fast Refresh] rebuilding @ webpack-internal:///(app-pages-browser)/./node_modules/next/dist/client/dev/hot-reloader/app/hot-reloader-app.js:196
[   59396ms] [LOG] [Fast Refresh] done in 25ms @ webpack-internal:///(app-pages-browser)/./node_modules/next/dist/client/dev/report-hmr-latency.js:13
[   59588ms] [LOG] [Fast Refresh] rebuilding @ webpack-internal:///(app-pages-browser)/./node_modules/next/dist/client/dev/hot-reloader/app/hot-reloader-app.js:196
[   59627ms] [LOG] [Fast Refresh] done in 38ms @ webpack-internal:///(app-pages-browser)/./node_modules/next/dist/client/dev/report-hmr-latency.js:13
[   59776ms] [LOG] [Fast Refresh] rebuilding @ webpack-internal:///(app-pages-browser)/./node_modules/next/dist/client/dev/hot-reloader/app/hot-reloader-app.js:196
[   59796ms] [LOG] [Fast Refresh] done in 20ms @ webpack-internal:///(app-pages-browser)/./node_modules/next/dist/client/dev/report-hmr-latency.js:13
[   59885ms] [ERROR] Failed to load resource: the server responded with a status of 500 (Internal Server Error) @ http://localhost:3001/?_rsc=fsnpp:0
[   59979ms] [LOG] [Fast Refresh] rebuilding @ webpack-internal:///(app-pages-browser)/./node_modules/next/dist/client/dev/hot-reloader/app/hot-reloader-app.js:196
[   60080ms] [LOG] [Fast Refresh] done in 102ms @ webpack-internal:///(app-pages-browser)/./node_modules/next/dist/client/dev/report-hmr-latency.js:13
[   60240ms] [LOG] [Fast Refresh] rebuilding @ webpack-internal:///(app-pages-browser)/./node_modules/next/dist/client/dev/hot-reloader/app/hot-reloader-app.js:196
[   60264ms] [LOG] [Fast Refresh] done in 25ms @ webpack-internal:///(app-pages-browser)/./node_modules/next/dist/client/dev/report-hmr-latency.js:13
[   60579ms] [LOG] [Fast Refresh] rebuilding @ webpack-internal:///(app-pages-browser)/./node_modules/next/dist/client/dev/hot-reloader/app/hot-reloader-app.js:196
[   60602ms] [LOG] [Fast Refresh] done in 23ms @ webpack-internal:///(app-pages-browser)/./node_modules/next/dist/client/dev/report-hmr-latency.js:13
[   60830ms] [LOG] [Fast Refresh] rebuilding @ webpack-internal:///(app-pages-browser)/./node_modules/next/dist/client/dev/hot-reloader/app/hot-reloader-app.js:196
[   60939ms] [LOG] [Fast Refresh] done in 109ms @ webpack-internal:///(app-pages-browser)/./node_modules/next/dist/client/dev/report-hmr-latency.js:13
[   61150ms] [LOG] [Fast Refresh] rebuilding @ webpack-internal:///(app-pages-browser)/./node_modules/next/dist/client/dev/hot-reloader/app/hot-reloader-app.js:196
[   61193ms] [LOG] [Fast Refresh] done in 44ms @ webpack-internal:///(app-pages-browser)/./node_modules/next/dist/client/dev/report-hmr-latency.js:13
[   61530ms] [LOG] [Fast Refresh] rebuilding @ webpack-internal:///(app-pages-browser)/./node_modules/next/dist/client/dev/hot-reloader/app/hot-reloader-app.js:196
[   61552ms] [LOG] [Fast Refresh] done in 22ms @ webpack-internal:///(app-pages-browser)/./node_modules/next/dist/client/dev/report-hmr-latency.js:13
[   61917ms] [LOG] [Fast Refresh] rebuilding @ webpack-internal:///(app-pages-browser)/./node_modules/next/dist/client/dev/hot-reloader/app/hot-reloader-app.js:196
[   61943ms] [LOG] [Fast Refresh] done in 25ms @ webpack-internal:///(app-pages-browser)/./node_modules/next/dist/client/dev/report-hmr-latency.js:13
[   62156ms] [LOG] [Fast Refresh] rebuilding @ webpack-internal:///(app-pages-browser)/./node_modules/next/dist/client/dev/hot-reloader/app/hot-reloader-app.js:196
[   62230ms] [LOG] [Fast Refresh] done in 74ms @ webpack-internal:///(app-pages-browser)/./node_modules/next/dist/client/dev/report-hmr-latency.js:13
[   62499ms] [LOG] [Fast Refresh] rebuilding @ webpack-internal:///(app-pages-browser)/./node_modules/next/dist/client/dev/hot-reloader/app/hot-reloader-app.js:196
[   62521ms] [LOG] [Fast Refresh] done in 22ms @ webpack-internal:///(app-pages-browser)/./node_modules/next/dist/client/dev/report-hmr-latency.js:13
[   62786ms] [LOG] [Fast Refresh] rebuilding @ webpack-internal:///(app-pages-browser)/./node_modules/next/dist/client/dev/hot-reloader/app/hot-reloader-app.js:196
[   62918ms] [LOG] [Fast Refresh] done in 132ms @ webpack-internal:///(app-pages-browser)/./node_modules/next/dist/client/dev/report-hmr-latency.js:13
[   63153ms] [LOG] [Fast Refresh] rebuilding @ webpack-internal:///(app-pages-browser)/./node_modules/next/dist/client/dev/hot-reloader/app/hot-reloader-app.js:196
[   63187ms] [LOG] [Fast Refresh] done in 33ms @ webpack-internal:///(app-pages-browser)/./node_modules/next/dist/client/dev/report-hmr-latency.js:13
[   63524ms] [LOG] [Fast Refresh] rebuilding @ webpack-internal:///(app-pages-browser)/./node_modules/next/dist/client/dev/hot-reloader/app/hot-reloader-app.js:196
[   63551ms] [LOG] [Fast Refresh] done in 27ms @ webpack-internal:///(app-pages-browser)/./node_modules/next/dist/client/dev/report-hmr-latency.js:13
[   63844ms] [LOG] [Fast Refresh] rebuilding @ webpack-internal:///(app-pages-browser)/./node_modules/next/dist/client/dev/hot-reloader/app/hot-reloader-app.js:196
[   63867ms] [LOG] [Fast Refresh] done in 23ms @ webpack-internal:///(app-pages-browser)/./node_modules/next/dist/client/dev/report-hmr-latency.js:13
[   64083ms] [LOG] [Fast Refresh] rebuilding @ webpack-internal:///(app-pages-browser)/./node_modules/next/dist/client/dev/hot-reloader/app/hot-reloader-app.js:196
[   64200ms] [LOG] [Fast Refresh] done in 117ms @ webpack-internal:///(app-pages-browser)/./node_modules/next/dist/client/dev/report-hmr-latency.js:13
[   64453ms] [LOG] [Fast Refresh] rebuilding @ webpack-internal:///(app-pages-browser)/./node_modules/next/dist/client/dev/hot-reloader/app/hot-reloader-app.js:196
[   64506ms] [LOG] [Fast Refresh] done in 52ms @ webpack-internal:///(app-pages-browser)/./node_modules/next/dist/client/dev/report-hmr-latency.js:13
[   64826ms] [LOG] [Fast Refresh] rebuilding @ webpack-internal:///(app-pages-browser)/./node_modules/next/dist/client/dev/hot-reloader/app/hot-reloader-app.js:196
[   64852ms] [LOG] [Fast Refresh] done in 25ms @ webpack-internal:///(app-pages-browser)/./node_modules/next/dist/client/dev/report-hmr-latency.js:13
[   65128ms] [LOG] [Fast Refresh] rebuilding @ webpack-internal:///(app-pages-browser)/./node_modules/next/dist/client/dev/hot-reloader/app/hot-reloader-app.js:196
[   65174ms] [LOG] [Fast Refresh] done in 46ms @ webpack-internal:///(app-pages-browser)/./node_modules/next/dist/client/dev/report-hmr-latency.js:13
[   65383ms] [ERROR] Failed to load resource: the server responded with a status of 500 (Internal Server Error) @ http://localhost:3001/?_rsc=fsnpp:0
[   65416ms] [LOG] [Fast Refresh] rebuilding @ webpack-internal:///(app-pages-browser)/./node_modules/next/dist/client/dev/hot-reloader/app/hot-reloader-app.js:196
[   65516ms] [LOG] [Fast Refresh] done in 100ms @ webpack-internal:///(app-pages-browser)/./node_modules/next/dist/client/dev/report-hmr-latency.js:13
[   66593ms] [LOG] [Fast Refresh] rebuilding @ webpack-internal:///(app-pages-browser)/./node_modules/next/dist/client/dev/hot-reloader/app/hot-reloader-app.js:196
[   66703ms] [LOG] [Fast Refresh] done in 110ms @ webpack-internal:///(app-pages-browser)/./node_modules/next/dist/client/dev/report-hmr-latency.js:13
[   66912ms] [ERROR] Failed to load resource: the server responded with a status of 500 (Internal Server Error) @ http://localhost:3001/?_rsc=fsnpp:0
[   67094ms] [LOG] [Fast Refresh] rebuilding @ webpack-internal:///(app-pages-browser)/./node_modules/next/dist/client/dev/hot-reloader/app/hot-reloader-app.js:196
[   67199ms] [LOG] [Fast Refresh] done in 104ms @ webpack-internal:///(app-pages-browser)/./node_modules/next/dist/client/dev/report-hmr-latency.js:13
[   67431ms] [LOG] [Fast Refresh] rebuilding @ webpack-internal:///(app-pages-browser)/./node_modules/next/dist/client/dev/hot-reloader/app/hot-reloader-app.js:196
[   67458ms] [LOG] [Fast Refresh] done in 28ms @ webpack-internal:///(app-pages-browser)/./node_modules/next/dist/client/dev/report-hmr-latency.js:13
[   68231ms] [LOG] [Fast Refresh] rebuilding @ webpack-internal:///(app-pages-browser)/./node_modules/next/dist/client/dev/hot-reloader/app/hot-reloader-app.js:196
[   68535ms] [LOG] [Fast Refresh] done in 305ms @ webpack-internal:///(app-pages-browser)/./node_modules/next/dist/client/dev/report-hmr-latency.js:13
[   68645ms] [LOG] [Fast Refresh] rebuilding @ webpack-internal:///(app-pages-browser)/./node_modules/next/dist/client/dev/hot-reloader/app/hot-reloader-app.js:196
[   68751ms] [LOG] [Fast Refresh] done in 106ms @ webpack-internal:///(app-pages-browser)/./node_modules/next/dist/client/dev/report-hmr-latency.js:13
[   69051ms] [LOG] [Fast Refresh] rebuilding @ webpack-internal:///(app-pages-browser)/./node_modules/next/dist/client/dev/hot-reloader/app/hot-reloader-app.js:196
[   69094ms] [LOG] [Fast Refresh] done in 43ms @ webpack-internal:///(app-pages-browser)/./node_modules/next/dist/client/dev/report-hmr-latency.js:13
[   69276ms] [LOG] [Fast Refresh] rebuilding @ webpack-internal:///(app-pages-browser)/./node_modules/next/dist/client/dev/hot-reloader/app/hot-reloader-app.js:196
[   69303ms] [LOG] [Fast Refresh] done in 27ms @ webpack-internal:///(app-pages-browser)/./node_modules/next/dist/client/dev/report-hmr-latency.js:13
[   69605ms] [LOG] [Fast Refresh] rebuilding @ webpack-internal:///(app-pages-browser)/./node_modules/next/dist/client/dev/hot-reloader/app/hot-reloader-app.js:196
[   69632ms] [LOG] [Fast Refresh] done in 26ms @ webpack-internal:///(app-pages-browser)/./node_modules/next/dist/client/dev/report-hmr-latency.js:13
[   69892ms] [LOG] [Fast Refresh] rebuilding @ webpack-internal:///(app-pages-browser)/./node_modules/next/dist/client/dev/hot-reloader/app/hot-reloader-app.js:196
[   69933ms] [LOG] [Fast Refresh] done in 42ms @ webpack-internal:///(app-pages-browser)/./node_modules/next/dist/client/dev/report-hmr-latency.js:13
[   70103ms] [LOG] [Fast Refresh] rebuilding @ webpack-internal:///(app-pages-browser)/./node_modules/next/dist/client/dev/hot-reloader/app/hot-reloader-app.js:196
[   70127ms] [ERROR] Failed to load resource: the server responded with a status of 500 (Internal Server Error) @ http://localhost:3001/?_rsc=fsnpp:0
[   70150ms] [LOG] [Fast Refresh] done in 48ms @ webpack-internal:///(app-pages-browser)/./node_modules/next/dist/client/dev/report-hmr-latency.js:13
[   70417ms] [LOG] [Fast Refresh] rebuilding @ webpack-internal:///(app-pages-browser)/./node_modules/next/dist/client/dev/hot-reloader/app/hot-reloader-app.js:196
[   70436ms] [LOG] [Fast Refresh] done in 18ms @ webpack-internal:///(app-pages-browser)/./node_modules/next/dist/client/dev/report-hmr-latency.js:13
[   70607ms] [LOG] [Fast Refresh] rebuilding @ webpack-internal:///(app-pages-browser)/./node_modules/next/dist/client/dev/hot-reloader/app/hot-reloader-app.js:196
[   70626ms] [LOG] [Fast Refresh] done in 20ms @ webpack-internal:///(app-pages-browser)/./node_modules/next/dist/client/dev/report-hmr-latency.js:13
[   70824ms] [LOG] [Fast Refresh] rebuilding @ webpack-internal:///(app-pages-browser)/./node_modules/next/dist/client/dev/hot-reloader/app/hot-reloader-app.js:196
[   70844ms] [LOG] [Fast Refresh] done in 21ms @ webpack-internal:///(app-pages-browser)/./node_modules/next/dist/client/dev/report-hmr-latency.js:13
[   70980ms] [LOG] [Fast Refresh] rebuilding @ webpack-internal:///(app-pages-browser)/./node_modules/next/dist/client/dev/hot-reloader/app/hot-reloader-app.js:196
[   71046ms] [LOG] [Fast Refresh] done in 66ms @ webpack-internal:///(app-pages-browser)/./node_modules/next/dist/client/dev/report-hmr-latency.js:13
[   71182ms] [LOG] [Fast Refresh] rebuilding @ webpack-internal:///(app-pages-browser)/./node_modules/next/dist/client/dev/hot-reloader/app/hot-reloader-app.js:196
[   71207ms] [LOG] [Fast Refresh] done in 25ms @ webpack-internal:///(app-pages-browser)/./node_modules/next/dist/client/dev/report-hmr-latency.js:13
[   71390ms] [LOG] [Fast Refresh] rebuilding @ webpack-internal:///(app-pages-browser)/./node_modules/next/dist/client/dev/hot-reloader/app/hot-reloader-app.js:196
[   71405ms] [LOG] [Fast Refresh] done in 16ms @ webpack-internal:///(app-pages-browser)/./node_modules/next/dist/client/dev/report-hmr-latency.js:13
[   71557ms] [LOG] [Fast Refresh] rebuilding @ webpack-internal:///(app-pages-browser)/./node_modules/next/dist/client/dev/hot-reloader/app/hot-reloader-app.js:196
[   71572ms] [LOG] [Fast Refresh] done in 15ms @ webpack-internal:///(app-pages-browser)/./node_modules/next/dist/client/dev/report-hmr-latency.js:13
[   71698ms] [LOG] [Fast Refresh] rebuilding @ webpack-internal:///(app-pages-browser)/./node_modules/next/dist/client/dev/hot-reloader/app/hot-reloader-app.js:196
[   71711ms] [LOG] [Fast Refresh] done in 13ms @ webpack-internal:///(app-pages-browser)/./node_modules/next/dist/client/dev/report-hmr-latency.js:13
[   71846ms] [LOG] [Fast Refresh] rebuilding @ webpack-internal:///(app-pages-browser)/./node_modules/next/dist/client/dev/hot-reloader/app/hot-reloader-app.js:196
[   71872ms] [LOG] [Fast Refresh] done in 26ms @ webpack-internal:///(app-pages-browser)/./node_modules/next/dist/client/dev/report-hmr-latency.js:13
[   72017ms] [LOG] [Fast Refresh] rebuilding @ webpack-internal:///(app-pages-browser)/./node_modules/next/dist/client/dev/hot-reloader/app/hot-reloader-app.js:196
[   72028ms] [LOG] [Fast Refresh] done in 11ms @ webpack-internal:///(app-pages-browser)/./node_modules/next/dist/client/dev/report-hmr-latency.js:13
[   72121ms] [LOG] [Fast Refresh] rebuilding @ webpack-internal:///(app-pages-browser)/./node_modules/next/dist/client/dev/hot-reloader/app/hot-reloader-app.js:196
[   72140ms] [LOG] [Fast Refresh] done in 18ms @ webpack-internal:///(app-pages-browser)/./node_modules/next/dist/client/dev/report-hmr-latency.js:13
[   72321ms] [LOG] [Fast Refresh] rebuilding @ webpack-internal:///(app-pages-browser)/./node_modules/next/dist/client/dev/hot-reloader/app/hot-reloader-app.js:196
[   72345ms] [LOG] [Fast Refresh] done in 25ms @ webpack-internal:///(app-pages-browser)/./node_modules/next/dist/client/dev/report-hmr-latency.js:13
[   72539ms] [LOG] [Fast Refresh] rebuilding @ webpack-internal:///(app-pages-browser)/./node_modules/next/dist/client/dev/hot-reloader/app/hot-reloader-app.js:196
[   72569ms] [LOG] [Fast Refresh] done in 31ms @ webpack-internal:///(app-pages-browser)/./node_modules/next/dist/client/dev/report-hmr-latency.js:13
[   72676ms] [LOG] [Fast Refresh] rebuilding @ webpack-internal:///(app-pages-browser)/./node_modules/next/dist/client/dev/hot-reloader/app/hot-reloader-app.js:196
[   72696ms] [LOG] [Fast Refresh] done in 21ms @ webpack-internal:///(app-pages-browser)/./node_modules/next/dist/client/dev/report-hmr-latency.js:13
[   72778ms] [ERROR] Failed to load resource: the server responded with a status of 500 (Internal Server Error) @ http://localhost:3001/?_rsc=fsnpp:0
[   72858ms] [LOG] [Fast Refresh] rebuilding @ webpack-internal:///(app-pages-browser)/./node_modules/next/dist/client/dev/hot-reloader/app/hot-reloader-app.js:196
[   72935ms] [LOG] [Fast Refresh] done in 77ms @ webpack-internal:///(app-pages-browser)/./node_modules/next/dist/client/dev/report-hmr-latency.js:13
[   73071ms] [LOG] [Fast Refresh] rebuilding @ webpack-internal:///(app-pages-browser)/./node_modules/next/dist/client/dev/hot-reloader/app/hot-reloader-app.js:196
[   73105ms] [LOG] [Fast Refresh] done in 33ms @ webpack-internal:///(app-pages-browser)/./node_modules/next/dist/client/dev/report-hmr-latency.js:13
[   73503ms] [LOG] [Fast Refresh] rebuilding @ webpack-internal:///(app-pages-browser)/./node_modules/next/dist/client/dev/hot-reloader/app/hot-reloader-app.js:196
[   73907ms] [LOG] [Fast Refresh] done in 404ms @ webpack-internal:///(app-pages-browser)/./node_modules/next/dist/client/dev/report-hmr-latency.js:13
[   74064ms] [LOG] [Fast Refresh] rebuilding @ webpack-internal:///(app-pages-browser)/./node_modules/next/dist/client/dev/hot-reloader/app/hot-reloader-app.js:196
[   74092ms] [LOG] [Fast Refresh] done in 29ms @ webpack-internal:///(app-pages-browser)/./node_modules/next/dist/client/dev/report-hmr-latency.js:13
[   74317ms] [LOG] [Fast Refresh] rebuilding @ webpack-internal:///(app-pages-browser)/./node_modules/next/dist/client/dev/hot-reloader/app/hot-reloader-app.js:196
[   74347ms] [LOG] [Fast Refresh] done in 30ms @ webpack-internal:///(app-pages-browser)/./node_modules/next/dist/client/dev/report-hmr-latency.js:13
[   74585ms] [LOG] [Fast Refresh] rebuilding @ webpack-internal:///(app-pages-browser)/./node_modules/next/dist/client/dev/hot-reloader/app/hot-reloader-app.js:196
[   74672ms] [LOG] [Fast Refresh] done in 88ms @ webpack-internal:///(app-pages-browser)/./node_modules/next/dist/client/dev/report-hmr-latency.js:13
[   75255ms] [LOG] [Fast Refresh] rebuilding @ webpack-internal:///(app-pages-browser)/./node_modules/next/dist/client/dev/hot-reloader/app/hot-reloader-app.js:196
[   76527ms] [LOG] [Fast Refresh] done in 1272ms @ webpack-internal:///(app-pages-browser)/./node_modules/next/dist/client/dev/report-hmr-latency.js:13
[   76542ms] [LOG] [Fast Refresh] rebuilding @ webpack-internal:///(app-pages-browser)/./node_modules/next/dist/client/dev/hot-reloader/app/hot-reloader-app.js:196
[   76612ms] [LOG] [Fast Refresh] done in 70ms @ webpack-internal:///(app-pages-browser)/./node_modules/next/dist/client/dev/report-hmr-latency.js:13
[   76752ms] [LOG] [Fast Refresh] rebuilding @ webpack-internal:///(app-pages-browser)/./node_modules/next/dist/client/dev/hot-reloader/app/hot-reloader-app.js:196
[   76774ms] [LOG] [Fast Refresh] done in 22ms @ webpack-internal:///(app-pages-browser)/./node_modules/next/dist/client/dev/report-hmr-latency.js:13
[   76978ms] [LOG] [Fast Refresh] rebuilding @ webpack-internal:///(app-pages-browser)/./node_modules/next/dist/client/dev/hot-reloader/app/hot-reloader-app.js:196
[   77000ms] [LOG] [Fast Refresh] done in 21ms @ webpack-internal:///(app-pages-browser)/./node_modules/next/dist/client/dev/report-hmr-latency.js:13
[   77193ms] [LOG] [Fast Refresh] rebuilding @ webpack-internal:///(app-pages-browser)/./node_modules/next/dist/client/dev/hot-reloader/app/hot-reloader-app.js:196
[   77216ms] [LOG] [Fast Refresh] done in 24ms @ webpack-internal:///(app-pages-browser)/./node_modules/next/dist/client/dev/report-hmr-latency.js:13
[   77477ms] [LOG] [Fast Refresh] rebuilding @ webpack-internal:///(app-pages-browser)/./node_modules/next/dist/client/dev/hot-reloader/app/hot-reloader-app.js:196
[   77501ms] [LOG] [Fast Refresh] done in 24ms @ webpack-internal:///(app-pages-browser)/./node_modules/next/dist/client/dev/report-hmr-latency.js:13
[   77750ms] [LOG] [Fast Refresh] rebuilding @ webpack-internal:///(app-pages-browser)/./node_modules/next/dist/client/dev/hot-reloader/app/hot-reloader-app.js:196
[   77867ms] [LOG] [Fast Refresh] done in 118ms @ webpack-internal:///(app-pages-browser)/./node_modules/next/dist/client/dev/report-hmr-latency.js:13
[   78107ms] [LOG] [Fast Refresh] rebuilding @ webpack-internal:///(app-pages-browser)/./node_modules/next/dist/client/dev/hot-reloader/app/hot-reloader-app.js:196
[   78155ms] [LOG] [Fast Refresh] done in 48ms @ webpack-internal:///(app-pages-browser)/./node_modules/next/dist/client/dev/report-hmr-latency.js:13
[   78466ms] [LOG] [Fast Refresh] rebuilding @ webpack-internal:///(app-pages-browser)/./node_modules/next/dist/client/dev/hot-reloader/app/hot-reloader-app.js:196
[   78509ms] [LOG] [Fast Refresh] done in 44ms @ webpack-internal:///(app-pages-browser)/./node_modules/next/dist/client/dev/report-hmr-latency.js:13
[   78669ms] [LOG] [Fast Refresh] rebuilding @ webpack-internal:///(app-pages-browser)/./node_modules/next/dist/client/dev/hot-reloader/app/hot-reloader-app.js:196
[   78691ms] [LOG] [Fast Refresh] done in 23ms @ webpack-internal:///(app-pages-browser)/./node_modules/next/dist/client/dev/report-hmr-latency.js:13
[   78902ms] [LOG] [Fast Refresh] rebuilding @ webpack-internal:///(app-pages-browser)/./node_modules/next/dist/client/dev/hot-reloader/app/hot-reloader-app.js:196
[   78919ms] [LOG] [Fast Refresh] done in 17ms @ webpack-internal:///(app-pages-browser)/./node_modules/next/dist/client/dev/report-hmr-latency.js:13
[   79083ms] [LOG] [Fast Refresh] rebuilding @ webpack-internal:///(app-pages-browser)/./node_modules/next/dist/client/dev/hot-reloader/app/hot-reloader-app.js:196
[   79102ms] [LOG] [Fast Refresh] done in 19ms @ webpack-internal:///(app-pages-browser)/./node_modules/next/dist/client/dev/report-hmr-latency.js:13
[   79277ms] [LOG] [Fast Refresh] rebuilding @ webpack-internal:///(app-pages-browser)/./node_modules/next/dist/client/dev/hot-reloader/app/hot-reloader-app.js:196
[   79295ms] [LOG] [Fast Refresh] done in 17ms @ webpack-internal:///(app-pages-browser)/./node_modules/next/dist/client/dev/report-hmr-latency.js:13
[   79488ms] [LOG] [Fast Refresh] rebuilding @ webpack-internal:///(app-pages-browser)/./node_modules/next/dist/client/dev/hot-reloader/app/hot-reloader-app.js:196
[   79518ms] [LOG] [Fast Refresh] done in 31ms @ webpack-internal:///(app-pages-browser)/./node_modules/next/dist/client/dev/report-hmr-latency.js:13
[   79646ms] [LOG] [Fast Refresh] rebuilding @ webpack-internal:///(app-pages-browser)/./node_modules/next/dist/client/dev/hot-reloader/app/hot-reloader-app.js:196
[   79662ms] [LOG] [Fast Refresh] done in 16ms @ webpack-internal:///(app-pages-browser)/./node_modules/next/dist/client/dev/report-hmr-latency.js:13
[   79737ms] [ERROR] Failed to load resource: the server responded with a status of 500 (Internal Server Error) @ http://localhost:3001/?_rsc=fsnpp:0
[   79825ms] [LOG] [Fast Refresh] rebuilding @ webpack-internal:///(app-pages-browser)/./node_modules/next/dist/client/dev/hot-reloader/app/hot-reloader-app.js:196
[   79886ms] [LOG] [Fast Refresh] done in 62ms @ webpack-internal:///(app-pages-browser)/./node_modules/next/dist/client/dev/report-hmr-latency.js:13
[   80016ms] [LOG] [Fast Refresh] rebuilding @ webpack-internal:///(app-pages-browser)/./node_modules/next/dist/client/dev/hot-reloader/app/hot-reloader-app.js:196
[   80040ms] [LOG] [Fast Refresh] done in 24ms @ webpack-internal:///(app-pages-browser)/./node_modules/next/dist/client/dev/report-hmr-latency.js:13
[   80249ms] [LOG] [Fast Refresh] rebuilding @ webpack-internal:///(app-pages-browser)/./node_modules/next/dist/client/dev/hot-reloader/app/hot-reloader-app.js:196
[   80267ms] [LOG] [Fast Refresh] done in 19ms @ webpack-internal:///(app-pages-browser)/./node_modules/next/dist/client/dev/report-hmr-latency.js:13
[   80545ms] [LOG] [Fast Refresh] rebuilding @ webpack-internal:///(app-pages-browser)/./node_modules/next/dist/client/dev/hot-reloader/app/hot-reloader-app.js:196
[   80564ms] [LOG] [Fast Refresh] done in 18ms @ webpack-internal:///(app-pages-browser)/./node_modules/next/dist/client/dev/report-hmr-latency.js:13
[   80715ms] [LOG] [Fast Refresh] rebuilding @ webpack-internal:///(app-pages-browser)/./node_modules/next/dist/client/dev/hot-reloader/app/hot-reloader-app.js:196
[   80788ms] [LOG] [Fast Refresh] done in 73ms @ webpack-internal:///(app-pages-browser)/./node_modules/next/dist/client/dev/report-hmr-latency.js:13
[   80915ms] [LOG] [Fast Refresh] rebuilding @ webpack-internal:///(app-pages-browser)/./node_modules/next/dist/client/dev/hot-reloader/app/hot-reloader-app.js:196
[   80950ms] [LOG] [Fast Refresh] done in 34ms @ webpack-internal:///(app-pages-browser)/./node_modules/next/dist/client/dev/report-hmr-latency.js:13
[   81118ms] [LOG] [Fast Refresh] rebuilding @ webpack-internal:///(app-pages-browser)/./node_modules/next/dist/client/dev/hot-reloader/app/hot-reloader-app.js:196
[   81142ms] [LOG] [Fast Refresh] done in 25ms @ webpack-internal:///(app-pages-browser)/./node_modules/next/dist/client/dev/report-hmr-latency.js:13
[   81307ms] [LOG] [Fast Refresh] rebuilding @ webpack-internal:///(app-pages-browser)/./node_modules/next/dist/client/dev/hot-reloader/app/hot-reloader-app.js:196
[   81323ms] [LOG] [Fast Refresh] done in 15ms @ webpack-internal:///(app-pages-browser)/./node_modules/next/dist/client/dev/report-hmr-latency.js:13
[   81498ms] [LOG] [Fast Refresh] rebuilding @ webpack-internal:///(app-pages-browser)/./node_modules/next/dist/client/dev/hot-reloader/app/hot-reloader-app.js:196
[   81519ms] [LOG] [Fast Refresh] done in 21ms @ webpack-internal:///(app-pages-browser)/./node_modules/next/dist/client/dev/report-hmr-latency.js:13
[   81694ms] [LOG] [Fast Refresh] rebuilding @ webpack-internal:///(app-pages-browser)/./node_modules/next/dist/client/dev/hot-reloader/app/hot-reloader-app.js:196
[   81711ms] [LOG] [Fast Refresh] done in 17ms @ webpack-internal:///(app-pages-browser)/./node_modules/next/dist/client/dev/report-hmr-latency.js:13
[   81866ms] [LOG] [Fast Refresh] rebuilding @ webpack-internal:///(app-pages-browser)/./node_modules/next/dist/client/dev/hot-reloader/app/hot-reloader-app.js:196
[   81941ms] [LOG] [Fast Refresh] done in 75ms @ webpack-internal:///(app-pages-browser)/./node_modules/next/dist/client/dev/report-hmr-latency.js:13
[   82069ms] [LOG] [Fast Refresh] rebuilding @ webpack-internal:///(app-pages-browser)/./node_modules/next/dist/client/dev/hot-reloader/app/hot-reloader-app.js:196
[   82104ms] [LOG] [Fast Refresh] done in 36ms @ webpack-internal:///(app-pages-browser)/./node_modules/next/dist/client/dev/report-hmr-latency.js:13
[   82219ms] [LOG] [Fast Refresh] rebuilding @ webpack-internal:///(app-pages-browser)/./node_modules/next/dist/client/dev/hot-reloader/app/hot-reloader-app.js:196
[   82233ms] [LOG] [Fast Refresh] done in 14ms @ webpack-internal:///(app-pages-browser)/./node_modules/next/dist/client/dev/report-hmr-latency.js:13
[   82401ms] [LOG] [Fast Refresh] rebuilding @ webpack-internal:///(app-pages-browser)/./node_modules/next/dist/client/dev/hot-reloader/app/hot-reloader-app.js:196
[   82417ms] [LOG] [Fast Refresh] done in 16ms @ webpack-internal:///(app-pages-browser)/./node_modules/next/dist/client/dev/report-hmr-latency.js:13
[   82549ms] [LOG] [Fast Refresh] rebuilding @ webpack-internal:///(app-pages-browser)/./node_modules/next/dist/client/dev/hot-reloader/app/hot-reloader-app.js:196
[   82630ms] [LOG] [Fast Refresh] done in 80ms @ webpack-internal:///(app-pages-browser)/./node_modules/next/dist/client/dev/report-hmr-latency.js:13
[   82721ms] [LOG] [Fast Refresh] rebuilding @ webpack-internal:///(app-pages-browser)/./node_modules/next/dist/client/dev/hot-reloader/app/hot-reloader-app.js:196
[   82747ms] [LOG] [Fast Refresh] done in 26ms @ webpack-internal:///(app-pages-browser)/./node_modules/next/dist/client/dev/report-hmr-latency.js:13
[   82875ms] [LOG] [Fast Refresh] rebuilding @ webpack-internal:///(app-pages-browser)/./node_modules/next/dist/client/dev/hot-reloader/app/hot-reloader-app.js:196
[   82906ms] [LOG] [Fast Refresh] done in 30ms @ webpack-internal:///(app-pages-browser)/./node_modules/next/dist/client/dev/report-hmr-latency.js:13
[   82997ms] [LOG] [Fast Refresh] rebuilding @ webpack-internal:///(app-pages-browser)/./node_modules/next/dist/client/dev/hot-reloader/app/hot-reloader-app.js:196
[   83026ms] [LOG] [Fast Refresh] done in 29ms @ webpack-internal:///(app-pages-browser)/./node_modules/next/dist/client/dev/report-hmr-latency.js:13
[   83170ms] [LOG] [Fast Refresh] rebuilding @ webpack-internal:///(app-pages-browser)/./node_modules/next/dist/client/dev/hot-reloader/app/hot-reloader-app.js:196
[   83192ms] [LOG] [Fast Refresh] done in 21ms @ webpack-internal:///(app-pages-browser)/./node_modules/next/dist/client/dev/report-hmr-latency.js:13
[   83336ms] [LOG] [Fast Refresh] rebuilding @ webpack-internal:///(app-pages-browser)/./node_modules/next/dist/client/dev/hot-reloader/app/hot-reloader-app.js:196
[   83366ms] [LOG] [Fast Refresh] done in 30ms @ webpack-internal:///(app-pages-browser)/./node_modules/next/dist/client/dev/report-hmr-latency.js:13
[   83535ms] [LOG] [Fast Refresh] rebuilding @ webpack-internal:///(app-pages-browser)/./node_modules/next/dist/client/dev/hot-reloader/app/hot-reloader-app.js:196
[   83590ms] [ERROR] Failed to load resource: the server responded with a status of 500 (Internal Server Error) @ http://localhost:3001/?_rsc=fsnpp:0
[   83601ms] [LOG] [Fast Refresh] done in 67ms @ webpack-internal:///(app-pages-browser)/./node_modules/next/dist/client/dev/report-hmr-latency.js:13
[   83791ms] [LOG] [Fast Refresh] rebuilding @ webpack-internal:///(app-pages-browser)/./node_modules/next/dist/client/dev/hot-reloader/app/hot-reloader-app.js:196
[   83820ms] [LOG] [Fast Refresh] done in 29ms @ webpack-internal:///(app-pages-browser)/./node_modules/next/dist/client/dev/report-hmr-latency.js:13
[   83936ms] [LOG] [Fast Refresh] rebuilding @ webpack-internal:///(app-pages-browser)/./node_modules/next/dist/client/dev/hot-reloader/app/hot-reloader-app.js:196
[   83965ms] [LOG] [Fast Refresh] done in 28ms @ webpack-internal:///(app-pages-browser)/./node_modules/next/dist/client/dev/report-hmr-latency.js:13
[   84099ms] [LOG] [Fast Refresh] rebuilding @ webpack-internal:///(app-pages-browser)/./node_modules/next/dist/client/dev/hot-reloader/app/hot-reloader-app.js:196
[   84115ms] [LOG] [Fast Refresh] done in 16ms @ webpack-internal:///(app-pages-browser)/./node_modules/next/dist/client/dev/report-hmr-latency.js:13
[   84289ms] [LOG] [Fast Refresh] rebuilding @ webpack-internal:///(app-pages-browser)/./node_modules/next/dist/client/dev/hot-reloader/app/hot-reloader-app.js:196
[   84329ms] [LOG] [Fast Refresh] done in 39ms @ webpack-internal:///(app-pages-browser)/./node_modules/next/dist/client/dev/report-hmr-latency.js:13
[   84637ms] [LOG] [Fast Refresh] rebuilding @ webpack-internal:///(app-pages-browser)/./node_modules/next/dist/client/dev/hot-reloader/app/hot-reloader-app.js:196
[   84789ms] [LOG] [Fast Refresh] done in 151ms @ webpack-internal:///(app-pages-browser)/./node_modules/next/dist/client/dev/report-hmr-latency.js:13
[   85052ms] [LOG] [Fast Refresh] rebuilding @ webpack-internal:///(app-pages-browser)/./node_modules/next/dist/client/dev/hot-reloader/app/hot-reloader-app.js:196
[   85373ms] [LOG] [Fast Refresh] done in 320ms @ webpack-internal:///(app-pages-browser)/./node_modules/next/dist/client/dev/report-hmr-latency.js:13
[   85388ms] [LOG] [Fast Refresh] rebuilding @ webpack-internal:///(app-pages-browser)/./node_modules/next/dist/client/dev/hot-reloader/app/hot-reloader-app.js:196
[   85462ms] [LOG] [Fast Refresh] done in 74ms @ webpack-internal:///(app-pages-browser)/./node_modules/next/dist/client/dev/report-hmr-latency.js:13
[   85594ms] [LOG] [Fast Refresh] rebuilding @ webpack-internal:///(app-pages-browser)/./node_modules/next/dist/client/dev/hot-reloader/app/hot-reloader-app.js:196
[   85613ms] [LOG] [Fast Refresh] done in 20ms @ webpack-internal:///(app-pages-browser)/./node_modules/next/dist/client/dev/report-hmr-latency.js:13
[   85789ms] [LOG] [Fast Refresh] rebuilding @ webpack-internal:///(app-pages-browser)/./node_modules/next/dist/client/dev/hot-reloader/app/hot-reloader-app.js:196
[   85806ms] [LOG] [Fast Refresh] done in 18ms @ webpack-internal:///(app-pages-browser)/./node_modules/next/dist/client/dev/report-hmr-latency.js:13
[   85978ms] [LOG] [Fast Refresh] rebuilding @ webpack-internal:///(app-pages-browser)/./node_modules/next/dist/client/dev/hot-reloader/app/hot-reloader-app.js:196
[   85995ms] [LOG] [Fast Refresh] done in 18ms @ webpack-internal:///(app-pages-browser)/./node_modules/next/dist/client/dev/report-hmr-latency.js:13
[   86102ms] [LOG] [Fast Refresh] rebuilding @ webpack-internal:///(app-pages-browser)/./node_modules/next/dist/client/dev/hot-reloader/app/hot-reloader-app.js:196
[   86161ms] [LOG] [Fast Refresh] done in 59ms @ webpack-internal:///(app-pages-browser)/./node_modules/next/dist/client/dev/report-hmr-latency.js:13
[   86243ms] [LOG] [Fast Refresh] rebuilding @ webpack-internal:///(app-pages-browser)/./node_modules/next/dist/client/dev/hot-reloader/app/hot-reloader-app.js:196
[   86275ms] [LOG] [Fast Refresh] done in 31ms @ webpack-internal:///(app-pages-browser)/./node_modules/next/dist/client/dev/report-hmr-latency.js:13
[   86367ms] [LOG] [Fast Refresh] rebuilding @ webpack-internal:///(app-pages-browser)/./node_modules/next/dist/client/dev/hot-reloader/app/hot-reloader-app.js:196
[   86380ms] [LOG] [Fast Refresh] done in 13ms @ webpack-internal:///(app-pages-browser)/./node_modules/next/dist/client/dev/report-hmr-latency.js:13
[   86507ms] [LOG] [Fast Refresh] rebuilding @ webpack-internal:///(app-pages-browser)/./node_modules/next/dist/client/dev/hot-reloader/app/hot-reloader-app.js:196
[   86524ms] [LOG] [Fast Refresh] done in 16ms @ webpack-internal:///(app-pages-browser)/./node_modules/next/dist/client/dev/report-hmr-latency.js:13
[   86628ms] [LOG] [Fast Refresh] rebuilding @ webpack-internal:///(app-pages-browser)/./node_modules/next/dist/client/dev/hot-reloader/app/hot-reloader-app.js:196
[   86645ms] [LOG] [Fast Refresh] done in 17ms @ webpack-internal:///(app-pages-browser)/./node_modules/next/dist/client/dev/report-hmr-latency.js:13
[   86791ms] [LOG] [Fast Refresh] rebuilding @ webpack-internal:///(app-pages-browser)/./node_modules/next/dist/client/dev/hot-reloader/app/hot-reloader-app.js:196
[   86820ms] [LOG] [Fast Refresh] done in 29ms @ webpack-internal:///(app-pages-browser)/./node_modules/next/dist/client/dev/report-hmr-latency.js:13
[   87009ms] [LOG] [Fast Refresh] rebuilding @ webpack-internal:///(app-pages-browser)/./node_modules/next/dist/client/dev/hot-reloader/app/hot-reloader-app.js:196
[   87038ms] [LOG] [Fast Refresh] done in 29ms @ webpack-internal:///(app-pages-browser)/./node_modules/next/dist/client/dev/report-hmr-latency.js:13
[   87292ms] [LOG] [Fast Refresh] rebuilding @ webpack-internal:///(app-pages-browser)/./node_modules/next/dist/client/dev/hot-reloader/app/hot-reloader-app.js:196
[   87319ms] [LOG] [Fast Refresh] done in 26ms @ webpack-internal:///(app-pages-browser)/./node_modules/next/dist/client/dev/report-hmr-latency.js:13
[   87411ms] [LOG] [Fast Refresh] rebuilding @ webpack-internal:///(app-pages-browser)/./node_modules/next/dist/client/dev/hot-reloader/app/hot-reloader-app.js:196
[   87424ms] [LOG] [Fast Refresh] done in 14ms @ webpack-internal:///(app-pages-browser)/./node_modules/next/dist/client/dev/report-hmr-latency.js:13
[   87519ms] [ERROR] Failed to load resource: the server responded with a status of 500 (Internal Server Error) @ http://localhost:3001/?_rsc=fsnpp:0
[   87534ms] [LOG] [Fast Refresh] rebuilding @ webpack-internal:///(app-pages-browser)/./node_modules/next/dist/client/dev/hot-reloader/app/hot-reloader-app.js:196
[   87583ms] [LOG] [Fast Refresh] done in 48ms @ webpack-internal:///(app-pages-browser)/./node_modules/next/dist/client/dev/report-hmr-latency.js:13
[   87706ms] [LOG] [Fast Refresh] rebuilding @ webpack-internal:///(app-pages-browser)/./node_modules/next/dist/client/dev/hot-reloader/app/hot-reloader-app.js:196
[   87735ms] [LOG] [Fast Refresh] done in 28ms @ webpack-internal:///(app-pages-browser)/./node_modules/next/dist/client/dev/report-hmr-latency.js:13
[   87878ms] [LOG] [Fast Refresh] rebuilding @ webpack-internal:///(app-pages-browser)/./node_modules/next/dist/client/dev/hot-reloader/app/hot-reloader-app.js:196
[   87897ms] [LOG] [Fast Refresh] done in 19ms @ webpack-internal:///(app-pages-browser)/./node_modules/next/dist/client/dev/report-hmr-latency.js:13
[   88046ms] [LOG] [Fast Refresh] rebuilding @ webpack-internal:///(app-pages-browser)/./node_modules/next/dist/client/dev/hot-reloader/app/hot-reloader-app.js:196
[   88077ms] [LOG] [Fast Refresh] done in 31ms @ webpack-internal:///(app-pages-browser)/./node_modules/next/dist/client/dev/report-hmr-latency.js:13
[   88176ms] [LOG] [Fast Refresh] rebuilding @ webpack-internal:///(app-pages-browser)/./node_modules/next/dist/client/dev/hot-reloader/app/hot-reloader-app.js:196
[   88192ms] [LOG] [Fast Refresh] done in 17ms @ webpack-internal:///(app-pages-browser)/./node_modules/next/dist/client/dev/report-hmr-latency.js:13
[   88291ms] [ERROR] Failed to load resource: the server responded with a status of 500 (Internal Server Error) @ http://localhost:3001/?_rsc=fsnpp:0
[   88319ms] [LOG] [Fast Refresh] rebuilding @ webpack-internal:///(app-pages-browser)/./node_modules/next/dist/client/dev/hot-reloader/app/hot-reloader-app.js:196
[   88375ms] [LOG] [Fast Refresh] done in 56ms @ webpack-internal:///(app-pages-browser)/./node_modules/next/dist/client/dev/report-hmr-latency.js:13
[   88496ms] [LOG] [Fast Refresh] rebuilding @ webpack-internal:///(app-pages-browser)/./node_modules/next/dist/client/dev/hot-reloader/app/hot-reloader-app.js:196
[   88514ms] [LOG] [Fast Refresh] done in 18ms @ webpack-internal:///(app-pages-browser)/./node_modules/next/dist/client/dev/report-hmr-latency.js:13
[   88718ms] [LOG] [Fast Refresh] rebuilding @ webpack-internal:///(app-pages-browser)/./node_modules/next/dist/client/dev/hot-reloader/app/hot-reloader-app.js:196
[   88741ms] [LOG] [Fast Refresh] done in 22ms @ webpack-internal:///(app-pages-browser)/./node_modules/next/dist/client/dev/report-hmr-latency.js:13
[   88971ms] [LOG] [Fast Refresh] rebuilding @ webpack-internal:///(app-pages-browser)/./node_modules/next/dist/client/dev/hot-reloader/app/hot-reloader-app.js:196
[   88991ms] [LOG] [Fast Refresh] done in 19ms @ webpack-internal:///(app-pages-browser)/./node_modules/next/dist/client/dev/report-hmr-latency.js:13
[   89196ms] [LOG] [Fast Refresh] rebuilding @ webpack-internal:///(app-pages-browser)/./node_modules/next/dist/client/dev/hot-reloader/app/hot-reloader-app.js:196
[   89218ms] [LOG] [Fast Refresh] done in 22ms @ webpack-internal:///(app-pages-browser)/./node_modules/next/dist/client/dev/report-hmr-latency.js:13
[   89414ms] [LOG] [Fast Refresh] rebuilding @ webpack-internal:///(app-pages-browser)/./node_modules/next/dist/client/dev/hot-reloader/app/hot-reloader-app.js:196
[   89431ms] [LOG] [Fast Refresh] done in 18ms @ webpack-internal:///(app-pages-browser)/./node_modules/next/dist/client/dev/report-hmr-latency.js:13
[   89594ms] [LOG] [Fast Refresh] rebuilding @ webpack-internal:///(app-pages-browser)/./node_modules/next/dist/client/dev/hot-reloader/app/hot-reloader-app.js:196
[   89610ms] [LOG] [Fast Refresh] done in 17ms @ webpack-internal:///(app-pages-browser)/./node_modules/next/dist/client/dev/report-hmr-latency.js:13
[   89854ms] [LOG] [Fast Refresh] rebuilding @ webpack-internal:///(app-pages-browser)/./node_modules/next/dist/client/dev/hot-reloader/app/hot-reloader-app.js:196
[   89872ms] [LOG] [Fast Refresh] done in 18ms @ webpack-internal:///(app-pages-browser)/./node_modules/next/dist/client/dev/report-hmr-latency.js:13
[   90062ms] [LOG] [Fast Refresh] rebuilding @ webpack-internal:///(app-pages-browser)/./node_modules/next/dist/client/dev/hot-reloader/app/hot-reloader-app.js:196
[   90086ms] [LOG] [Fast Refresh] done in 25ms @ webpack-internal:///(app-pages-browser)/./node_modules/next/dist/client/dev/report-hmr-latency.js:13
[   90385ms] [LOG] [Fast Refresh] rebuilding @ webpack-internal:///(app-pages-browser)/./node_modules/next/dist/client/dev/hot-reloader/app/hot-reloader-app.js:196
[   90403ms] [LOG] [Fast Refresh] done in 18ms @ webpack-internal:///(app-pages-browser)/./node_modules/next/dist/client/dev/report-hmr-latency.js:13
[   90646ms] [LOG] [Fast Refresh] rebuilding @ webpack-internal:///(app-pages-browser)/./node_modules/next/dist/client/dev/hot-reloader/app/hot-reloader-app.js:196
[   90668ms] [LOG] [Fast Refresh] done in 23ms @ webpack-internal:///(app-pages-browser)/./node_modules/next/dist/client/dev/report-hmr-latency.js:13
[   90854ms] [LOG] [Fast Refresh] rebuilding @ webpack-internal:///(app-pages-browser)/./node_modules/next/dist/client/dev/hot-reloader/app/hot-reloader-app.js:196
[   90938ms] [LOG] [Fast Refresh] done in 85ms @ webpack-internal:///(app-pages-browser)/./node_modules/next/dist/client/dev/report-hmr-latency.js:13
[   91097ms] [LOG] [Fast Refresh] rebuilding @ webpack-internal:///(app-pages-browser)/./node_modules/next/dist/client/dev/hot-reloader/app/hot-reloader-app.js:196
[   91119ms] [LOG] [Fast Refresh] done in 23ms @ webpack-internal:///(app-pages-browser)/./node_modules/next/dist/client/dev/report-hmr-latency.js:13
[   91363ms] [LOG] [Fast Refresh] rebuilding @ webpack-internal:///(app-pages-browser)/./node_modules/next/dist/client/dev/hot-reloader/app/hot-reloader-app.js:196
[   91380ms] [LOG] [Fast Refresh] done in 18ms @ webpack-internal:///(app-pages-browser)/./node_modules/next/dist/client/dev/report-hmr-latency.js:13
[   91627ms] [LOG] [Fast Refresh] rebuilding @ webpack-internal:///(app-pages-browser)/./node_modules/next/dist/client/dev/hot-reloader/app/hot-reloader-app.js:196
[   91646ms] [LOG] [Fast Refresh] done in 18ms @ webpack-internal:///(app-pages-browser)/./node_modules/next/dist/client/dev/report-hmr-latency.js:13
[   91888ms] [LOG] [Fast Refresh] rebuilding @ webpack-internal:///(app-pages-browser)/./node_modules/next/dist/client/dev/hot-reloader/app/hot-reloader-app.js:196
[   91907ms] [LOG] [Fast Refresh] done in 18ms @ webpack-internal:///(app-pages-browser)/./node_modules/next/dist/client/dev/report-hmr-latency.js:13
[   92082ms] [LOG] [Fast Refresh] rebuilding @ webpack-internal:///(app-pages-browser)/./node_modules/next/dist/client/dev/hot-reloader/app/hot-reloader-app.js:196
[   92145ms] [LOG] [Fast Refresh] done in 64ms @ webpack-internal:///(app-pages-browser)/./node_modules/next/dist/client/dev/report-hmr-latency.js:13
[   92299ms] [LOG] [Fast Refresh] rebuilding @ webpack-internal:///(app-pages-browser)/./node_modules/next/dist/client/dev/hot-reloader/app/hot-reloader-app.js:196
[   92316ms] [LOG] [Fast Refresh] done in 18ms @ webpack-internal:///(app-pages-browser)/./node_modules/next/dist/client/dev/report-hmr-latency.js:13
[   92543ms] [LOG] [Fast Refresh] rebuilding @ webpack-internal:///(app-pages-browser)/./node_modules/next/dist/client/dev/hot-reloader/app/hot-reloader-app.js:196
[   92558ms] [LOG] [Fast Refresh] done in 14ms @ webpack-internal:///(app-pages-browser)/./node_modules/next/dist/client/dev/report-hmr-latency.js:13
[   92781ms] [LOG] [Fast Refresh] rebuilding @ webpack-internal:///(app-pages-browser)/./node_modules/next/dist/client/dev/hot-reloader/app/hot-reloader-app.js:196
[   92796ms] [LOG] [Fast Refresh] done in 15ms @ webpack-internal:///(app-pages-browser)/./node_modules/next/dist/client/dev/report-hmr-latency.js:13
[   92960ms] [LOG] [Fast Refresh] rebuilding @ webpack-internal:///(app-pages-browser)/./node_modules/next/dist/client/dev/hot-reloader/app/hot-reloader-app.js:196
[   93027ms] [LOG] [Fast Refresh] done in 67ms @ webpack-internal:///(app-pages-browser)/./node_modules/next/dist/client/dev/report-hmr-latency.js:13
[   93186ms] [LOG] [Fast Refresh] rebuilding @ webpack-internal:///(app-pages-browser)/./node_modules/next/dist/client/dev/hot-reloader/app/hot-reloader-app.js:196
[   93204ms] [LOG] [Fast Refresh] done in 19ms @ webpack-internal:///(app-pages-browser)/./node_modules/next/dist/client/dev/report-hmr-latency.js:13
[   93420ms] [LOG] [Fast Refresh] rebuilding @ webpack-internal:///(app-pages-browser)/./node_modules/next/dist/client/dev/hot-reloader/app/hot-reloader-app.js:196
[   93442ms] [LOG] [Fast Refresh] done in 22ms @ webpack-internal:///(app-pages-browser)/./node_modules/next/dist/client/dev/report-hmr-latency.js:13
[   93669ms] [LOG] [Fast Refresh] rebuilding @ webpack-internal:///(app-pages-browser)/./node_modules/next/dist/client/dev/hot-reloader/app/hot-reloader-app.js:196
[   93686ms] [LOG] [Fast Refresh] done in 17ms @ webpack-internal:///(app-pages-browser)/./node_modules/next/dist/client/dev/report-hmr-latency.js:13
[   93860ms] [LOG] [Fast Refresh] rebuilding @ webpack-internal:///(app-pages-browser)/./node_modules/next/dist/client/dev/hot-reloader/app/hot-reloader-app.js:196
[   93927ms] [LOG] [Fast Refresh] done in 67ms @ webpack-internal:///(app-pages-browser)/./node_modules/next/dist/client/dev/report-hmr-latency.js:13
[   94101ms] [LOG] [Fast Refresh] rebuilding @ webpack-internal:///(app-pages-browser)/./node_modules/next/dist/client/dev/hot-reloader/app/hot-reloader-app.js:196
[   94133ms] [LOG] [Fast Refresh] done in 31ms @ webpack-internal:///(app-pages-browser)/./node_modules/next/dist/client/dev/report-hmr-latency.js:13
[   94422ms] [LOG] [Fast Refresh] rebuilding @ webpack-internal:///(app-pages-browser)/./node_modules/next/dist/client/dev/hot-reloader/app/hot-reloader-app.js:196
[   94442ms] [LOG] [Fast Refresh] done in 21ms @ webpack-internal:///(app-pages-browser)/./node_modules/next/dist/client/dev/report-hmr-latency.js:13
[   94622ms] [LOG] [Fast Refresh] rebuilding @ webpack-internal:///(app-pages-browser)/./node_modules/next/dist/client/dev/hot-reloader/app/hot-reloader-app.js:196
[   94642ms] [LOG] [Fast Refresh] done in 19ms @ webpack-internal:///(app-pages-browser)/./node_modules/next/dist/client/dev/report-hmr-latency.js:13
[   94890ms] [LOG] [Fast Refresh] rebuilding @ webpack-internal:///(app-pages-browser)/./node_modules/next/dist/client/dev/hot-reloader/app/hot-reloader-app.js:196
[   94918ms] [LOG] [Fast Refresh] done in 27ms @ webpack-internal:///(app-pages-browser)/./node_modules/next/dist/client/dev/report-hmr-latency.js:13
[   95142ms] [LOG] [Fast Refresh] rebuilding @ webpack-internal:///(app-pages-browser)/./node_modules/next/dist/client/dev/hot-reloader/app/hot-reloader-app.js:196
[   95178ms] [LOG] [Fast Refresh] done in 36ms @ webpack-internal:///(app-pages-browser)/./node_modules/next/dist/client/dev/report-hmr-latency.js:13
[   95333ms] [LOG] [Fast Refresh] rebuilding @ webpack-internal:///(app-pages-browser)/./node_modules/next/dist/client/dev/hot-reloader/app/hot-reloader-app.js:196
[   95371ms] [ERROR] Failed to load resource: the server responded with a status of 500 (Internal Server Error) @ http://localhost:3001/?_rsc=fsnpp:0
[   95373ms] [LOG] [Fast Refresh] done in 41ms @ webpack-internal:///(app-pages-browser)/./node_modules/next/dist/client/dev/report-hmr-latency.js:13
[   95589ms] [LOG] [Fast Refresh] rebuilding @ webpack-internal:///(app-pages-browser)/./node_modules/next/dist/client/dev/hot-reloader/app/hot-reloader-app.js:196
[   95607ms] [LOG] [Fast Refresh] done in 17ms @ webpack-internal:///(app-pages-browser)/./node_modules/next/dist/client/dev/report-hmr-latency.js:13
[   95827ms] [LOG] [Fast Refresh] rebuilding @ webpack-internal:///(app-pages-browser)/./node_modules/next/dist/client/dev/hot-reloader/app/hot-reloader-app.js:196
[   95844ms] [LOG] [Fast Refresh] done in 18ms @ webpack-internal:///(app-pages-browser)/./node_modules/next/dist/client/dev/report-hmr-latency.js:13
[   96050ms] [LOG] [Fast Refresh] rebuilding @ webpack-internal:///(app-pages-browser)/./node_modules/next/dist/client/dev/hot-reloader/app/hot-reloader-app.js:196
[   96087ms] [LOG] [Fast Refresh] done in 38ms @ webpack-internal:///(app-pages-browser)/./node_modules/next/dist/client/dev/report-hmr-latency.js:13
[   96234ms] [LOG] [Fast Refresh] rebuilding @ webpack-internal:///(app-pages-browser)/./node_modules/next/dist/client/dev/hot-reloader/app/hot-reloader-app.js:196
[   96251ms] [LOG] [Fast Refresh] done in 16ms @ webpack-internal:///(app-pages-browser)/./node_modules/next/dist/client/dev/report-hmr-latency.js:13
[   96338ms] [ERROR] Failed to load resource: the server responded with a status of 500 (Internal Server Error) @ http://localhost:3001/?_rsc=fsnpp:0
[   96426ms] [LOG] [Fast Refresh] rebuilding @ webpack-internal:///(app-pages-browser)/./node_modules/next/dist/client/dev/hot-reloader/app/hot-reloader-app.js:196
[   96524ms] [LOG] [Fast Refresh] done in 97ms @ webpack-internal:///(app-pages-browser)/./node_modules/next/dist/client/dev/report-hmr-latency.js:13
[   96747ms] [LOG] [Fast Refresh] rebuilding @ webpack-internal:///(app-pages-browser)/./node_modules/next/dist/client/dev/hot-reloader/app/hot-reloader-app.js:196
[   96791ms] [LOG] [Fast Refresh] done in 43ms @ webpack-internal:///(app-pages-browser)/./node_modules/next/dist/client/dev/report-hmr-latency.js:13
[   97311ms] [LOG] [Fast Refresh] rebuilding @ webpack-internal:///(app-pages-browser)/./node_modules/next/dist/client/dev/hot-reloader/app/hot-reloader-app.js:196
[   97342ms] [LOG] [Fast Refresh] done in 30ms @ webpack-internal:///(app-pages-browser)/./node_modules/next/dist/client/dev/report-hmr-latency.js:13
[   97571ms] [LOG] [Fast Refresh] rebuilding @ webpack-internal:///(app-pages-browser)/./node_modules/next/dist/client/dev/hot-reloader/app/hot-reloader-app.js:196
[   97615ms] [LOG] [Fast Refresh] done in 43ms @ webpack-internal:///(app-pages-browser)/./node_modules/next/dist/client/dev/report-hmr-latency.js:13
[   98163ms] [LOG] [Fast Refresh] rebuilding @ webpack-internal:///(app-pages-browser)/./node_modules/next/dist/client/dev/hot-reloader/app/hot-reloader-app.js:196
[   98308ms] [LOG] [Fast Refresh] done in 144ms @ webpack-internal:///(app-pages-browser)/./node_modules/next/dist/client/dev/report-hmr-latency.js:13
[   98786ms] [LOG] [Fast Refresh] rebuilding @ webpack-internal:///(app-pages-browser)/./node_modules/next/dist/client/dev/hot-reloader/app/hot-reloader-app.js:196
[   98880ms] [LOG] [Fast Refresh] done in 95ms @ webpack-internal:///(app-pages-browser)/./node_modules/next/dist/client/dev/report-hmr-latency.js:13
[   99042ms] [LOG] [Fast Refresh] rebuilding @ webpack-internal:///(app-pages-browser)/./node_modules/next/dist/client/dev/hot-reloader/app/hot-reloader-app.js:196
[   99059ms] [LOG] [Fast Refresh] done in 17ms @ webpack-internal:///(app-pages-browser)/./node_modules/next/dist/client/dev/report-hmr-latency.js:13
[   99284ms] [LOG] [Fast Refresh] rebuilding @ webpack-internal:///(app-pages-browser)/./node_modules/next/dist/client/dev/hot-reloader/app/hot-reloader-app.js:196
[   99303ms] [LOG] [Fast Refresh] done in 18ms @ webpack-internal:///(app-pages-browser)/./node_modules/next/dist/client/dev/report-hmr-latency.js:13
[   99544ms] [LOG] [Fast Refresh] rebuilding @ webpack-internal:///(app-pages-browser)/./node_modules/next/dist/client/dev/hot-reloader/app/hot-reloader-app.js:196
[   99672ms] [LOG] [Fast Refresh] done in 128ms @ webpack-internal:///(app-pages-browser)/./node_modules/next/dist/client/dev/report-hmr-latency.js:13
[   99841ms] [LOG] [Fast Refresh] rebuilding @ webpack-internal:///(app-pages-browser)/./node_modules/next/dist/client/dev/hot-reloader/app/hot-reloader-app.js:196
[   99867ms] [LOG] [Fast Refresh] done in 25ms @ webpack-internal:///(app-pages-browser)/./node_modules/next/dist/client/dev/report-hmr-latency.js:13
[  100113ms] [LOG] [Fast Refresh] rebuilding @ webpack-internal:///(app-pages-browser)/./node_modules/next/dist/client/dev/hot-reloader/app/hot-reloader-app.js:196
[  100134ms] [LOG] [Fast Refresh] done in 21ms @ webpack-internal:///(app-pages-browser)/./node_modules/next/dist/client/dev/report-hmr-latency.js:13
[  100320ms] [LOG] [Fast Refresh] rebuilding @ webpack-internal:///(app-pages-browser)/./node_modules/next/dist/client/dev/hot-reloader/app/hot-reloader-app.js:196
[  100338ms] [LOG] [Fast Refresh] done in 18ms @ webpack-internal:///(app-pages-browser)/./node_modules/next/dist/client/dev/report-hmr-latency.js:13
[  100598ms] [LOG] [Fast Refresh] rebuilding @ webpack-internal:///(app-pages-browser)/./node_modules/next/dist/client/dev/hot-reloader/app/hot-reloader-app.js:196
[  100620ms] [LOG] [Fast Refresh] done in 23ms @ webpack-internal:///(app-pages-browser)/./node_modules/next/dist/client/dev/report-hmr-latency.js:13
[  100911ms] [LOG] [Fast Refresh] rebuilding @ webpack-internal:///(app-pages-browser)/./node_modules/next/dist/client/dev/hot-reloader/app/hot-reloader-app.js:196
[  100929ms] [LOG] [Fast Refresh] done in 17ms @ webpack-internal:///(app-pages-browser)/./node_modules/next/dist/client/dev/report-hmr-latency.js:13
[  101103ms] [LOG] [Fast Refresh] rebuilding @ webpack-internal:///(app-pages-browser)/./node_modules/next/dist/client/dev/hot-reloader/app/hot-reloader-app.js:196
[  101128ms] [LOG] [Fast Refresh] done in 24ms @ webpack-internal:///(app-pages-browser)/./node_modules/next/dist/client/dev/report-hmr-latency.js:13
[  101323ms] [LOG] [Fast Refresh] rebuilding @ webpack-internal:///(app-pages-browser)/./node_modules/next/dist/client/dev/hot-reloader/app/hot-reloader-app.js:196
[  101343ms] [LOG] [Fast Refresh] done in 20ms @ webpack-internal:///(app-pages-browser)/./node_modules/next/dist/client/dev/report-hmr-latency.js:13
[  101508ms] [LOG] [Fast Refresh] rebuilding @ webpack-internal:///(app-pages-browser)/./node_modules/next/dist/client/dev/hot-reloader/app/hot-reloader-app.js:196
[  101525ms] [LOG] [Fast Refresh] done in 17ms @ webpack-internal:///(app-pages-browser)/./node_modules/next/dist/client/dev/report-hmr-latency.js:13
[  101697ms] [LOG] [Fast Refresh] rebuilding @ webpack-internal:///(app-pages-browser)/./node_modules/next/dist/client/dev/hot-reloader/app/hot-reloader-app.js:196
[  101719ms] [LOG] [Fast Refresh] done in 23ms @ webpack-internal:///(app-pages-browser)/./node_modules/next/dist/client/dev/report-hmr-latency.js:13
[  101894ms] [LOG] [Fast Refresh] rebuilding @ webpack-internal:///(app-pages-browser)/./node_modules/next/dist/client/dev/hot-reloader/app/hot-reloader-app.js:196
[  101913ms] [LOG] [Fast Refresh] done in 19ms @ webpack-internal:///(app-pages-browser)/./node_modules/next/dist/client/dev/report-hmr-latency.js:13
[  102234ms] [LOG] [Fast Refresh] rebuilding @ webpack-internal:///(app-pages-browser)/./node_modules/next/dist/client/dev/hot-reloader/app/hot-reloader-app.js:196
[  102257ms] [LOG] [Fast Refresh] done in 23ms @ webpack-internal:///(app-pages-browser)/./node_modules/next/dist/client/dev/report-hmr-latency.js:13
[  102712ms] [LOG] [Fast Refresh] done in 477ms @ webpack-internal:///(app-pages-browser)/./node_modules/next/dist/client/dev/report-hmr-latency.js:13
[  102714ms] [LOG] [Fast Refresh] rebuilding @ webpack-internal:///(app-pages-browser)/./node_modules/next/dist/client/dev/hot-reloader/app/hot-reloader-app.js:196
[  102882ms] [LOG] [Fast Refresh] done in 169ms @ webpack-internal:///(app-pages-browser)/./node_modules/next/dist/client/dev/report-hmr-latency.js:13
[  102884ms] [LOG] [Fast Refresh] rebuilding @ webpack-internal:///(app-pages-browser)/./node_modules/next/dist/client/dev/hot-reloader/app/hot-reloader-app.js:196
[  103014ms] [ERROR] Failed to load resource: the server responded with a status of 500 (Internal Server Error) @ http://localhost:3001/?_rsc=fsnpp:0
[  103119ms] [LOG] [Fast Refresh] rebuilding @ webpack-internal:///(app-pages-browser)/./node_modules/next/dist/client/dev/hot-reloader/app/hot-reloader-app.js:196
[  103263ms] [LOG] [Fast Refresh] done in 144ms @ webpack-internal:///(app-pages-browser)/./node_modules/next/dist/client/dev/report-hmr-latency.js:13
[  103378ms] [LOG] [Fast Refresh] rebuilding @ webpack-internal:///(app-pages-browser)/./node_modules/next/dist/client/dev/hot-reloader/app/hot-reloader-app.js:196
[  103403ms] [LOG] [Fast Refresh] done in 26ms @ webpack-internal:///(app-pages-browser)/./node_modules/next/dist/client/dev/report-hmr-latency.js:13
[  103548ms] [LOG] [Fast Refresh] rebuilding @ webpack-internal:///(app-pages-browser)/./node_modules/next/dist/client/dev/hot-reloader/app/hot-reloader-app.js:196
[  103580ms] [LOG] [Fast Refresh] done in 32ms @ webpack-internal:///(app-pages-browser)/./node_modules/next/dist/client/dev/report-hmr-latency.js:13
[  103715ms] [LOG] [Fast Refresh] rebuilding @ webpack-internal:///(app-pages-browser)/./node_modules/next/dist/client/dev/hot-reloader/app/hot-reloader-app.js:196
[  103733ms] [LOG] [Fast Refresh] done in 18ms @ webpack-internal:///(app-pages-browser)/./node_modules/next/dist/client/dev/report-hmr-latency.js:13
[  103887ms] [LOG] [Fast Refresh] rebuilding @ webpack-internal:///(app-pages-browser)/./node_modules/next/dist/client/dev/hot-reloader/app/hot-reloader-app.js:196
[  103910ms] [LOG] [Fast Refresh] done in 23ms @ webpack-internal:///(app-pages-browser)/./node_modules/next/dist/client/dev/report-hmr-latency.js:13
[  104059ms] [LOG] [Fast Refresh] rebuilding @ webpack-internal:///(app-pages-browser)/./node_modules/next/dist/client/dev/hot-reloader/app/hot-reloader-app.js:196
[  104077ms] [LOG] [Fast Refresh] done in 18ms @ webpack-internal:///(app-pages-browser)/./node_modules/next/dist/client/dev/report-hmr-latency.js:13
[  104221ms] [LOG] [Fast Refresh] rebuilding @ webpack-internal:///(app-pages-browser)/./node_modules/next/dist/client/dev/hot-reloader/app/hot-reloader-app.js:196
[  104252ms] [LOG] [Fast Refresh] done in 30ms @ webpack-internal:///(app-pages-browser)/./node_modules/next/dist/client/dev/report-hmr-latency.js:13
[  104388ms] [LOG] [Fast Refresh] rebuilding @ webpack-internal:///(app-pages-browser)/./node_modules/next/dist/client/dev/hot-reloader/app/hot-reloader-app.js:196
[  104404ms] [LOG] [Fast Refresh] done in 16ms @ webpack-internal:///(app-pages-browser)/./node_modules/next/dist/client/dev/report-hmr-latency.js:13
[  104515ms] [LOG] [Fast Refresh] rebuilding @ webpack-internal:///(app-pages-browser)/./node_modules/next/dist/client/dev/hot-reloader/app/hot-reloader-app.js:196
[  104577ms] [LOG] [Fast Refresh] done in 62ms @ webpack-internal:///(app-pages-browser)/./node_modules/next/dist/client/dev/report-hmr-latency.js:13
[  104682ms] [LOG] [Fast Refresh] rebuilding @ webpack-internal:///(app-pages-browser)/./node_modules/next/dist/client/dev/hot-reloader/app/hot-reloader-app.js:196
[  104701ms] [LOG] [Fast Refresh] done in 20ms @ webpack-internal:///(app-pages-browser)/./node_modules/next/dist/client/dev/report-hmr-latency.js:13
[  104852ms] [LOG] [Fast Refresh] rebuilding @ webpack-internal:///(app-pages-browser)/./node_modules/next/dist/client/dev/hot-reloader/app/hot-reloader-app.js:196
[  104869ms] [LOG] [Fast Refresh] done in 17ms @ webpack-internal:///(app-pages-browser)/./node_modules/next/dist/client/dev/report-hmr-latency.js:13
[  105032ms] [LOG] [Fast Refresh] rebuilding @ webpack-internal:///(app-pages-browser)/./node_modules/next/dist/client/dev/hot-reloader/app/hot-reloader-app.js:196
[  105059ms] [LOG] [Fast Refresh] done in 27ms @ webpack-internal:///(app-pages-browser)/./node_modules/next/dist/client/dev/report-hmr-latency.js:13
[  105212ms] [LOG] [Fast Refresh] rebuilding @ webpack-internal:///(app-pages-browser)/./node_modules/next/dist/client/dev/hot-reloader/app/hot-reloader-app.js:196
[  105228ms] [LOG] [Fast Refresh] done in 15ms @ webpack-internal:///(app-pages-browser)/./node_modules/next/dist/client/dev/report-hmr-latency.js:13
[  105379ms] [LOG] [Fast Refresh] rebuilding @ webpack-internal:///(app-pages-browser)/./node_modules/next/dist/client/dev/hot-reloader/app/hot-reloader-app.js:196
[  105396ms] [LOG] [Fast Refresh] done in 16ms @ webpack-internal:///(app-pages-browser)/./node_modules/next/dist/client/dev/report-hmr-latency.js:13
[  105558ms] [LOG] [Fast Refresh] rebuilding @ webpack-internal:///(app-pages-browser)/./node_modules/next/dist/client/dev/hot-reloader/app/hot-reloader-app.js:196
[  105579ms] [LOG] [Fast Refresh] done in 20ms @ webpack-internal:///(app-pages-browser)/./node_modules/next/dist/client/dev/report-hmr-latency.js:13
[  105744ms] [LOG] [Fast Refresh] rebuilding @ webpack-internal:///(app-pages-browser)/./node_modules/next/dist/client/dev/hot-reloader/app/hot-reloader-app.js:196
[  105795ms] [LOG] [Fast Refresh] done in 51ms @ webpack-internal:///(app-pages-browser)/./node_modules/next/dist/client/dev/report-hmr-latency.js:13
[  105936ms] [LOG] [Fast Refresh] rebuilding @ webpack-internal:///(app-pages-browser)/./node_modules/next/dist/client/dev/hot-reloader/app/hot-reloader-app.js:196
[  105959ms] [LOG] [Fast Refresh] done in 24ms @ webpack-internal:///(app-pages-browser)/./node_modules/next/dist/client/dev/report-hmr-latency.js:13
[  106123ms] [LOG] [Fast Refresh] rebuilding @ webpack-internal:///(app-pages-browser)/./node_modules/next/dist/client/dev/hot-reloader/app/hot-reloader-app.js:196
[  106137ms] [LOG] [Fast Refresh] done in 15ms @ webpack-internal:///(app-pages-browser)/./node_modules/next/dist/client/dev/report-hmr-latency.js:13
[  106260ms] [LOG] [Fast Refresh] rebuilding @ webpack-internal:///(app-pages-browser)/./node_modules/next/dist/client/dev/hot-reloader/app/hot-reloader-app.js:196
[  106290ms] [LOG] [Fast Refresh] done in 29ms @ webpack-internal:///(app-pages-browser)/./node_modules/next/dist/client/dev/report-hmr-latency.js:13
[  106445ms] [LOG] [Fast Refresh] rebuilding @ webpack-internal:///(app-pages-browser)/./node_modules/next/dist/client/dev/hot-reloader/app/hot-reloader-app.js:196
[  106459ms] [LOG] [Fast Refresh] done in 15ms @ webpack-internal:///(app-pages-browser)/./node_modules/next/dist/client/dev/report-hmr-latency.js:13
[  106636ms] [LOG] [Fast Refresh] rebuilding @ webpack-internal:///(app-pages-browser)/./node_modules/next/dist/client/dev/hot-reloader/app/hot-reloader-app.js:196
[  106664ms] [LOG] [Fast Refresh] done in 29ms @ webpack-internal:///(app-pages-browser)/./node_modules/next/dist/client/dev/report-hmr-latency.js:13
[  106834ms] [LOG] [Fast Refresh] rebuilding @ webpack-internal:///(app-pages-browser)/./node_modules/next/dist/client/dev/hot-reloader/app/hot-reloader-app.js:196
[  106850ms] [LOG] [Fast Refresh] done in 16ms @ webpack-internal:///(app-pages-browser)/./node_modules/next/dist/client/dev/report-hmr-latency.js:13
[  107046ms] [LOG] [Fast Refresh] rebuilding @ webpack-internal:///(app-pages-browser)/./node_modules/next/dist/client/dev/hot-reloader/app/hot-reloader-app.js:196
[  107069ms] [LOG] [Fast Refresh] done in 23ms @ webpack-internal:///(app-pages-browser)/./node_modules/next/dist/client/dev/report-hmr-latency.js:13
[  107208ms] [LOG] [Fast Refresh] rebuilding @ webpack-internal:///(app-pages-browser)/./node_modules/next/dist/client/dev/hot-reloader/app/hot-reloader-app.js:196
[  107291ms] [LOG] [Fast Refresh] done in 83ms @ webpack-internal:///(app-pages-browser)/./node_modules/next/dist/client/dev/report-hmr-latency.js:13
[  107549ms] [LOG] [Fast Refresh] rebuilding @ webpack-internal:///(app-pages-browser)/./node_modules/next/dist/client/dev/hot-reloader/app/hot-reloader-app.js:196
[  107640ms] [LOG] [Fast Refresh] done in 90ms @ webpack-internal:///(app-pages-browser)/./node_modules/next/dist/client/dev/report-hmr-latency.js:13
[  107789ms] [LOG] [Fast Refresh] rebuilding @ webpack-internal:///(app-pages-browser)/./node_modules/next/dist/client/dev/hot-reloader/app/hot-reloader-app.js:196
[  107859ms] [LOG] [Fast Refresh] done in 71ms @ webpack-internal:///(app-pages-browser)/./node_modules/next/dist/client/dev/report-hmr-latency.js:13
[  107960ms] [LOG] [Fast Refresh] rebuilding @ webpack-internal:///(app-pages-browser)/./node_modules/next/dist/client/dev/hot-reloader/app/hot-reloader-app.js:196
[  108001ms] [LOG] [Fast Refresh] done in 41ms @ webpack-internal:///(app-pages-browser)/./node_modules/next/dist/client/dev/report-hmr-latency.js:13
[  108137ms] [LOG] [Fast Refresh] rebuilding @ webpack-internal:///(app-pages-browser)/./node_modules/next/dist/client/dev/hot-reloader/app/hot-reloader-app.js:196
[  108163ms] [LOG] [Fast Refresh] done in 26ms @ webpack-internal:///(app-pages-browser)/./node_modules/next/dist/client/dev/report-hmr-latency.js:13
[  108264ms] [LOG] [Fast Refresh] rebuilding @ webpack-internal:///(app-pages-browser)/./node_modules/next/dist/client/dev/hot-reloader/app/hot-reloader-app.js:196
[  108327ms] [LOG] [Fast Refresh] done in 63ms @ webpack-internal:///(app-pages-browser)/./node_modules/next/dist/client/dev/report-hmr-latency.js:13
[  108419ms] [LOG] [Fast Refresh] rebuilding @ webpack-internal:///(app-pages-browser)/./node_modules/next/dist/client/dev/hot-reloader/app/hot-reloader-app.js:196
[  108449ms] [LOG] [Fast Refresh] done in 30ms @ webpack-internal:///(app-pages-browser)/./node_modules/next/dist/client/dev/report-hmr-latency.js:13
[  108632ms] [LOG] [Fast Refresh] rebuilding @ webpack-internal:///(app-pages-browser)/./node_modules/next/dist/client/dev/hot-reloader/app/hot-reloader-app.js:196
[  108653ms] [LOG] [Fast Refresh] done in 20ms @ webpack-internal:///(app-pages-browser)/./node_modules/next/dist/client/dev/report-hmr-latency.js:13
[  108825ms] [LOG] [Fast Refresh] rebuilding @ webpack-internal:///(app-pages-browser)/./node_modules/next/dist/client/dev/hot-reloader/app/hot-reloader-app.js:196
[  108847ms] [LOG] [Fast Refresh] done in 22ms @ webpack-internal:///(app-pages-browser)/./node_modules/next/dist/client/dev/report-hmr-latency.js:13
[  109189ms] [LOG] [Fast Refresh] rebuilding @ webpack-internal:///(app-pages-browser)/./node_modules/next/dist/client/dev/hot-reloader/app/hot-reloader-app.js:196
[  109226ms] [LOG] [Fast Refresh] done in 36ms @ webpack-internal:///(app-pages-browser)/./node_modules/next/dist/client/dev/report-hmr-latency.js:13
[  109388ms] [LOG] [Fast Refresh] rebuilding @ webpack-internal:///(app-pages-browser)/./node_modules/next/dist/client/dev/hot-reloader/app/hot-reloader-app.js:196
[  109464ms] [LOG] [Fast Refresh] done in 76ms @ webpack-internal:///(app-pages-browser)/./node_modules/next/dist/client/dev/report-hmr-latency.js:13
[  109584ms] [LOG] [Fast Refresh] rebuilding @ webpack-internal:///(app-pages-browser)/./node_modules/next/dist/client/dev/hot-reloader/app/hot-reloader-app.js:196
[  109688ms] [LOG] [Fast Refresh] done in 104ms @ webpack-internal:///(app-pages-browser)/./node_modules/next/dist/client/dev/report-hmr-latency.js:13
[  109820ms] [LOG] [Fast Refresh] rebuilding @ webpack-internal:///(app-pages-browser)/./node_modules/next/dist/client/dev/hot-reloader/app/hot-reloader-app.js:196
[  109866ms] [LOG] [Fast Refresh] done in 46ms @ webpack-internal:///(app-pages-browser)/./node_modules/next/dist/client/dev/report-hmr-latency.js:13
[  110012ms] [LOG] [Fast Refresh] rebuilding @ webpack-internal:///(app-pages-browser)/./node_modules/next/dist/client/dev/hot-reloader/app/hot-reloader-app.js:196
[  110032ms] [LOG] [Fast Refresh] done in 19ms @ webpack-internal:///(app-pages-browser)/./node_modules/next/dist/client/dev/report-hmr-latency.js:13
[  110193ms] [LOG] [Fast Refresh] rebuilding @ webpack-internal:///(app-pages-browser)/./node_modules/next/dist/client/dev/hot-reloader/app/hot-reloader-app.js:196
[  110219ms] [LOG] [Fast Refresh] done in 26ms @ webpack-internal:///(app-pages-browser)/./node_modules/next/dist/client/dev/report-hmr-latency.js:13
[  110338ms] [LOG] [Fast Refresh] rebuilding @ webpack-internal:///(app-pages-browser)/./node_modules/next/dist/client/dev/hot-reloader/app/hot-reloader-app.js:196
[  110357ms] [LOG] [Fast Refresh] done in 18ms @ webpack-internal:///(app-pages-browser)/./node_modules/next/dist/client/dev/report-hmr-latency.js:13
[  110425ms] [ERROR] Failed to load resource: the server responded with a status of 500 (Internal Server Error) @ http://localhost:3001/?_rsc=fsnpp:0
[  110504ms] [LOG] [Fast Refresh] rebuilding @ webpack-internal:///(app-pages-browser)/./node_modules/next/dist/client/dev/hot-reloader/app/hot-reloader-app.js:196
[  110558ms] [LOG] [Fast Refresh] done in 54ms @ webpack-internal:///(app-pages-browser)/./node_modules/next/dist/client/dev/report-hmr-latency.js:13
[  110676ms] [LOG] [Fast Refresh] rebuilding @ webpack-internal:///(app-pages-browser)/./node_modules/next/dist/client/dev/hot-reloader/app/hot-reloader-app.js:196
[  110698ms] [LOG] [Fast Refresh] done in 22ms @ webpack-internal:///(app-pages-browser)/./node_modules/next/dist/client/dev/report-hmr-latency.js:13
[  110854ms] [LOG] [Fast Refresh] rebuilding @ webpack-internal:///(app-pages-browser)/./node_modules/next/dist/client/dev/hot-reloader/app/hot-reloader-app.js:196
[  110871ms] [LOG] [Fast Refresh] done in 17ms @ webpack-internal:///(app-pages-browser)/./node_modules/next/dist/client/dev/report-hmr-latency.js:13
[  111050ms] [LOG] [Fast Refresh] rebuilding @ webpack-internal:///(app-pages-browser)/./node_modules/next/dist/client/dev/hot-reloader/app/hot-reloader-app.js:196
[  111071ms] [LOG] [Fast Refresh] done in 21ms @ webpack-internal:///(app-pages-browser)/./node_modules/next/dist/client/dev/report-hmr-latency.js:13
[  111279ms] [LOG] [Fast Refresh] rebuilding @ webpack-internal:///(app-pages-browser)/./node_modules/next/dist/client/dev/hot-reloader/app/hot-reloader-app.js:196
[  111309ms] [LOG] [Fast Refresh] done in 30ms @ webpack-internal:///(app-pages-browser)/./node_modules/next/dist/client/dev/report-hmr-latency.js:13
[  111412ms] [LOG] [Fast Refresh] rebuilding @ webpack-internal:///(app-pages-browser)/./node_modules/next/dist/client/dev/hot-reloader/app/hot-reloader-app.js:196
[  111485ms] [LOG] [Fast Refresh] done in 73ms @ webpack-internal:///(app-pages-browser)/./node_modules/next/dist/client/dev/report-hmr-latency.js:13
[  111584ms] [LOG] [Fast Refresh] rebuilding @ webpack-internal:///(app-pages-browser)/./node_modules/next/dist/client/dev/hot-reloader/app/hot-reloader-app.js:196
[  111609ms] [LOG] [Fast Refresh] done in 25ms @ webpack-internal:///(app-pages-browser)/./node_modules/next/dist/client/dev/report-hmr-latency.js:13
[  111835ms] [LOG] [Fast Refresh] rebuilding @ webpack-internal:///(app-pages-browser)/./node_modules/next/dist/client/dev/hot-reloader/app/hot-reloader-app.js:196
[  111867ms] [LOG] [Fast Refresh] done in 32ms @ webpack-internal:///(app-pages-browser)/./node_modules/next/dist/client/dev/report-hmr-latency.js:13
[  112004ms] [LOG] [Fast Refresh] rebuilding @ webpack-internal:///(app-pages-browser)/./node_modules/next/dist/client/dev/hot-reloader/app/hot-reloader-app.js:196
[  112093ms] [LOG] [Fast Refresh] done in 88ms @ webpack-internal:///(app-pages-browser)/./node_modules/next/dist/client/dev/report-hmr-latency.js:13
[  112171ms] [LOG] [Fast Refresh] rebuilding @ webpack-internal:///(app-pages-browser)/./node_modules/next/dist/client/dev/hot-reloader/app/hot-reloader-app.js:196
[  112684ms] [LOG] [Fast Refresh] done in 512ms @ webpack-internal:///(app-pages-browser)/./node_modules/next/dist/client/dev/report-hmr-latency.js:13
[  112770ms] [LOG] [Fast Refresh] rebuilding @ webpack-internal:///(app-pages-browser)/./node_modules/next/dist/client/dev/hot-reloader/app/hot-reloader-app.js:196
[  112794ms] [LOG] [Fast Refresh] done in 24ms @ webpack-internal:///(app-pages-browser)/./node_modules/next/dist/client/dev/report-hmr-latency.js:13
[  112959ms] [LOG] [Fast Refresh] rebuilding @ webpack-internal:///(app-pages-browser)/./node_modules/next/dist/client/dev/hot-reloader/app/hot-reloader-app.js:196
[  112992ms] [LOG] [Fast Refresh] done in 34ms @ webpack-internal:///(app-pages-browser)/./node_modules/next/dist/client/dev/report-hmr-latency.js:13
[  113169ms] [LOG] [Fast Refresh] rebuilding @ webpack-internal:///(app-pages-browser)/./node_modules/next/dist/client/dev/hot-reloader/app/hot-reloader-app.js:196
[  113199ms] [LOG] [Fast Refresh] done in 29ms @ webpack-internal:///(app-pages-browser)/./node_modules/next/dist/client/dev/report-hmr-latency.js:13
[  113345ms] [LOG] [Fast Refresh] rebuilding @ webpack-internal:///(app-pages-browser)/./node_modules/next/dist/client/dev/hot-reloader/app/hot-reloader-app.js:196
[  113376ms] [LOG] [Fast Refresh] done in 32ms @ webpack-internal:///(app-pages-browser)/./node_modules/next/dist/client/dev/report-hmr-latency.js:13
[  113499ms] [LOG] [Fast Refresh] rebuilding @ webpack-internal:///(app-pages-browser)/./node_modules/next/dist/client/dev/hot-reloader/app/hot-reloader-app.js:196
[  113514ms] [LOG] [Fast Refresh] done in 14ms @ webpack-internal:///(app-pages-browser)/./node_modules/next/dist/client/dev/report-hmr-latency.js:13
[  113588ms] [ERROR] Failed to load resource: the server responded with a status of 500 (Internal Server Error) @ http://localhost:3001/?_rsc=fsnpp:0
[  113661ms] [LOG] [Fast Refresh] rebuilding @ webpack-internal:///(app-pages-browser)/./node_modules/next/dist/client/dev/hot-reloader/app/hot-reloader-app.js:196
[  113720ms] [LOG] [Fast Refresh] done in 58ms @ webpack-internal:///(app-pages-browser)/./node_modules/next/dist/client/dev/report-hmr-latency.js:13
[  113841ms] [LOG] [Fast Refresh] rebuilding @ webpack-internal:///(app-pages-browser)/./node_modules/next/dist/client/dev/hot-reloader/app/hot-reloader-app.js:196
[  113862ms] [LOG] [Fast Refresh] done in 21ms @ webpack-internal:///(app-pages-browser)/./node_modules/next/dist/client/dev/report-hmr-latency.js:13
[  114042ms] [LOG] [Fast Refresh] rebuilding @ webpack-internal:///(app-pages-browser)/./node_modules/next/dist/client/dev/hot-reloader/app/hot-reloader-app.js:196
[  114058ms] [LOG] [Fast Refresh] done in 15ms @ webpack-internal:///(app-pages-browser)/./node_modules/next/dist/client/dev/report-hmr-latency.js:13
[  114175ms] [LOG] [Fast Refresh] rebuilding @ webpack-internal:///(app-pages-browser)/./node_modules/next/dist/client/dev/hot-reloader/app/hot-reloader-app.js:196
[  114201ms] [LOG] [Fast Refresh] done in 26ms @ webpack-internal:///(app-pages-browser)/./node_modules/next/dist/client/dev/report-hmr-latency.js:13
[  114290ms] [LOG] [Fast Refresh] rebuilding @ webpack-internal:///(app-pages-browser)/./node_modules/next/dist/client/dev/hot-reloader/app/hot-reloader-app.js:196
[  114304ms] [LOG] [Fast Refresh] done in 13ms @ webpack-internal:///(app-pages-browser)/./node_modules/next/dist/client/dev/report-hmr-latency.js:13
[  114400ms] [ERROR] Failed to load resource: the server responded with a status of 500 (Internal Server Error) @ http://localhost:3001/?_rsc=fsnpp:0
[  114419ms] [LOG] [Fast Refresh] rebuilding @ webpack-internal:///(app-pages-browser)/./node_modules/next/dist/client/dev/hot-reloader/app/hot-reloader-app.js:196
[  114476ms] [LOG] [Fast Refresh] done in 57ms @ webpack-internal:///(app-pages-browser)/./node_modules/next/dist/client/dev/report-hmr-latency.js:13
[  114581ms] [LOG] [Fast Refresh] rebuilding @ webpack-internal:///(app-pages-browser)/./node_modules/next/dist/client/dev/hot-reloader/app/hot-reloader-app.js:196
[  114604ms] [LOG] [Fast Refresh] done in 24ms @ webpack-internal:///(app-pages-browser)/./node_modules/next/dist/client/dev/report-hmr-latency.js:13
[  114755ms] [LOG] [Fast Refresh] rebuilding @ webpack-internal:///(app-pages-browser)/./node_modules/next/dist/client/dev/hot-reloader/app/hot-reloader-app.js:196
[  114776ms] [LOG] [Fast Refresh] done in 21ms @ webpack-internal:///(app-pages-browser)/./node_modules/next/dist/client/dev/report-hmr-latency.js:13
[  114929ms] [LOG] [Fast Refresh] rebuilding @ webpack-internal:///(app-pages-browser)/./node_modules/next/dist/client/dev/hot-reloader/app/hot-reloader-app.js:196
[  114947ms] [LOG] [Fast Refresh] done in 18ms @ webpack-internal:///(app-pages-browser)/./node_modules/next/dist/client/dev/report-hmr-latency.js:13
[  115079ms] [LOG] [Fast Refresh] rebuilding @ webpack-internal:///(app-pages-browser)/./node_modules/next/dist/client/dev/hot-reloader/app/hot-reloader-app.js:196
[  115105ms] [LOG] [Fast Refresh] done in 25ms @ webpack-internal:///(app-pages-browser)/./node_modules/next/dist/client/dev/report-hmr-latency.js:13
[  115199ms] [LOG] [Fast Refresh] rebuilding @ webpack-internal:///(app-pages-browser)/./node_modules/next/dist/client/dev/hot-reloader/app/hot-reloader-app.js:196
[  115264ms] [LOG] [Fast Refresh] done in 65ms @ webpack-internal:///(app-pages-browser)/./node_modules/next/dist/client/dev/report-hmr-latency.js:13
[  115312ms] [ERROR] Failed to load resource: the server responded with a status of 500 (Internal Server Error) @ http://localhost:3001/?_rsc=fsnpp:0
[  115330ms] [LOG] [Fast Refresh] rebuilding @ webpack-internal:///(app-pages-browser)/./node_modules/next/dist/client/dev/hot-reloader/app/hot-reloader-app.js:196
[  115389ms] [LOG] [Fast Refresh] done in 58ms @ webpack-internal:///(app-pages-browser)/./node_modules/next/dist/client/dev/report-hmr-latency.js:13
[  115580ms] [LOG] [Fast Refresh] rebuilding @ webpack-internal:///(app-pages-browser)/./node_modules/next/dist/client/dev/hot-reloader/app/hot-reloader-app.js:196
[  115603ms] [LOG] [Fast Refresh] done in 22ms @ webpack-internal:///(app-pages-browser)/./node_modules/next/dist/client/dev/report-hmr-latency.js:13
[  115965ms] [LOG] [Fast Refresh] rebuilding @ webpack-internal:///(app-pages-browser)/./node_modules/next/dist/client/dev/hot-reloader/app/hot-reloader-app.js:196
[  116122ms] [LOG] [Fast Refresh] done in 156ms @ webpack-internal:///(app-pages-browser)/./node_modules/next/dist/client/dev/report-hmr-latency.js:13
[  116268ms] [LOG] [Fast Refresh] rebuilding @ webpack-internal:///(app-pages-browser)/./node_modules/next/dist/client/dev/hot-reloader/app/hot-reloader-app.js:196
[  116298ms] [LOG] [Fast Refresh] done in 31ms @ webpack-internal:///(app-pages-browser)/./node_modules/next/dist/client/dev/report-hmr-latency.js:13
[  116498ms] [LOG] [Fast Refresh] rebuilding @ webpack-internal:///(app-pages-browser)/./node_modules/next/dist/client/dev/hot-reloader/app/hot-reloader-app.js:196
[  116520ms] [LOG] [Fast Refresh] done in 22ms @ webpack-internal:///(app-pages-browser)/./node_modules/next/dist/client/dev/report-hmr-latency.js:13
[  116699ms] [LOG] [Fast Refresh] rebuilding @ webpack-internal:///(app-pages-browser)/./node_modules/next/dist/client/dev/hot-reloader/app/hot-reloader-app.js:196
[  116722ms] [LOG] [Fast Refresh] done in 23ms @ webpack-internal:///(app-pages-browser)/./node_modules/next/dist/client/dev/report-hmr-latency.js:13
[  116895ms] [LOG] [Fast Refresh] rebuilding @ webpack-internal:///(app-pages-browser)/./node_modules/next/dist/client/dev/hot-reloader/app/hot-reloader-app.js:196
[  116925ms] [LOG] [Fast Refresh] done in 30ms @ webpack-internal:///(app-pages-browser)/./node_modules/next/dist/client/dev/report-hmr-latency.js:13
[  117047ms] [LOG] [Fast Refresh] rebuilding @ webpack-internal:///(app-pages-browser)/./node_modules/next/dist/client/dev/hot-reloader/app/hot-reloader-app.js:196
[  117116ms] [LOG] [Fast Refresh] done in 68ms @ webpack-internal:///(app-pages-browser)/./node_modules/next/dist/client/dev/report-hmr-latency.js:13
[  117232ms] [LOG] [Fast Refresh] rebuilding @ webpack-internal:///(app-pages-browser)/./node_modules/next/dist/client/dev/hot-reloader/app/hot-reloader-app.js:196
[  117256ms] [LOG] [Fast Refresh] done in 23ms @ webpack-internal:///(app-pages-browser)/./node_modules/next/dist/client/dev/report-hmr-latency.js:13
[  117443ms] [LOG] [Fast Refresh] rebuilding @ webpack-internal:///(app-pages-browser)/./node_modules/next/dist/client/dev/hot-reloader/app/hot-reloader-app.js:196
[  117458ms] [LOG] [Fast Refresh] done in 15ms @ webpack-internal:///(app-pages-browser)/./node_modules/next/dist/client/dev/report-hmr-latency.js:13
[  117637ms] [LOG] [Fast Refresh] rebuilding @ webpack-internal:///(app-pages-browser)/./node_modules/next/dist/client/dev/hot-reloader/app/hot-reloader-app.js:196
[  117667ms] [LOG] [Fast Refresh] done in 30ms @ webpack-internal:///(app-pages-browser)/./node_modules/next/dist/client/dev/report-hmr-latency.js:13
[  117885ms] [LOG] [Fast Refresh] rebuilding @ webpack-internal:///(app-pages-browser)/./node_modules/next/dist/client/dev/hot-reloader/app/hot-reloader-app.js:196
[  118304ms] [LOG] [Fast Refresh] done in 418ms @ webpack-internal:///(app-pages-browser)/./node_modules/next/dist/client/dev/report-hmr-latency.js:13
[  118457ms] [LOG] [Fast Refresh] rebuilding @ webpack-internal:///(app-pages-browser)/./node_modules/next/dist/client/dev/hot-reloader/app/hot-reloader-app.js:196
[  118501ms] [LOG] [Fast Refresh] done in 44ms @ webpack-internal:///(app-pages-browser)/./node_modules/next/dist/client/dev/report-hmr-latency.js:13
[  118726ms] [LOG] [Fast Refresh] rebuilding @ webpack-internal:///(app-pages-browser)/./node_modules/next/dist/client/dev/hot-reloader/app/hot-reloader-app.js:196
[  118748ms] [LOG] [Fast Refresh] done in 21ms @ webpack-internal:///(app-pages-browser)/./node_modules/next/dist/client/dev/report-hmr-latency.js:13
[  118911ms] [LOG] [Fast Refresh] rebuilding @ webpack-internal:///(app-pages-browser)/./node_modules/next/dist/client/dev/hot-reloader/app/hot-reloader-app.js:196
[  118981ms] [LOG] [Fast Refresh] done in 70ms @ webpack-internal:///(app-pages-browser)/./node_modules/next/dist/client/dev/report-hmr-latency.js:13
[  119057ms] [LOG] [Fast Refresh] rebuilding @ webpack-internal:///(app-pages-browser)/./node_modules/next/dist/client/dev/hot-reloader/app/hot-reloader-app.js:196
[  119123ms] [LOG] [Fast Refresh] done in 67ms @ webpack-internal:///(app-pages-browser)/./node_modules/next/dist/client/dev/report-hmr-latency.js:13
[  119257ms] [LOG] [Fast Refresh] rebuilding @ webpack-internal:///(app-pages-browser)/./node_modules/next/dist/client/dev/hot-reloader/app/hot-reloader-app.js:196
[  119326ms] [LOG] [Fast Refresh] done in 69ms @ webpack-internal:///(app-pages-browser)/./node_modules/next/dist/client/dev/report-hmr-latency.js:13
[  119528ms] [LOG] [Fast Refresh] rebuilding @ webpack-internal:///(app-pages-browser)/./node_modules/next/dist/client/dev/hot-reloader/app/hot-reloader-app.js:196
[  119595ms] [LOG] [Fast Refresh] done in 67ms @ webpack-internal:///(app-pages-browser)/./node_modules/next/dist/client/dev/report-hmr-latency.js:13
[  120529ms] [LOG] [Fast Refresh] rebuilding @ webpack-internal:///(app-pages-browser)/./node_modules/next/dist/client/dev/hot-reloader/app/hot-reloader-app.js:196
[  120796ms] [LOG] [Fast Refresh] done in 266ms @ webpack-internal:///(app-pages-browser)/./node_modules/next/dist/client/dev/report-hmr-latency.js:13
[  120967ms] [LOG] [Fast Refresh] rebuilding @ webpack-internal:///(app-pages-browser)/./node_modules/next/dist/client/dev/hot-reloader/app/hot-reloader-app.js:196
[  120999ms] [LOG] [Fast Refresh] done in 33ms @ webpack-internal:///(app-pages-browser)/./node_modules/next/dist/client/dev/report-hmr-latency.js:13
[  121131ms] [LOG] [Fast Refresh] rebuilding @ webpack-internal:///(app-pages-browser)/./node_modules/next/dist/client/dev/hot-reloader/app/hot-reloader-app.js:196
[  121148ms] [LOG] [Fast Refresh] done in 17ms @ webpack-internal:///(app-pages-browser)/./node_modules/next/dist/client/dev/report-hmr-latency.js:13
[  121218ms] [ERROR] Failed to load resource: the server responded with a status of 500 (Internal Server Error) @ http://localhost:3001/?_rsc=fsnpp:0
[  121291ms] [LOG] [Fast Refresh] rebuilding @ webpack-internal:///(app-pages-browser)/./node_modules/next/dist/client/dev/hot-reloader/app/hot-reloader-app.js:196
[  121359ms] [LOG] [Fast Refresh] done in 68ms @ webpack-internal:///(app-pages-browser)/./node_modules/next/dist/client/dev/report-hmr-latency.js:13
[  121472ms] [LOG] [Fast Refresh] rebuilding @ webpack-internal:///(app-pages-browser)/./node_modules/next/dist/client/dev/hot-reloader/app/hot-reloader-app.js:196
[  121492ms] [LOG] [Fast Refresh] done in 21ms @ webpack-internal:///(app-pages-browser)/./node_modules/next/dist/client/dev/report-hmr-latency.js:13
[  121650ms] [LOG] [Fast Refresh] rebuilding @ webpack-internal:///(app-pages-browser)/./node_modules/next/dist/client/dev/hot-reloader/app/hot-reloader-app.js:196
[  121664ms] [LOG] [Fast Refresh] done in 14ms @ webpack-internal:///(app-pages-browser)/./node_modules/next/dist/client/dev/report-hmr-latency.js:13
[  121818ms] [LOG] [Fast Refresh] rebuilding @ webpack-internal:///(app-pages-browser)/./node_modules/next/dist/client/dev/hot-reloader/app/hot-reloader-app.js:196
[  121848ms] [LOG] [Fast Refresh] done in 29ms @ webpack-internal:///(app-pages-browser)/./node_modules/next/dist/client/dev/report-hmr-latency.js:13
[  121997ms] [LOG] [Fast Refresh] rebuilding @ webpack-internal:///(app-pages-browser)/./node_modules/next/dist/client/dev/hot-reloader/app/hot-reloader-app.js:196
[  122014ms] [LOG] [Fast Refresh] done in 18ms @ webpack-internal:///(app-pages-browser)/./node_modules/next/dist/client/dev/report-hmr-latency.js:13
[  122178ms] [LOG] [Fast Refresh] rebuilding @ webpack-internal:///(app-pages-browser)/./node_modules/next/dist/client/dev/hot-reloader/app/hot-reloader-app.js:196
[  122210ms] [LOG] [Fast Refresh] done in 33ms @ webpack-internal:///(app-pages-browser)/./node_modules/next/dist/client/dev/report-hmr-latency.js:13
[  122321ms] [LOG] [Fast Refresh] rebuilding @ webpack-internal:///(app-pages-browser)/./node_modules/next/dist/client/dev/hot-reloader/app/hot-reloader-app.js:196
[  122378ms] [LOG] [Fast Refresh] done in 57ms @ webpack-internal:///(app-pages-browser)/./node_modules/next/dist/client/dev/report-hmr-latency.js:13
[  122487ms] [LOG] [Fast Refresh] rebuilding @ webpack-internal:///(app-pages-browser)/./node_modules/next/dist/client/dev/hot-reloader/app/hot-reloader-app.js:196
[  122510ms] [LOG] [Fast Refresh] done in 22ms @ webpack-internal:///(app-pages-browser)/./node_modules/next/dist/client/dev/report-hmr-latency.js:13
[  122677ms] [LOG] [Fast Refresh] rebuilding @ webpack-internal:///(app-pages-browser)/./node_modules/next/dist/client/dev/hot-reloader/app/hot-reloader-app.js:196
[  122693ms] [LOG] [Fast Refresh] done in 16ms @ webpack-internal:///(app-pages-browser)/./node_modules/next/dist/client/dev/report-hmr-latency.js:13
[  122812ms] [LOG] [Fast Refresh] rebuilding @ webpack-internal:///(app-pages-browser)/./node_modules/next/dist/client/dev/hot-reloader/app/hot-reloader-app.js:196
[  122826ms] [LOG] [Fast Refresh] done in 14ms @ webpack-internal:///(app-pages-browser)/./node_modules/next/dist/client/dev/report-hmr-latency.js:13
[  122987ms] [LOG] [Fast Refresh] rebuilding @ webpack-internal:///(app-pages-browser)/./node_modules/next/dist/client/dev/hot-reloader/app/hot-reloader-app.js:196
[  123003ms] [LOG] [Fast Refresh] done in 16ms @ webpack-internal:///(app-pages-browser)/./node_modules/next/dist/client/dev/report-hmr-latency.js:13
[  123126ms] [LOG] [Fast Refresh] rebuilding @ webpack-internal:///(app-pages-browser)/./node_modules/next/dist/client/dev/hot-reloader/app/hot-reloader-app.js:196
[  123139ms] [LOG] [Fast Refresh] done in 13ms @ webpack-internal:///(app-pages-browser)/./node_modules/next/dist/client/dev/report-hmr-latency.js:13
[  123294ms] [LOG] [Fast Refresh] rebuilding @ webpack-internal:///(app-pages-browser)/./node_modules/next/dist/client/dev/hot-reloader/app/hot-reloader-app.js:196
[  123313ms] [LOG] [Fast Refresh] done in 18ms @ webpack-internal:///(app-pages-browser)/./node_modules/next/dist/client/dev/report-hmr-latency.js:13
[  123499ms] [LOG] [Fast Refresh] rebuilding @ webpack-internal:///(app-pages-browser)/./node_modules/next/dist/client/dev/hot-reloader/app/hot-reloader-app.js:196
[  123526ms] [LOG] [Fast Refresh] done in 28ms @ webpack-internal:///(app-pages-browser)/./node_modules/next/dist/client/dev/report-hmr-latency.js:13
[  123756ms] [LOG] [Fast Refresh] rebuilding @ webpack-internal:///(app-pages-browser)/./node_modules/next/dist/client/dev/hot-reloader/app/hot-reloader-app.js:196
[  123771ms] [LOG] [Fast Refresh] done in 15ms @ webpack-internal:///(app-pages-browser)/./node_modules/next/dist/client/dev/report-hmr-latency.js:13
[  123929ms] [LOG] [Fast Refresh] rebuilding @ webpack-internal:///(app-pages-browser)/./node_modules/next/dist/client/dev/hot-reloader/app/hot-reloader-app.js:196
[  123949ms] [LOG] [Fast Refresh] done in 19ms @ webpack-internal:///(app-pages-browser)/./node_modules/next/dist/client/dev/report-hmr-latency.js:13
[  124133ms] [LOG] [Fast Refresh] rebuilding @ webpack-internal:///(app-pages-browser)/./node_modules/next/dist/client/dev/hot-reloader/app/hot-reloader-app.js:196
[  124159ms] [LOG] [Fast Refresh] done in 27ms @ webpack-internal:///(app-pages-browser)/./node_modules/next/dist/client/dev/report-hmr-latency.js:13
[  124299ms] [LOG] [Fast Refresh] rebuilding @ webpack-internal:///(app-pages-browser)/./node_modules/next/dist/client/dev/hot-reloader/app/hot-reloader-app.js:196
[  124327ms] [LOG] [Fast Refresh] done in 27ms @ webpack-internal:///(app-pages-browser)/./node_modules/next/dist/client/dev/report-hmr-latency.js:13
[  124499ms] [LOG] [Fast Refresh] rebuilding @ webpack-internal:///(app-pages-browser)/./node_modules/next/dist/client/dev/hot-reloader/app/hot-reloader-app.js:196
[  124514ms] [LOG] [Fast Refresh] done in 15ms @ webpack-internal:///(app-pages-browser)/./node_modules/next/dist/client/dev/report-hmr-latency.js:13
[  124544ms] [ERROR] Failed to load resource: the server responded with a status of 500 (Internal Server Error) @ http://localhost:3001/?_rsc=fsnpp:0
[  124664ms] [LOG] [Fast Refresh] rebuilding @ webpack-internal:///(app-pages-browser)/./node_modules/next/dist/client/dev/hot-reloader/app/hot-reloader-app.js:196
[  124761ms] [LOG] [Fast Refresh] done in 98ms @ webpack-internal:///(app-pages-browser)/./node_modules/next/dist/client/dev/report-hmr-latency.js:13
[  124883ms] [LOG] [Fast Refresh] rebuilding @ webpack-internal:///(app-pages-browser)/./node_modules/next/dist/client/dev/hot-reloader/app/hot-reloader-app.js:196
[  124904ms] [LOG] [Fast Refresh] done in 22ms @ webpack-internal:///(app-pages-browser)/./node_modules/next/dist/client/dev/report-hmr-latency.js:13
[  125151ms] [LOG] [Fast Refresh] rebuilding @ webpack-internal:///(app-pages-browser)/./node_modules/next/dist/client/dev/hot-reloader/app/hot-reloader-app.js:196
[  125236ms] [LOG] [Fast Refresh] done in 85ms @ webpack-internal:///(app-pages-browser)/./node_modules/next/dist/client/dev/report-hmr-latency.js:13
[  125617ms] [LOG] [Fast Refresh] rebuilding @ webpack-internal:///(app-pages-browser)/./node_modules/next/dist/client/dev/hot-reloader/app/hot-reloader-app.js:196
[  125670ms] [LOG] [Fast Refresh] done in 53ms @ webpack-internal:///(app-pages-browser)/./node_modules/next/dist/client/dev/report-hmr-latency.js:13
[  125858ms] [LOG] [Fast Refresh] rebuilding @ webpack-internal:///(app-pages-browser)/./node_modules/next/dist/client/dev/hot-reloader/app/hot-reloader-app.js:196
[  125872ms] [LOG] [Fast Refresh] done in 14ms @ webpack-internal:///(app-pages-browser)/./node_modules/next/dist/client/dev/report-hmr-latency.js:13
[  125980ms] [LOG] [Fast Refresh] rebuilding @ webpack-internal:///(app-pages-browser)/./node_modules/next/dist/client/dev/hot-reloader/app/hot-reloader-app.js:196
[  126038ms] [LOG] [Fast Refresh] done in 58ms @ webpack-internal:///(app-pages-browser)/./node_modules/next/dist/client/dev/report-hmr-latency.js:13
[  126124ms] [LOG] [Fast Refresh] rebuilding @ webpack-internal:///(app-pages-browser)/./node_modules/next/dist/client/dev/hot-reloader/app/hot-reloader-app.js:196
[  126143ms] [LOG] [Fast Refresh] done in 20ms @ webpack-internal:///(app-pages-browser)/./node_modules/next/dist/client/dev/report-hmr-latency.js:13
[  126280ms] [LOG] [Fast Refresh] rebuilding @ webpack-internal:///(app-pages-browser)/./node_modules/next/dist/client/dev/hot-reloader/app/hot-reloader-app.js:196
[  126305ms] [LOG] [Fast Refresh] done in 26ms @ webpack-internal:///(app-pages-browser)/./node_modules/next/dist/client/dev/report-hmr-latency.js:13
[  126432ms] [LOG] [Fast Refresh] rebuilding @ webpack-internal:///(app-pages-browser)/./node_modules/next/dist/client/dev/hot-reloader/app/hot-reloader-app.js:196
[  126451ms] [LOG] [Fast Refresh] done in 18ms @ webpack-internal:///(app-pages-browser)/./node_modules/next/dist/client/dev/report-hmr-latency.js:13
[  126600ms] [LOG] [Fast Refresh] rebuilding @ webpack-internal:///(app-pages-browser)/./node_modules/next/dist/client/dev/hot-reloader/app/hot-reloader-app.js:196
[  126622ms] [LOG] [Fast Refresh] done in 22ms @ webpack-internal:///(app-pages-browser)/./node_modules/next/dist/client/dev/report-hmr-latency.js:13
[  126752ms] [LOG] [Fast Refresh] rebuilding @ webpack-internal:///(app-pages-browser)/./node_modules/next/dist/client/dev/hot-reloader/app/hot-reloader-app.js:196
[  126785ms] [LOG] [Fast Refresh] done in 32ms @ webpack-internal:///(app-pages-browser)/./node_modules/next/dist/client/dev/report-hmr-latency.js:13
[  126888ms] [LOG] [Fast Refresh] rebuilding @ webpack-internal:///(app-pages-browser)/./node_modules/next/dist/client/dev/hot-reloader/app/hot-reloader-app.js:196
[  126906ms] [LOG] [Fast Refresh] done in 19ms @ webpack-internal:///(app-pages-browser)/./node_modules/next/dist/client/dev/report-hmr-latency.js:13
[  127048ms] [ERROR] Failed to load resource: the server responded with a status of 500 (Internal Server Error) @ http://localhost:3001/?_rsc=fsnpp:0
[  127127ms] [LOG] [Fast Refresh] rebuilding @ webpack-internal:///(app-pages-browser)/./node_modules/next/dist/client/dev/hot-reloader/app/hot-reloader-app.js:196
[  127185ms] [LOG] [Fast Refresh] done in 58ms @ webpack-internal:///(app-pages-browser)/./node_modules/next/dist/client/dev/report-hmr-latency.js:13
[  127300ms] [LOG] [Fast Refresh] rebuilding @ webpack-internal:///(app-pages-browser)/./node_modules/next/dist/client/dev/hot-reloader/app/hot-reloader-app.js:196
[  127324ms] [LOG] [Fast Refresh] done in 24ms @ webpack-internal:///(app-pages-browser)/./node_modules/next/dist/client/dev/report-hmr-latency.js:13
[  127485ms] [LOG] [Fast Refresh] rebuilding @ webpack-internal:///(app-pages-browser)/./node_modules/next/dist/client/dev/hot-reloader/app/hot-reloader-app.js:196
[  127501ms] [LOG] [Fast Refresh] done in 15ms @ webpack-internal:///(app-pages-browser)/./node_modules/next/dist/client/dev/report-hmr-latency.js:13
[  127631ms] [LOG] [Fast Refresh] rebuilding @ webpack-internal:///(app-pages-browser)/./node_modules/next/dist/client/dev/hot-reloader/app/hot-reloader-app.js:196
[  127647ms] [LOG] [Fast Refresh] done in 16ms @ webpack-internal:///(app-pages-browser)/./node_modules/next/dist/client/dev/report-hmr-latency.js:13
[  127851ms] [LOG] [Fast Refresh] rebuilding @ webpack-internal:///(app-pages-browser)/./node_modules/next/dist/client/dev/hot-reloader/app/hot-reloader-app.js:196
[  127906ms] [LOG] [Fast Refresh] done in 55ms @ webpack-internal:///(app-pages-browser)/./node_modules/next/dist/client/dev/report-hmr-latency.js:13
[  128294ms] [LOG] [Fast Refresh] rebuilding @ webpack-internal:///(app-pages-browser)/./node_modules/next/dist/client/dev/hot-reloader/app/hot-reloader-app.js:196
[  128767ms] [LOG] [Fast Refresh] done in 473ms @ webpack-internal:///(app-pages-browser)/./node_modules/next/dist/client/dev/report-hmr-latency.js:13
[  129144ms] [LOG] [Fast Refresh] rebuilding @ webpack-internal:///(app-pages-browser)/./node_modules/next/dist/client/dev/hot-reloader/app/hot-reloader-app.js:196
[  129161ms] [LOG] [Fast Refresh] done in 17ms @ webpack-internal:///(app-pages-browser)/./node_modules/next/dist/client/dev/report-hmr-latency.js:13
[  129370ms] [LOG] [Fast Refresh] rebuilding @ webpack-internal:///(app-pages-browser)/./node_modules/next/dist/client/dev/hot-reloader/app/hot-reloader-app.js:196
[  129395ms] [LOG] [Fast Refresh] done in 26ms @ webpack-internal:///(app-pages-browser)/./node_modules/next/dist/client/dev/report-hmr-latency.js:13
[  129498ms] [LOG] [Fast Refresh] rebuilding @ webpack-internal:///(app-pages-browser)/./node_modules/next/dist/client/dev/hot-reloader/app/hot-reloader-app.js:196
[  129511ms] [LOG] [Fast Refresh] done in 13ms @ webpack-internal:///(app-pages-browser)/./node_modules/next/dist/client/dev/report-hmr-latency.js:13
[  129654ms] [LOG] [Fast Refresh] rebuilding @ webpack-internal:///(app-pages-browser)/./node_modules/next/dist/client/dev/hot-reloader/app/hot-reloader-app.js:196
[  129671ms] [LOG] [Fast Refresh] done in 17ms @ webpack-internal:///(app-pages-browser)/./node_modules/next/dist/client/dev/report-hmr-latency.js:13
[  129815ms] [LOG] [Fast Refresh] rebuilding @ webpack-internal:///(app-pages-browser)/./node_modules/next/dist/client/dev/hot-reloader/app/hot-reloader-app.js:196
[  129833ms] [LOG] [Fast Refresh] done in 18ms @ webpack-internal:///(app-pages-browser)/./node_modules/next/dist/client/dev/report-hmr-latency.js:13
[  129978ms] [LOG] [Fast Refresh] rebuilding @ webpack-internal:///(app-pages-browser)/./node_modules/next/dist/client/dev/hot-reloader/app/hot-reloader-app.js:196
[  130007ms] [LOG] [Fast Refresh] done in 28ms @ webpack-internal:///(app-pages-browser)/./node_modules/next/dist/client/dev/report-hmr-latency.js:13
[  130101ms] [LOG] [Fast Refresh] rebuilding @ webpack-internal:///(app-pages-browser)/./node_modules/next/dist/client/dev/hot-reloader/app/hot-reloader-app.js:196
[  130120ms] [LOG] [Fast Refresh] done in 20ms @ webpack-internal:///(app-pages-browser)/./node_modules/next/dist/client/dev/report-hmr-latency.js:13
[  130262ms] [LOG] [Fast Refresh] rebuilding @ webpack-internal:///(app-pages-browser)/./node_modules/next/dist/client/dev/hot-reloader/app/hot-reloader-app.js:196
[  130281ms] [LOG] [Fast Refresh] done in 20ms @ webpack-internal:///(app-pages-browser)/./node_modules/next/dist/client/dev/report-hmr-latency.js:13
[  130432ms] [LOG] [Fast Refresh] rebuilding @ webpack-internal:///(app-pages-browser)/./node_modules/next/dist/client/dev/hot-reloader/app/hot-reloader-app.js:196
[  130447ms] [LOG] [Fast Refresh] done in 15ms @ webpack-internal:///(app-pages-browser)/./node_modules/next/dist/client/dev/report-hmr-latency.js:13
[  130595ms] [LOG] [Fast Refresh] rebuilding @ webpack-internal:///(app-pages-browser)/./node_modules/next/dist/client/dev/hot-reloader/app/hot-reloader-app.js:196
[  130610ms] [LOG] [Fast Refresh] done in 16ms @ webpack-internal:///(app-pages-browser)/./node_modules/next/dist/client/dev/report-hmr-latency.js:13
[  130761ms] [LOG] [Fast Refresh] rebuilding @ webpack-internal:///(app-pages-browser)/./node_modules/next/dist/client/dev/hot-reloader/app/hot-reloader-app.js:196
[  130778ms] [LOG] [Fast Refresh] done in 16ms @ webpack-internal:///(app-pages-browser)/./node_modules/next/dist/client/dev/report-hmr-latency.js:13
[  130949ms] [LOG] [Fast Refresh] rebuilding @ webpack-internal:///(app-pages-browser)/./node_modules/next/dist/client/dev/hot-reloader/app/hot-reloader-app.js:196
[  131008ms] [LOG] [Fast Refresh] done in 59ms @ webpack-internal:///(app-pages-browser)/./node_modules/next/dist/client/dev/report-hmr-latency.js:13
[  131111ms] [LOG] [Fast Refresh] rebuilding @ webpack-internal:///(app-pages-browser)/./node_modules/next/dist/client/dev/hot-reloader/app/hot-reloader-app.js:196
[  131133ms] [LOG] [Fast Refresh] done in 21ms @ webpack-internal:///(app-pages-browser)/./node_modules/next/dist/client/dev/report-hmr-latency.js:13
[  131272ms] [LOG] [Fast Refresh] rebuilding @ webpack-internal:///(app-pages-browser)/./node_modules/next/dist/client/dev/hot-reloader/app/hot-reloader-app.js:196
[  131289ms] [LOG] [Fast Refresh] done in 17ms @ webpack-internal:///(app-pages-browser)/./node_modules/next/dist/client/dev/report-hmr-latency.js:13
[  131421ms] [LOG] [Fast Refresh] rebuilding @ webpack-internal:///(app-pages-browser)/./node_modules/next/dist/client/dev/hot-reloader/app/hot-reloader-app.js:196
[  131439ms] [LOG] [Fast Refresh] done in 18ms @ webpack-internal:///(app-pages-browser)/./node_modules/next/dist/client/dev/report-hmr-latency.js:13
[  131595ms] [LOG] [Fast Refresh] rebuilding @ webpack-internal:///(app-pages-browser)/./node_modules/next/dist/client/dev/hot-reloader/app/hot-reloader-app.js:196
[  131615ms] [LOG] [Fast Refresh] done in 20ms @ webpack-internal:///(app-pages-browser)/./node_modules/next/dist/client/dev/report-hmr-latency.js:13
[  131750ms] [LOG] [Fast Refresh] rebuilding @ webpack-internal:///(app-pages-browser)/./node_modules/next/dist/client/dev/hot-reloader/app/hot-reloader-app.js:196
[  131775ms] [LOG] [Fast Refresh] done in 25ms @ webpack-internal:///(app-pages-browser)/./node_modules/next/dist/client/dev/report-hmr-latency.js:13
[  131912ms] [LOG] [Fast Refresh] rebuilding @ webpack-internal:///(app-pages-browser)/./node_modules/next/dist/client/dev/hot-reloader/app/hot-reloader-app.js:196
[  131930ms] [LOG] [Fast Refresh] done in 17ms @ webpack-internal:///(app-pages-browser)/./node_modules/next/dist/client/dev/report-hmr-latency.js:13
[  132065ms] [LOG] [Fast Refresh] rebuilding @ webpack-internal:///(app-pages-browser)/./node_modules/next/dist/client/dev/hot-reloader/app/hot-reloader-app.js:196
[  132080ms] [LOG] [Fast Refresh] done in 14ms @ webpack-internal:///(app-pages-browser)/./node_modules/next/dist/client/dev/report-hmr-latency.js:13
[  132196ms] [LOG] [Fast Refresh] rebuilding @ webpack-internal:///(app-pages-browser)/./node_modules/next/dist/client/dev/hot-reloader/app/hot-reloader-app.js:196
[  132210ms] [LOG] [Fast Refresh] done in 15ms @ webpack-internal:///(app-pages-browser)/./node_modules/next/dist/client/dev/report-hmr-latency.js:13
[  132358ms] [LOG] [Fast Refresh] rebuilding @ webpack-internal:///(app-pages-browser)/./node_modules/next/dist/client/dev/hot-reloader/app/hot-reloader-app.js:196
[  132371ms] [LOG] [Fast Refresh] done in 12ms @ webpack-internal:///(app-pages-browser)/./node_modules/next/dist/client/dev/report-hmr-latency.js:13
[  132540ms] [LOG] [Fast Refresh] rebuilding @ webpack-internal:///(app-pages-browser)/./node_modules/next/dist/client/dev/hot-reloader/app/hot-reloader-app.js:196
[  132561ms] [LOG] [Fast Refresh] done in 21ms @ webpack-internal:///(app-pages-browser)/./node_modules/next/dist/client/dev/report-hmr-latency.js:13
[  132710ms] [LOG] [Fast Refresh] rebuilding @ webpack-internal:///(app-pages-browser)/./node_modules/next/dist/client/dev/hot-reloader/app/hot-reloader-app.js:196
[  132750ms] [LOG] [Fast Refresh] done in 40ms @ webpack-internal:///(app-pages-browser)/./node_modules/next/dist/client/dev/report-hmr-latency.js:13
[  132852ms] [LOG] [Fast Refresh] rebuilding @ webpack-internal:///(app-pages-browser)/./node_modules/next/dist/client/dev/hot-reloader/app/hot-reloader-app.js:196
[  132868ms] [LOG] [Fast Refresh] done in 15ms @ webpack-internal:///(app-pages-browser)/./node_modules/next/dist/client/dev/report-hmr-latency.js:13
[  132978ms] [ERROR] Failed to load resource: the server responded with a status of 500 (Internal Server Error) @ http://localhost:3001/?_rsc=fsnpp:0
[  132998ms] [LOG] [Fast Refresh] rebuilding @ webpack-internal:///(app-pages-browser)/./node_modules/next/dist/client/dev/hot-reloader/app/hot-reloader-app.js:196
[  133051ms] [LOG] [Fast Refresh] done in 53ms @ webpack-internal:///(app-pages-browser)/./node_modules/next/dist/client/dev/report-hmr-latency.js:13
[  133160ms] [LOG] [Fast Refresh] rebuilding @ webpack-internal:///(app-pages-browser)/./node_modules/next/dist/client/dev/hot-reloader/app/hot-reloader-app.js:196
[  133187ms] [LOG] [Fast Refresh] done in 26ms @ webpack-internal:///(app-pages-browser)/./node_modules/next/dist/client/dev/report-hmr-latency.js:13
[  133327ms] [LOG] [Fast Refresh] rebuilding @ webpack-internal:///(app-pages-browser)/./node_modules/next/dist/client/dev/hot-reloader/app/hot-reloader-app.js:196
[  133343ms] [LOG] [Fast Refresh] done in 17ms @ webpack-internal:///(app-pages-browser)/./node_modules/next/dist/client/dev/report-hmr-latency.js:13
[  133501ms] [LOG] [Fast Refresh] rebuilding @ webpack-internal:///(app-pages-browser)/./node_modules/next/dist/client/dev/hot-reloader/app/hot-reloader-app.js:196
[  133523ms] [LOG] [Fast Refresh] done in 23ms @ webpack-internal:///(app-pages-browser)/./node_modules/next/dist/client/dev/report-hmr-latency.js:13
[  133755ms] [LOG] [Fast Refresh] rebuilding @ webpack-internal:///(app-pages-browser)/./node_modules/next/dist/client/dev/hot-reloader/app/hot-reloader-app.js:196
[  133772ms] [LOG] [Fast Refresh] done in 17ms @ webpack-internal:///(app-pages-browser)/./node_modules/next/dist/client/dev/report-hmr-latency.js:13
[  133913ms] [LOG] [Fast Refresh] rebuilding @ webpack-internal:///(app-pages-browser)/./node_modules/next/dist/client/dev/hot-reloader/app/hot-reloader-app.js:196
[  133984ms] [LOG] [Fast Refresh] done in 72ms @ webpack-internal:///(app-pages-browser)/./node_modules/next/dist/client/dev/report-hmr-latency.js:13
[  134104ms] [LOG] [Fast Refresh] rebuilding @ webpack-internal:///(app-pages-browser)/./node_modules/next/dist/client/dev/hot-reloader/app/hot-reloader-app.js:196
[  134126ms] [LOG] [Fast Refresh] done in 23ms @ webpack-internal:///(app-pages-browser)/./node_modules/next/dist/client/dev/report-hmr-latency.js:13
[  134294ms] [LOG] [Fast Refresh] rebuilding @ webpack-internal:///(app-pages-browser)/./node_modules/next/dist/client/dev/hot-reloader/app/hot-reloader-app.js:196
[  134315ms] [LOG] [Fast Refresh] done in 20ms @ webpack-internal:///(app-pages-browser)/./node_modules/next/dist/client/dev/report-hmr-latency.js:13
[  134485ms] [LOG] [Fast Refresh] rebuilding @ webpack-internal:///(app-pages-browser)/./node_modules/next/dist/client/dev/hot-reloader/app/hot-reloader-app.js:196
[  134516ms] [LOG] [Fast Refresh] done in 32ms @ webpack-internal:///(app-pages-browser)/./node_modules/next/dist/client/dev/report-hmr-latency.js:13
[  134636ms] [LOG] [Fast Refresh] rebuilding @ webpack-internal:///(app-pages-browser)/./node_modules/next/dist/client/dev/hot-reloader/app/hot-reloader-app.js:196
[  134701ms] [LOG] [Fast Refresh] done in 64ms @ webpack-internal:///(app-pages-browser)/./node_modules/next/dist/client/dev/report-hmr-latency.js:13
[  134811ms] [LOG] [Fast Refresh] rebuilding @ webpack-internal:///(app-pages-browser)/./node_modules/next/dist/client/dev/hot-reloader/app/hot-reloader-app.js:196
[  134830ms] [LOG] [Fast Refresh] done in 19ms @ webpack-internal:///(app-pages-browser)/./node_modules/next/dist/client/dev/report-hmr-latency.js:13
[  134997ms] [LOG] [Fast Refresh] rebuilding @ webpack-internal:///(app-pages-browser)/./node_modules/next/dist/client/dev/hot-reloader/app/hot-reloader-app.js:196
[  135012ms] [LOG] [Fast Refresh] done in 15ms @ webpack-internal:///(app-pages-browser)/./node_modules/next/dist/client/dev/report-hmr-latency.js:13
[  135137ms] [LOG] [Fast Refresh] rebuilding @ webpack-internal:///(app-pages-browser)/./node_modules/next/dist/client/dev/hot-reloader/app/hot-reloader-app.js:196
[  135164ms] [LOG] [Fast Refresh] done in 27ms @ webpack-internal:///(app-pages-browser)/./node_modules/next/dist/client/dev/report-hmr-latency.js:13
[  135318ms] [LOG] [Fast Refresh] rebuilding @ webpack-internal:///(app-pages-browser)/./node_modules/next/dist/client/dev/hot-reloader/app/hot-reloader-app.js:196
[  135341ms] [LOG] [Fast Refresh] done in 24ms @ webpack-internal:///(app-pages-browser)/./node_modules/next/dist/client/dev/report-hmr-latency.js:13
[  135507ms] [LOG] [Fast Refresh] rebuilding @ webpack-internal:///(app-pages-browser)/./node_modules/next/dist/client/dev/hot-reloader/app/hot-reloader-app.js:196
[  135522ms] [LOG] [Fast Refresh] done in 16ms @ webpack-internal:///(app-pages-browser)/./node_modules/next/dist/client/dev/report-hmr-latency.js:13
[  135648ms] [LOG] [Fast Refresh] rebuilding @ webpack-internal:///(app-pages-browser)/./node_modules/next/dist/client/dev/hot-reloader/app/hot-reloader-app.js:196
[  135663ms] [LOG] [Fast Refresh] done in 14ms @ webpack-internal:///(app-pages-browser)/./node_modules/next/dist/client/dev/report-hmr-latency.js:13
[  135813ms] [LOG] [Fast Refresh] rebuilding @ webpack-internal:///(app-pages-browser)/./node_modules/next/dist/client/dev/hot-reloader/app/hot-reloader-app.js:196
[  135832ms] [LOG] [Fast Refresh] done in 19ms @ webpack-internal:///(app-pages-browser)/./node_modules/next/dist/client/dev/report-hmr-latency.js:13
[  135953ms] [LOG] [Fast Refresh] rebuilding @ webpack-internal:///(app-pages-browser)/./node_modules/next/dist/client/dev/hot-reloader/app/hot-reloader-app.js:196
[  135968ms] [LOG] [Fast Refresh] done in 16ms @ webpack-internal:///(app-pages-browser)/./node_modules/next/dist/client/dev/report-hmr-latency.js:13
[  136129ms] [LOG] [Fast Refresh] rebuilding @ webpack-internal:///(app-pages-browser)/./node_modules/next/dist/client/dev/hot-reloader/app/hot-reloader-app.js:196
[  136143ms] [LOG] [Fast Refresh] done in 15ms @ webpack-internal:///(app-pages-browser)/./node_modules/next/dist/client/dev/report-hmr-latency.js:13
[  136263ms] [LOG] [Fast Refresh] rebuilding @ webpack-internal:///(app-pages-browser)/./node_modules/next/dist/client/dev/hot-reloader/app/hot-reloader-app.js:196
[  136278ms] [LOG] [Fast Refresh] done in 14ms @ webpack-internal:///(app-pages-browser)/./node_modules/next/dist/client/dev/report-hmr-latency.js:13
[  136445ms] [LOG] [Fast Refresh] rebuilding @ webpack-internal:///(app-pages-browser)/./node_modules/next/dist/client/dev/hot-reloader/app/hot-reloader-app.js:196
[  136466ms] [LOG] [Fast Refresh] done in 21ms @ webpack-internal:///(app-pages-browser)/./node_modules/next/dist/client/dev/report-hmr-latency.js:13
[  136682ms] [LOG] [Fast Refresh] rebuilding @ webpack-internal:///(app-pages-browser)/./node_modules/next/dist/client/dev/hot-reloader/app/hot-reloader-app.js:196
[  136740ms] [LOG] [Fast Refresh] done in 58ms @ webpack-internal:///(app-pages-browser)/./node_modules/next/dist/client/dev/report-hmr-latency.js:13
[  136863ms] [LOG] [Fast Refresh] rebuilding @ webpack-internal:///(app-pages-browser)/./node_modules/next/dist/client/dev/hot-reloader/app/hot-reloader-app.js:196
[  136889ms] [LOG] [Fast Refresh] done in 25ms @ webpack-internal:///(app-pages-browser)/./node_modules/next/dist/client/dev/report-hmr-latency.js:13
[  137004ms] [LOG] [Fast Refresh] rebuilding @ webpack-internal:///(app-pages-browser)/./node_modules/next/dist/client/dev/hot-reloader/app/hot-reloader-app.js:196
[  137019ms] [LOG] [Fast Refresh] done in 14ms @ webpack-internal:///(app-pages-browser)/./node_modules/next/dist/client/dev/report-hmr-latency.js:13
[  137171ms] [LOG] [Fast Refresh] rebuilding @ webpack-internal:///(app-pages-browser)/./node_modules/next/dist/client/dev/hot-reloader/app/hot-reloader-app.js:196
[  137193ms] [LOG] [Fast Refresh] done in 22ms @ webpack-internal:///(app-pages-browser)/./node_modules/next/dist/client/dev/report-hmr-latency.js:13
[  137352ms] [LOG] [Fast Refresh] rebuilding @ webpack-internal:///(app-pages-browser)/./node_modules/next/dist/client/dev/hot-reloader/app/hot-reloader-app.js:196
[  137382ms] [LOG] [Fast Refresh] done in 30ms @ webpack-internal:///(app-pages-browser)/./node_modules/next/dist/client/dev/report-hmr-latency.js:13
[  137520ms] [LOG] [Fast Refresh] rebuilding @ webpack-internal:///(app-pages-browser)/./node_modules/next/dist/client/dev/hot-reloader/app/hot-reloader-app.js:196
[  137547ms] [LOG] [Fast Refresh] done in 28ms @ webpack-internal:///(app-pages-browser)/./node_modules/next/dist/client/dev/report-hmr-latency.js:13
[  137699ms] [LOG] [Fast Refresh] rebuilding @ webpack-internal:///(app-pages-browser)/./node_modules/next/dist/client/dev/hot-reloader/app/hot-reloader-app.js:196
[  137719ms] [LOG] [Fast Refresh] done in 21ms @ webpack-internal:///(app-pages-browser)/./node_modules/next/dist/client/dev/report-hmr-latency.js:13
[  137875ms] [LOG] [Fast Refresh] rebuilding @ webpack-internal:///(app-pages-browser)/./node_modules/next/dist/client/dev/hot-reloader/app/hot-reloader-app.js:196
[  137893ms] [LOG] [Fast Refresh] done in 17ms @ webpack-internal:///(app-pages-browser)/./node_modules/next/dist/client/dev/report-hmr-latency.js:13
[  138021ms] [LOG] [Fast Refresh] rebuilding @ webpack-internal:///(app-pages-browser)/./node_modules/next/dist/client/dev/hot-reloader/app/hot-reloader-app.js:196
[  138048ms] [LOG] [Fast Refresh] done in 27ms @ webpack-internal:///(app-pages-browser)/./node_modules/next/dist/client/dev/report-hmr-latency.js:13
[  138146ms] [LOG] [Fast Refresh] rebuilding @ webpack-internal:///(app-pages-browser)/./node_modules/next/dist/client/dev/hot-reloader/app/hot-reloader-app.js:196
[  138160ms] [LOG] [Fast Refresh] done in 14ms @ webpack-internal:///(app-pages-browser)/./node_modules/next/dist/client/dev/report-hmr-latency.js:13
[  138272ms] [ERROR] Failed to load resource: the server responded with a status of 500 (Internal Server Error) @ http://localhost:3001/?_rsc=fsnpp:0
[  138288ms] [LOG] [Fast Refresh] rebuilding @ webpack-internal:///(app-pages-browser)/./node_modules/next/dist/client/dev/hot-reloader/app/hot-reloader-app.js:196
[  138344ms] [LOG] [Fast Refresh] done in 56ms @ webpack-internal:///(app-pages-browser)/./node_modules/next/dist/client/dev/report-hmr-latency.js:13
[  138454ms] [LOG] [Fast Refresh] rebuilding @ webpack-internal:///(app-pages-browser)/./node_modules/next/dist/client/dev/hot-reloader/app/hot-reloader-app.js:196
[  138474ms] [LOG] [Fast Refresh] done in 19ms @ webpack-internal:///(app-pages-browser)/./node_modules/next/dist/client/dev/report-hmr-latency.js:13
[  138644ms] [LOG] [Fast Refresh] rebuilding @ webpack-internal:///(app-pages-browser)/./node_modules/next/dist/client/dev/hot-reloader/app/hot-reloader-app.js:196
[  138662ms] [LOG] [Fast Refresh] done in 17ms @ webpack-internal:///(app-pages-browser)/./node_modules/next/dist/client/dev/report-hmr-latency.js:13
[  138771ms] [LOG] [Fast Refresh] rebuilding @ webpack-internal:///(app-pages-browser)/./node_modules/next/dist/client/dev/hot-reloader/app/hot-reloader-app.js:196
[  138783ms] [LOG] [Fast Refresh] done in 12ms @ webpack-internal:///(app-pages-browser)/./node_modules/next/dist/client/dev/report-hmr-latency.js:13
[  138927ms] [LOG] [Fast Refresh] rebuilding @ webpack-internal:///(app-pages-browser)/./node_modules/next/dist/client/dev/hot-reloader/app/hot-reloader-app.js:196
[  138949ms] [LOG] [Fast Refresh] done in 22ms @ webpack-internal:///(app-pages-browser)/./node_modules/next/dist/client/dev/report-hmr-latency.js:13
[  139046ms] [LOG] [Fast Refresh] rebuilding @ webpack-internal:///(app-pages-browser)/./node_modules/next/dist/client/dev/hot-reloader/app/hot-reloader-app.js:196
[  139103ms] [LOG] [Fast Refresh] done in 56ms @ webpack-internal:///(app-pages-browser)/./node_modules/next/dist/client/dev/report-hmr-latency.js:13
[  139234ms] [LOG] [Fast Refresh] rebuilding @ webpack-internal:///(app-pages-browser)/./node_modules/next/dist/client/dev/hot-reloader/app/hot-reloader-app.js:196
[  139257ms] [LOG] [Fast Refresh] done in 24ms @ webpack-internal:///(app-pages-browser)/./node_modules/next/dist/client/dev/report-hmr-latency.js:13
[  139459ms] [LOG] [Fast Refresh] rebuilding @ webpack-internal:///(app-pages-browser)/./node_modules/next/dist/client/dev/hot-reloader/app/hot-reloader-app.js:196
[  139472ms] [LOG] [Fast Refresh] done in 14ms @ webpack-internal:///(app-pages-browser)/./node_modules/next/dist/client/dev/report-hmr-latency.js:13
[  139640ms] [LOG] [Fast Refresh] rebuilding @ webpack-internal:///(app-pages-browser)/./node_modules/next/dist/client/dev/hot-reloader/app/hot-reloader-app.js:196
[  139655ms] [LOG] [Fast Refresh] done in 15ms @ webpack-internal:///(app-pages-browser)/./node_modules/next/dist/client/dev/report-hmr-latency.js:13
[  139810ms] [LOG] [Fast Refresh] rebuilding @ webpack-internal:///(app-pages-browser)/./node_modules/next/dist/client/dev/hot-reloader/app/hot-reloader-app.js:196
[  139832ms] [LOG] [Fast Refresh] done in 21ms @ webpack-internal:///(app-pages-browser)/./node_modules/next/dist/client/dev/report-hmr-latency.js:13
[  139988ms] [LOG] [Fast Refresh] rebuilding @ webpack-internal:///(app-pages-browser)/./node_modules/next/dist/client/dev/hot-reloader/app/hot-reloader-app.js:196
[  140004ms] [LOG] [Fast Refresh] done in 15ms @ webpack-internal:///(app-pages-browser)/./node_modules/next/dist/client/dev/report-hmr-latency.js:13
[  140173ms] [LOG] [Fast Refresh] rebuilding @ webpack-internal:///(app-pages-browser)/./node_modules/next/dist/client/dev/hot-reloader/app/hot-reloader-app.js:196
[  140198ms] [LOG] [Fast Refresh] done in 25ms @ webpack-internal:///(app-pages-browser)/./node_modules/next/dist/client/dev/report-hmr-latency.js:13
[  140313ms] [LOG] [Fast Refresh] rebuilding @ webpack-internal:///(app-pages-browser)/./node_modules/next/dist/client/dev/hot-reloader/app/hot-reloader-app.js:196
[  140341ms] [LOG] [Fast Refresh] done in 28ms @ webpack-internal:///(app-pages-browser)/./node_modules/next/dist/client/dev/report-hmr-latency.js:13
[  140429ms] [LOG] [Fast Refresh] rebuilding @ webpack-internal:///(app-pages-browser)/./node_modules/next/dist/client/dev/hot-reloader/app/hot-reloader-app.js:196
[  140443ms] [LOG] [Fast Refresh] done in 14ms @ webpack-internal:///(app-pages-browser)/./node_modules/next/dist/client/dev/report-hmr-latency.js:13
[  140544ms] [ERROR] Failed to load resource: the server responded with a status of 500 (Internal Server Error) @ http://localhost:3001/?_rsc=fsnpp:0
[  140563ms] [LOG] [Fast Refresh] rebuilding @ webpack-internal:///(app-pages-browser)/./node_modules/next/dist/client/dev/hot-reloader/app/hot-reloader-app.js:196
[  140608ms] [LOG] [Fast Refresh] done in 45ms @ webpack-internal:///(app-pages-browser)/./node_modules/next/dist/client/dev/report-hmr-latency.js:13
[  140711ms] [LOG] [Fast Refresh] rebuilding @ webpack-internal:///(app-pages-browser)/./node_modules/next/dist/client/dev/hot-reloader/app/hot-reloader-app.js:196
[  140731ms] [LOG] [Fast Refresh] done in 20ms @ webpack-internal:///(app-pages-browser)/./node_modules/next/dist/client/dev/report-hmr-latency.js:13
[  140869ms] [LOG] [Fast Refresh] rebuilding @ webpack-internal:///(app-pages-browser)/./node_modules/next/dist/client/dev/hot-reloader/app/hot-reloader-app.js:196
[  140896ms] [LOG] [Fast Refresh] done in 27ms @ webpack-internal:///(app-pages-browser)/./node_modules/next/dist/client/dev/report-hmr-latency.js:13
[  141034ms] [LOG] [Fast Refresh] rebuilding @ webpack-internal:///(app-pages-browser)/./node_modules/next/dist/client/dev/hot-reloader/app/hot-reloader-app.js:196
[  141048ms] [LOG] [Fast Refresh] done in 14ms @ webpack-internal:///(app-pages-browser)/./node_modules/next/dist/client/dev/report-hmr-latency.js:13
[  141189ms] [LOG] [Fast Refresh] rebuilding @ webpack-internal:///(app-pages-browser)/./node_modules/next/dist/client/dev/hot-reloader/app/hot-reloader-app.js:196
[  141204ms] [LOG] [Fast Refresh] done in 16ms @ webpack-internal:///(app-pages-browser)/./node_modules/next/dist/client/dev/report-hmr-latency.js:13
[  141342ms] [LOG] [Fast Refresh] rebuilding @ webpack-internal:///(app-pages-browser)/./node_modules/next/dist/client/dev/hot-reloader/app/hot-reloader-app.js:196
[  141367ms] [LOG] [Fast Refresh] done in 25ms @ webpack-internal:///(app-pages-browser)/./node_modules/next/dist/client/dev/report-hmr-latency.js:13
[  141479ms] [LOG] [Fast Refresh] rebuilding @ webpack-internal:///(app-pages-browser)/./node_modules/next/dist/client/dev/hot-reloader/app/hot-reloader-app.js:196
[  141546ms] [LOG] [Fast Refresh] done in 68ms @ webpack-internal:///(app-pages-browser)/./node_modules/next/dist/client/dev/report-hmr-latency.js:13
[  141626ms] [LOG] [Fast Refresh] rebuilding @ webpack-internal:///(app-pages-browser)/./node_modules/next/dist/client/dev/hot-reloader/app/hot-reloader-app.js:196
[  141647ms] [LOG] [Fast Refresh] done in 20ms @ webpack-internal:///(app-pages-browser)/./node_modules/next/dist/client/dev/report-hmr-latency.js:13
[  141725ms] [ERROR] Failed to load resource: the server responded with a status of 500 (Internal Server Error) @ http://localhost:3001/?_rsc=fsnpp:0
[  141968ms] [LOG] [Fast Refresh] rebuilding @ webpack-internal:///(app-pages-browser)/./node_modules/next/dist/client/dev/hot-reloader/app/hot-reloader-app.js:196
[  142122ms] [LOG] [Fast Refresh] done in 154ms @ webpack-internal:///(app-pages-browser)/./node_modules/next/dist/client/dev/report-hmr-latency.js:13
[  142442ms] [LOG] [Fast Refresh] rebuilding @ webpack-internal:///(app-pages-browser)/./node_modules/next/dist/client/dev/hot-reloader/app/hot-reloader-app.js:196
[  142482ms] [LOG] [Fast Refresh] done in 40ms @ webpack-internal:///(app-pages-browser)/./node_modules/next/dist/client/dev/report-hmr-latency.js:13
[  142851ms] [LOG] [Fast Refresh] rebuilding @ webpack-internal:///(app-pages-browser)/./node_modules/next/dist/client/dev/hot-reloader/app/hot-reloader-app.js:196
[  142930ms] [LOG] [Fast Refresh] done in 79ms @ webpack-internal:///(app-pages-browser)/./node_modules/next/dist/client/dev/report-hmr-latency.js:13
[  143179ms] [LOG] [Fast Refresh] rebuilding @ webpack-internal:///(app-pages-browser)/./node_modules/next/dist/client/dev/hot-reloader/app/hot-reloader-app.js:196
[  143205ms] [LOG] [Fast Refresh] done in 27ms @ webpack-internal:///(app-pages-browser)/./node_modules/next/dist/client/dev/report-hmr-latency.js:13
[  143442ms] [LOG] [Fast Refresh] rebuilding @ webpack-internal:///(app-pages-browser)/./node_modules/next/dist/client/dev/hot-reloader/app/hot-reloader-app.js:196
[  143502ms] [LOG] [Fast Refresh] done in 59ms @ webpack-internal:///(app-pages-browser)/./node_modules/next/dist/client/dev/report-hmr-latency.js:13
[  143660ms] [LOG] [Fast Refresh] rebuilding @ webpack-internal:///(app-pages-browser)/./node_modules/next/dist/client/dev/hot-reloader/app/hot-reloader-app.js:196
[  143693ms] [LOG] [Fast Refresh] done in 34ms @ webpack-internal:///(app-pages-browser)/./node_modules/next/dist/client/dev/report-hmr-latency.js:13
[  143885ms] [LOG] [Fast Refresh] rebuilding @ webpack-internal:///(app-pages-browser)/./node_modules/next/dist/client/dev/hot-reloader/app/hot-reloader-app.js:196
[  143973ms] [LOG] [Fast Refresh] done in 87ms @ webpack-internal:///(app-pages-browser)/./node_modules/next/dist/client/dev/report-hmr-latency.js:13
[  144075ms] [LOG] [Fast Refresh] rebuilding @ webpack-internal:///(app-pages-browser)/./node_modules/next/dist/client/dev/hot-reloader/app/hot-reloader-app.js:196
[  144169ms] [LOG] [Fast Refresh] done in 94ms @ webpack-internal:///(app-pages-browser)/./node_modules/next/dist/client/dev/report-hmr-latency.js:13
[  144234ms] [LOG] [Fast Refresh] rebuilding @ webpack-internal:///(app-pages-browser)/./node_modules/next/dist/client/dev/hot-reloader/app/hot-reloader-app.js:196
[  144255ms] [LOG] [Fast Refresh] done in 21ms @ webpack-internal:///(app-pages-browser)/./node_modules/next/dist/client/dev/report-hmr-latency.js:13
[  144358ms] [ERROR] Failed to load resource: the server responded with a status of 500 (Internal Server Error) @ http://localhost:3001/?_rsc=fsnpp:0
[  144380ms] [LOG] [Fast Refresh] rebuilding @ webpack-internal:///(app-pages-browser)/./node_modules/next/dist/client/dev/hot-reloader/app/hot-reloader-app.js:196
[  144436ms] [LOG] [Fast Refresh] done in 55ms @ webpack-internal:///(app-pages-browser)/./node_modules/next/dist/client/dev/report-hmr-latency.js:13
[  144562ms] [LOG] [Fast Refresh] rebuilding @ webpack-internal:///(app-pages-browser)/./node_modules/next/dist/client/dev/hot-reloader/app/hot-reloader-app.js:196
[  144586ms] [LOG] [Fast Refresh] done in 24ms @ webpack-internal:///(app-pages-browser)/./node_modules/next/dist/client/dev/report-hmr-latency.js:13
[  144754ms] [LOG] [Fast Refresh] rebuilding @ webpack-internal:///(app-pages-browser)/./node_modules/next/dist/client/dev/hot-reloader/app/hot-reloader-app.js:196
[  144777ms] [LOG] [Fast Refresh] done in 22ms @ webpack-internal:///(app-pages-browser)/./node_modules/next/dist/client/dev/report-hmr-latency.js:13
[  144970ms] [LOG] [Fast Refresh] rebuilding @ webpack-internal:///(app-pages-browser)/./node_modules/next/dist/client/dev/hot-reloader/app/hot-reloader-app.js:196
[  144994ms] [LOG] [Fast Refresh] done in 24ms @ webpack-internal:///(app-pages-browser)/./node_modules/next/dist/client/dev/report-hmr-latency.js:13
[  145248ms] [LOG] [Fast Refresh] rebuilding @ webpack-internal:///(app-pages-browser)/./node_modules/next/dist/client/dev/hot-reloader/app/hot-reloader-app.js:196
[  145290ms] [LOG] [Fast Refresh] done in 42ms @ webpack-internal:///(app-pages-browser)/./node_modules/next/dist/client/dev/report-hmr-latency.js:13
[  145486ms] [LOG] [Fast Refresh] rebuilding @ webpack-internal:///(app-pages-browser)/./node_modules/next/dist/client/dev/hot-reloader/app/hot-reloader-app.js:196
[  145622ms] [LOG] [Fast Refresh] done in 136ms @ webpack-internal:///(app-pages-browser)/./node_modules/next/dist/client/dev/report-hmr-latency.js:13
[  146009ms] [LOG] [Fast Refresh] rebuilding @ webpack-internal:///(app-pages-browser)/./node_modules/next/dist/client/dev/hot-reloader/app/hot-reloader-app.js:196
[  146390ms] [LOG] [Fast Refresh] done in 380ms @ webpack-internal:///(app-pages-browser)/./node_modules/next/dist/client/dev/report-hmr-latency.js:13
[  146740ms] [LOG] [Fast Refresh] rebuilding @ webpack-internal:///(app-pages-browser)/./node_modules/next/dist/client/dev/hot-reloader/app/hot-reloader-app.js:196
[  146809ms] [LOG] [Fast Refresh] done in 68ms @ webpack-internal:///(app-pages-browser)/./node_modules/next/dist/client/dev/report-hmr-latency.js:13
[  146929ms] [LOG] [Fast Refresh] rebuilding @ webpack-internal:///(app-pages-browser)/./node_modules/next/dist/client/dev/hot-reloader/app/hot-reloader-app.js:196
[  146951ms] [LOG] [Fast Refresh] done in 22ms @ webpack-internal:///(app-pages-browser)/./node_modules/next/dist/client/dev/report-hmr-latency.js:13
[  147105ms] [LOG] [Fast Refresh] rebuilding @ webpack-internal:///(app-pages-browser)/./node_modules/next/dist/client/dev/hot-reloader/app/hot-reloader-app.js:196
[  147130ms] [LOG] [Fast Refresh] done in 24ms @ webpack-internal:///(app-pages-browser)/./node_modules/next/dist/client/dev/report-hmr-latency.js:13
[  147316ms] [LOG] [Fast Refresh] rebuilding @ webpack-internal:///(app-pages-browser)/./node_modules/next/dist/client/dev/hot-reloader/app/hot-reloader-app.js:196
[  147418ms] [LOG] [Fast Refresh] done in 101ms @ webpack-internal:///(app-pages-browser)/./node_modules/next/dist/client/dev/report-hmr-latency.js:13
[  147539ms] [LOG] [Fast Refresh] rebuilding @ webpack-internal:///(app-pages-browser)/./node_modules/next/dist/client/dev/hot-reloader/app/hot-reloader-app.js:196
[  147560ms] [LOG] [Fast Refresh] done in 20ms @ webpack-internal:///(app-pages-browser)/./node_modules/next/dist/client/dev/report-hmr-latency.js:13
[  147705ms] [LOG] [Fast Refresh] rebuilding @ webpack-internal:///(app-pages-browser)/./node_modules/next/dist/client/dev/hot-reloader/app/hot-reloader-app.js:196
[  147728ms] [LOG] [Fast Refresh] done in 23ms @ webpack-internal:///(app-pages-browser)/./node_modules/next/dist/client/dev/report-hmr-latency.js:13
[  147846ms] [LOG] [Fast Refresh] rebuilding @ webpack-internal:///(app-pages-browser)/./node_modules/next/dist/client/dev/hot-reloader/app/hot-reloader-app.js:196
[  147866ms] [LOG] [Fast Refresh] done in 19ms @ webpack-internal:///(app-pages-browser)/./node_modules/next/dist/client/dev/report-hmr-latency.js:13
[  148010ms] [LOG] [Fast Refresh] rebuilding @ webpack-internal:///(app-pages-browser)/./node_modules/next/dist/client/dev/hot-reloader/app/hot-reloader-app.js:196
[  148044ms] [LOG] [Fast Refresh] done in 33ms @ webpack-internal:///(app-pages-browser)/./node_modules/next/dist/client/dev/report-hmr-latency.js:13
[  148222ms] [LOG] [Fast Refresh] rebuilding @ webpack-internal:///(app-pages-browser)/./node_modules/next/dist/client/dev/hot-reloader/app/hot-reloader-app.js:196
[  148253ms] [LOG] [Fast Refresh] done in 31ms @ webpack-internal:///(app-pages-browser)/./node_modules/next/dist/client/dev/report-hmr-latency.js:13
[  148445ms] [LOG] [Fast Refresh] rebuilding @ webpack-internal:///(app-pages-browser)/./node_modules/next/dist/client/dev/hot-reloader/app/hot-reloader-app.js:196
[  148466ms] [LOG] [Fast Refresh] done in 21ms @ webpack-internal:///(app-pages-browser)/./node_modules/next/dist/client/dev/report-hmr-latency.js:13
[  148638ms] [LOG] [Fast Refresh] rebuilding @ webpack-internal:///(app-pages-browser)/./node_modules/next/dist/client/dev/hot-reloader/app/hot-reloader-app.js:196
[  148661ms] [LOG] [Fast Refresh] done in 22ms @ webpack-internal:///(app-pages-browser)/./node_modules/next/dist/client/dev/report-hmr-latency.js:13
[  148897ms] [LOG] [Fast Refresh] rebuilding @ webpack-internal:///(app-pages-browser)/./node_modules/next/dist/client/dev/hot-reloader/app/hot-reloader-app.js:196
[  148968ms] [LOG] [Fast Refresh] done in 71ms @ webpack-internal:///(app-pages-browser)/./node_modules/next/dist/client/dev/report-hmr-latency.js:13
[  149309ms] [LOG] [Fast Refresh] rebuilding @ webpack-internal:///(app-pages-browser)/./node_modules/next/dist/client/dev/hot-reloader/app/hot-reloader-app.js:196
[  149401ms] [LOG] [Fast Refresh] done in 92ms @ webpack-internal:///(app-pages-browser)/./node_modules/next/dist/client/dev/report-hmr-latency.js:13
[  149587ms] [LOG] [Fast Refresh] rebuilding @ webpack-internal:///(app-pages-browser)/./node_modules/next/dist/client/dev/hot-reloader/app/hot-reloader-app.js:196
[  149675ms] [LOG] [Fast Refresh] done in 88ms @ webpack-internal:///(app-pages-browser)/./node_modules/next/dist/client/dev/report-hmr-latency.js:13
[  149825ms] [LOG] [Fast Refresh] rebuilding @ webpack-internal:///(app-pages-browser)/./node_modules/next/dist/client/dev/hot-reloader/app/hot-reloader-app.js:196
[  149860ms] [LOG] [Fast Refresh] done in 34ms @ webpack-internal:///(app-pages-browser)/./node_modules/next/dist/client/dev/report-hmr-latency.js:13
[  150045ms] [LOG] [Fast Refresh] rebuilding @ webpack-internal:///(app-pages-browser)/./node_modules/next/dist/client/dev/hot-reloader/app/hot-reloader-app.js:196
[  150065ms] [LOG] [Fast Refresh] done in 21ms @ webpack-internal:///(app-pages-browser)/./node_modules/next/dist/client/dev/report-hmr-latency.js:13
[  150303ms] [LOG] [Fast Refresh] rebuilding @ webpack-internal:///(app-pages-browser)/./node_modules/next/dist/client/dev/hot-reloader/app/hot-reloader-app.js:196
[  150452ms] [LOG] [Fast Refresh] done in 148ms @ webpack-internal:///(app-pages-browser)/./node_modules/next/dist/client/dev/report-hmr-latency.js:13
[  150703ms] [LOG] [Fast Refresh] rebuilding @ webpack-internal:///(app-pages-browser)/./node_modules/next/dist/client/dev/hot-reloader/app/hot-reloader-app.js:196
[  150807ms] [LOG] [Fast Refresh] done in 104ms @ webpack-internal:///(app-pages-browser)/./node_modules/next/dist/client/dev/report-hmr-latency.js:13
[  150922ms] [LOG] [Fast Refresh] rebuilding @ webpack-internal:///(app-pages-browser)/./node_modules/next/dist/client/dev/hot-reloader/app/hot-reloader-app.js:196
[  151011ms] [LOG] [Fast Refresh] done in 89ms @ webpack-internal:///(app-pages-browser)/./node_modules/next/dist/client/dev/report-hmr-latency.js:13
[  151133ms] [LOG] [Fast Refresh] rebuilding @ webpack-internal:///(app-pages-browser)/./node_modules/next/dist/client/dev/hot-reloader/app/hot-reloader-app.js:196
[  151163ms] [LOG] [Fast Refresh] done in 30ms @ webpack-internal:///(app-pages-browser)/./node_modules/next/dist/client/dev/report-hmr-latency.js:13
[  151850ms] [LOG] [Fast Refresh] rebuilding @ webpack-internal:///(app-pages-browser)/./node_modules/next/dist/client/dev/hot-reloader/app/hot-reloader-app.js:196
[  151920ms] [LOG] [Fast Refresh] done in 70ms @ webpack-internal:///(app-pages-browser)/./node_modules/next/dist/client/dev/report-hmr-latency.js:13
[  152042ms] [LOG] [Fast Refresh] rebuilding @ webpack-internal:///(app-pages-browser)/./node_modules/next/dist/client/dev/hot-reloader/app/hot-reloader-app.js:196
[  152071ms] [LOG] [Fast Refresh] done in 29ms @ webpack-internal:///(app-pages-browser)/./node_modules/next/dist/client/dev/report-hmr-latency.js:13
[  152265ms] [LOG] [Fast Refresh] rebuilding @ webpack-internal:///(app-pages-browser)/./node_modules/next/dist/client/dev/hot-reloader/app/hot-reloader-app.js:196
[  152298ms] [LOG] [Fast Refresh] done in 33ms @ webpack-internal:///(app-pages-browser)/./node_modules/next/dist/client/dev/report-hmr-latency.js:13
[  152499ms] [LOG] [Fast Refresh] rebuilding @ webpack-internal:///(app-pages-browser)/./node_modules/next/dist/client/dev/hot-reloader/app/hot-reloader-app.js:196
[  152526ms] [LOG] [Fast Refresh] done in 28ms @ webpack-internal:///(app-pages-browser)/./node_modules/next/dist/client/dev/report-hmr-latency.js:13
[  152759ms] [LOG] [Fast Refresh] rebuilding @ webpack-internal:///(app-pages-browser)/./node_modules/next/dist/client/dev/hot-reloader/app/hot-reloader-app.js:196
[  152863ms] [LOG] [Fast Refresh] done in 104ms @ webpack-internal:///(app-pages-browser)/./node_modules/next/dist/client/dev/report-hmr-latency.js:13
[  152940ms] [LOG] [Fast Refresh] rebuilding @ webpack-internal:///(app-pages-browser)/./node_modules/next/dist/client/dev/hot-reloader/app/hot-reloader-app.js:196
[  153032ms] [LOG] [Fast Refresh] done in 93ms @ webpack-internal:///(app-pages-browser)/./node_modules/next/dist/client/dev/report-hmr-latency.js:13
[  153175ms] [LOG] [Fast Refresh] rebuilding @ webpack-internal:///(app-pages-browser)/./node_modules/next/dist/client/dev/hot-reloader/app/hot-reloader-app.js:196
[  153195ms] [LOG] [Fast Refresh] done in 21ms @ webpack-internal:///(app-pages-browser)/./node_modules/next/dist/client/dev/report-hmr-latency.js:13
[  153410ms] [LOG] [Fast Refresh] rebuilding @ webpack-internal:///(app-pages-browser)/./node_modules/next/dist/client/dev/hot-reloader/app/hot-reloader-app.js:196
[  153497ms] [LOG] [Fast Refresh] done in 86ms @ webpack-internal:///(app-pages-browser)/./node_modules/next/dist/client/dev/report-hmr-latency.js:13
[  153650ms] [LOG] [Fast Refresh] rebuilding @ webpack-internal:///(app-pages-browser)/./node_modules/next/dist/client/dev/hot-reloader/app/hot-reloader-app.js:196
[  153680ms] [LOG] [Fast Refresh] done in 30ms @ webpack-internal:///(app-pages-browser)/./node_modules/next/dist/client/dev/report-hmr-latency.js:13
[  153805ms] [LOG] [Fast Refresh] rebuilding @ webpack-internal:///(app-pages-browser)/./node_modules/next/dist/client/dev/hot-reloader/app/hot-reloader-app.js:196
[  153827ms] [LOG] [Fast Refresh] done in 21ms @ webpack-internal:///(app-pages-browser)/./node_modules/next/dist/client/dev/report-hmr-latency.js:13
[  154003ms] [LOG] [Fast Refresh] rebuilding @ webpack-internal:///(app-pages-browser)/./node_modules/next/dist/client/dev/hot-reloader/app/hot-reloader-app.js:196
[  154022ms] [LOG] [Fast Refresh] done in 19ms @ webpack-internal:///(app-pages-browser)/./node_modules/next/dist/client/dev/report-hmr-latency.js:13
[  154149ms] [LOG] [Fast Refresh] rebuilding @ webpack-internal:///(app-pages-browser)/./node_modules/next/dist/client/dev/hot-reloader/app/hot-reloader-app.js:196
[  154215ms] [LOG] [Fast Refresh] done in 67ms @ webpack-internal:///(app-pages-browser)/./node_modules/next/dist/client/dev/report-hmr-latency.js:13
[  154318ms] [LOG] [Fast Refresh] rebuilding @ webpack-internal:///(app-pages-browser)/./node_modules/next/dist/client/dev/hot-reloader/app/hot-reloader-app.js:196
[  154342ms] [LOG] [Fast Refresh] done in 25ms @ webpack-internal:///(app-pages-browser)/./node_modules/next/dist/client/dev/report-hmr-latency.js:13
[  154553ms] [LOG] [Fast Refresh] rebuilding @ webpack-internal:///(app-pages-browser)/./node_modules/next/dist/client/dev/hot-reloader/app/hot-reloader-app.js:196
[  154596ms] [LOG] [Fast Refresh] done in 43ms @ webpack-internal:///(app-pages-browser)/./node_modules/next/dist/client/dev/report-hmr-latency.js:13
[  154731ms] [LOG] [Fast Refresh] rebuilding @ webpack-internal:///(app-pages-browser)/./node_modules/next/dist/client/dev/hot-reloader/app/hot-reloader-app.js:196
[  154760ms] [LOG] [Fast Refresh] done in 29ms @ webpack-internal:///(app-pages-browser)/./node_modules/next/dist/client/dev/report-hmr-latency.js:13
[  154845ms] [LOG] [Fast Refresh] rebuilding @ webpack-internal:///(app-pages-browser)/./node_modules/next/dist/client/dev/hot-reloader/app/hot-reloader-app.js:196
[  154868ms] [LOG] [Fast Refresh] done in 23ms @ webpack-internal:///(app-pages-browser)/./node_modules/next/dist/client/dev/report-hmr-latency.js:13
[  154959ms] [ERROR] Failed to load resource: the server responded with a status of 500 (Internal Server Error) @ http://localhost:3001/?_rsc=fsnpp:0
[  154986ms] [LOG] [Fast Refresh] rebuilding @ webpack-internal:///(app-pages-browser)/./node_modules/next/dist/client/dev/hot-reloader/app/hot-reloader-app.js:196
[  155055ms] [LOG] [Fast Refresh] done in 70ms @ webpack-internal:///(app-pages-browser)/./node_modules/next/dist/client/dev/report-hmr-latency.js:13
[  155212ms] [LOG] [Fast Refresh] rebuilding @ webpack-internal:///(app-pages-browser)/./node_modules/next/dist/client/dev/hot-reloader/app/hot-reloader-app.js:196
[  155237ms] [LOG] [Fast Refresh] done in 25ms @ webpack-internal:///(app-pages-browser)/./node_modules/next/dist/client/dev/report-hmr-latency.js:13
[  155384ms] [LOG] [Fast Refresh] rebuilding @ webpack-internal:///(app-pages-browser)/./node_modules/next/dist/client/dev/hot-reloader/app/hot-reloader-app.js:196
[  155406ms] [LOG] [Fast Refresh] done in 21ms @ webpack-internal:///(app-pages-browser)/./node_modules/next/dist/client/dev/report-hmr-latency.js:13
[  155516ms] [LOG] [Fast Refresh] rebuilding @ webpack-internal:///(app-pages-browser)/./node_modules/next/dist/client/dev/hot-reloader/app/hot-reloader-app.js:196
[  155530ms] [LOG] [Fast Refresh] done in 13ms @ webpack-internal:///(app-pages-browser)/./node_modules/next/dist/client/dev/report-hmr-latency.js:13
[  155672ms] [LOG] [Fast Refresh] rebuilding @ webpack-internal:///(app-pages-browser)/./node_modules/next/dist/client/dev/hot-reloader/app/hot-reloader-app.js:196
[  155687ms] [LOG] [Fast Refresh] done in 15ms @ webpack-internal:///(app-pages-browser)/./node_modules/next/dist/client/dev/report-hmr-latency.js:13
[  155795ms] [LOG] [Fast Refresh] rebuilding @ webpack-internal:///(app-pages-browser)/./node_modules/next/dist/client/dev/hot-reloader/app/hot-reloader-app.js:196
[  155811ms] [LOG] [Fast Refresh] done in 16ms @ webpack-internal:///(app-pages-browser)/./node_modules/next/dist/client/dev/report-hmr-latency.js:13
[  155947ms] [LOG] [Fast Refresh] rebuilding @ webpack-internal:///(app-pages-browser)/./node_modules/next/dist/client/dev/hot-reloader/app/hot-reloader-app.js:196
[  155963ms] [LOG] [Fast Refresh] done in 17ms @ webpack-internal:///(app-pages-browser)/./node_modules/next/dist/client/dev/report-hmr-latency.js:13
[  156101ms] [LOG] [Fast Refresh] rebuilding @ webpack-internal:///(app-pages-browser)/./node_modules/next/dist/client/dev/hot-reloader/app/hot-reloader-app.js:196
[  156117ms] [LOG] [Fast Refresh] done in 16ms @ webpack-internal:///(app-pages-browser)/./node_modules/next/dist/client/dev/report-hmr-latency.js:13
[  156250ms] [LOG] [Fast Refresh] rebuilding @ webpack-internal:///(app-pages-browser)/./node_modules/next/dist/client/dev/hot-reloader/app/hot-reloader-app.js:196
[  156280ms] [LOG] [Fast Refresh] done in 29ms @ webpack-internal:///(app-pages-browser)/./node_modules/next/dist/client/dev/report-hmr-latency.js:13
[  156370ms] [LOG] [Fast Refresh] rebuilding @ webpack-internal:///(app-pages-browser)/./node_modules/next/dist/client/dev/hot-reloader/app/hot-reloader-app.js:196
[  156387ms] [LOG] [Fast Refresh] done in 17ms @ webpack-internal:///(app-pages-browser)/./node_modules/next/dist/client/dev/report-hmr-latency.js:13
[  156517ms] [LOG] [Fast Refresh] rebuilding @ webpack-internal:///(app-pages-browser)/./node_modules/next/dist/client/dev/hot-reloader/app/hot-reloader-app.js:196
[  156545ms] [LOG] [Fast Refresh] done in 28ms @ webpack-internal:///(app-pages-browser)/./node_modules/next/dist/client/dev/report-hmr-latency.js:13
[  156682ms] [LOG] [Fast Refresh] rebuilding @ webpack-internal:///(app-pages-browser)/./node_modules/next/dist/client/dev/hot-reloader/app/hot-reloader-app.js:196
[  156723ms] [LOG] [Fast Refresh] done in 41ms @ webpack-internal:///(app-pages-browser)/./node_modules/next/dist/client/dev/report-hmr-latency.js:13
[  156875ms] [LOG] [Fast Refresh] rebuilding @ webpack-internal:///(app-pages-browser)/./node_modules/next/dist/client/dev/hot-reloader/app/hot-reloader-app.js:196
[  156900ms] [LOG] [Fast Refresh] done in 25ms @ webpack-internal:///(app-pages-browser)/./node_modules/next/dist/client/dev/report-hmr-latency.js:13
[  156996ms] [LOG] [Fast Refresh] rebuilding @ webpack-internal:///(app-pages-browser)/./node_modules/next/dist/client/dev/hot-reloader/app/hot-reloader-app.js:196
[  157062ms] [LOG] [Fast Refresh] done in 66ms @ webpack-internal:///(app-pages-browser)/./node_modules/next/dist/client/dev/report-hmr-latency.js:13
[  157156ms] [LOG] [Fast Refresh] rebuilding @ webpack-internal:///(app-pages-browser)/./node_modules/next/dist/client/dev/hot-reloader/app/hot-reloader-app.js:196
[  157179ms] [LOG] [Fast Refresh] done in 23ms @ webpack-internal:///(app-pages-browser)/./node_modules/next/dist/client/dev/report-hmr-latency.js:13
[  157312ms] [LOG] [Fast Refresh] rebuilding @ webpack-internal:///(app-pages-browser)/./node_modules/next/dist/client/dev/hot-reloader/app/hot-reloader-app.js:196
[  157329ms] [LOG] [Fast Refresh] done in 17ms @ webpack-internal:///(app-pages-browser)/./node_modules/next/dist/client/dev/report-hmr-latency.js:13
[  157435ms] [LOG] [Fast Refresh] rebuilding @ webpack-internal:///(app-pages-browser)/./node_modules/next/dist/client/dev/hot-reloader/app/hot-reloader-app.js:196
[  157448ms] [LOG] [Fast Refresh] done in 14ms @ webpack-internal:///(app-pages-browser)/./node_modules/next/dist/client/dev/report-hmr-latency.js:13
[  157599ms] [LOG] [Fast Refresh] rebuilding @ webpack-internal:///(app-pages-browser)/./node_modules/next/dist/client/dev/hot-reloader/app/hot-reloader-app.js:196
[  157622ms] [LOG] [Fast Refresh] done in 22ms @ webpack-internal:///(app-pages-browser)/./node_modules/next/dist/client/dev/report-hmr-latency.js:13
[  157970ms] [LOG] [Fast Refresh] rebuilding @ webpack-internal:///(app-pages-browser)/./node_modules/next/dist/client/dev/hot-reloader/app/hot-reloader-app.js:196
[  158047ms] [LOG] [Fast Refresh] done in 76ms @ webpack-internal:///(app-pages-browser)/./node_modules/next/dist/client/dev/report-hmr-latency.js:13
[  158175ms] [LOG] [Fast Refresh] rebuilding @ webpack-internal:///(app-pages-browser)/./node_modules/next/dist/client/dev/hot-reloader/app/hot-reloader-app.js:196
[  158193ms] [LOG] [Fast Refresh] done in 19ms @ webpack-internal:///(app-pages-browser)/./node_modules/next/dist/client/dev/report-hmr-latency.js:13
[  158214ms] [ERROR] Failed to load resource: the server responded with a status of 500 (Internal Server Error) @ http://localhost:3001/?_rsc=fsnpp:0
[  158321ms] [LOG] [Fast Refresh] rebuilding @ webpack-internal:///(app-pages-browser)/./node_modules/next/dist/client/dev/hot-reloader/app/hot-reloader-app.js:196
[  158387ms] [LOG] [Fast Refresh] done in 66ms @ webpack-internal:///(app-pages-browser)/./node_modules/next/dist/client/dev/report-hmr-latency.js:13
[  158478ms] [LOG] [Fast Refresh] rebuilding @ webpack-internal:///(app-pages-browser)/./node_modules/next/dist/client/dev/hot-reloader/app/hot-reloader-app.js:196
[  158502ms] [LOG] [Fast Refresh] done in 24ms @ webpack-internal:///(app-pages-browser)/./node_modules/next/dist/client/dev/report-hmr-latency.js:13
[  158638ms] [LOG] [Fast Refresh] rebuilding @ webpack-internal:///(app-pages-browser)/./node_modules/next/dist/client/dev/hot-reloader/app/hot-reloader-app.js:196
[  158653ms] [LOG] [Fast Refresh] done in 14ms @ webpack-internal:///(app-pages-browser)/./node_modules/next/dist/client/dev/report-hmr-latency.js:13
[  158794ms] [LOG] [Fast Refresh] rebuilding @ webpack-internal:///(app-pages-browser)/./node_modules/next/dist/client/dev/hot-reloader/app/hot-reloader-app.js:196
[  158859ms] [LOG] [Fast Refresh] done in 64ms @ webpack-internal:///(app-pages-browser)/./node_modules/next/dist/client/dev/report-hmr-latency.js:13
[  158943ms] [LOG] [Fast Refresh] rebuilding @ webpack-internal:///(app-pages-browser)/./node_modules/next/dist/client/dev/hot-reloader/app/hot-reloader-app.js:196
[  158969ms] [LOG] [Fast Refresh] done in 26ms @ webpack-internal:///(app-pages-browser)/./node_modules/next/dist/client/dev/report-hmr-latency.js:13
[  159096ms] [LOG] [Fast Refresh] rebuilding @ webpack-internal:///(app-pages-browser)/./node_modules/next/dist/client/dev/hot-reloader/app/hot-reloader-app.js:196
[  159155ms] [LOG] [Fast Refresh] done in 59ms @ webpack-internal:///(app-pages-browser)/./node_modules/next/dist/client/dev/report-hmr-latency.js:13
[  159235ms] [LOG] [Fast Refresh] rebuilding @ webpack-internal:///(app-pages-browser)/./node_modules/next/dist/client/dev/hot-reloader/app/hot-reloader-app.js:196
[  159261ms] [LOG] [Fast Refresh] done in 25ms @ webpack-internal:///(app-pages-browser)/./node_modules/next/dist/client/dev/report-hmr-latency.js:13
[  159350ms] [LOG] [Fast Refresh] rebuilding @ webpack-internal:///(app-pages-browser)/./node_modules/next/dist/client/dev/hot-reloader/app/hot-reloader-app.js:196
[  159372ms] [LOG] [Fast Refresh] done in 21ms @ webpack-internal:///(app-pages-browser)/./node_modules/next/dist/client/dev/report-hmr-latency.js:13
[  159460ms] [ERROR] Failed to load resource: the server responded with a status of 500 (Internal Server Error) @ http://localhost:3001/?_rsc=fsnpp:0
[  159478ms] [LOG] [Fast Refresh] rebuilding @ webpack-internal:///(app-pages-browser)/./node_modules/next/dist/client/dev/hot-reloader/app/hot-reloader-app.js:196
[  159527ms] [LOG] [Fast Refresh] done in 49ms @ webpack-internal:///(app-pages-browser)/./node_modules/next/dist/client/dev/report-hmr-latency.js:13
[  159624ms] [LOG] [Fast Refresh] rebuilding @ webpack-internal:///(app-pages-browser)/./node_modules/next/dist/client/dev/hot-reloader/app/hot-reloader-app.js:196
[  159642ms] [LOG] [Fast Refresh] done in 18ms @ webpack-internal:///(app-pages-browser)/./node_modules/next/dist/client/dev/report-hmr-latency.js:13
[  159777ms] [LOG] [Fast Refresh] rebuilding @ webpack-internal:///(app-pages-browser)/./node_modules/next/dist/client/dev/hot-reloader/app/hot-reloader-app.js:196
[  159803ms] [LOG] [Fast Refresh] done in 25ms @ webpack-internal:///(app-pages-browser)/./node_modules/next/dist/client/dev/report-hmr-latency.js:13
[  159999ms] [LOG] [Fast Refresh] rebuilding @ webpack-internal:///(app-pages-browser)/./node_modules/next/dist/client/dev/hot-reloader/app/hot-reloader-app.js:196
[  160048ms] [LOG] [Fast Refresh] done in 49ms @ webpack-internal:///(app-pages-browser)/./node_modules/next/dist/client/dev/report-hmr-latency.js:13
[  160269ms] [LOG] [Fast Refresh] rebuilding @ webpack-internal:///(app-pages-browser)/./node_modules/next/dist/client/dev/hot-reloader/app/hot-reloader-app.js:196
[  160331ms] [LOG] [Fast Refresh] done in 63ms @ webpack-internal:///(app-pages-browser)/./node_modules/next/dist/client/dev/report-hmr-latency.js:13
[  160471ms] [LOG] [Fast Refresh] rebuilding @ webpack-internal:///(app-pages-browser)/./node_modules/next/dist/client/dev/hot-reloader/app/hot-reloader-app.js:196
[  160494ms] [LOG] [Fast Refresh] done in 22ms @ webpack-internal:///(app-pages-browser)/./node_modules/next/dist/client/dev/report-hmr-latency.js:13
[  160674ms] [LOG] [Fast Refresh] rebuilding @ webpack-internal:///(app-pages-browser)/./node_modules/next/dist/client/dev/hot-reloader/app/hot-reloader-app.js:196
[  160703ms] [LOG] [Fast Refresh] done in 30ms @ webpack-internal:///(app-pages-browser)/./node_modules/next/dist/client/dev/report-hmr-latency.js:13
[  160943ms] [LOG] [Fast Refresh] rebuilding @ webpack-internal:///(app-pages-browser)/./node_modules/next/dist/client/dev/hot-reloader/app/hot-reloader-app.js:196
[  161007ms] [LOG] [Fast Refresh] done in 65ms @ webpack-internal:///(app-pages-browser)/./node_modules/next/dist/client/dev/report-hmr-latency.js:13
[  161109ms] [LOG] [Fast Refresh] rebuilding @ webpack-internal:///(app-pages-browser)/./node_modules/next/dist/client/dev/hot-reloader/app/hot-reloader-app.js:196
[  161130ms] [LOG] [Fast Refresh] done in 21ms @ webpack-internal:///(app-pages-browser)/./node_modules/next/dist/client/dev/report-hmr-latency.js:13
[  161286ms] [LOG] [Fast Refresh] rebuilding @ webpack-internal:///(app-pages-browser)/./node_modules/next/dist/client/dev/hot-reloader/app/hot-reloader-app.js:196
[  161315ms] [LOG] [Fast Refresh] done in 30ms @ webpack-internal:///(app-pages-browser)/./node_modules/next/dist/client/dev/report-hmr-latency.js:13
[  161451ms] [LOG] [Fast Refresh] rebuilding @ webpack-internal:///(app-pages-browser)/./node_modules/next/dist/client/dev/hot-reloader/app/hot-reloader-app.js:196
[  161480ms] [LOG] [Fast Refresh] done in 30ms @ webpack-internal:///(app-pages-browser)/./node_modules/next/dist/client/dev/report-hmr-latency.js:13
[  161607ms] [LOG] [Fast Refresh] rebuilding @ webpack-internal:///(app-pages-browser)/./node_modules/next/dist/client/dev/hot-reloader/app/hot-reloader-app.js:196
[  161643ms] [LOG] [Fast Refresh] done in 37ms @ webpack-internal:///(app-pages-browser)/./node_modules/next/dist/client/dev/report-hmr-latency.js:13
[  161755ms] [LOG] [Fast Refresh] rebuilding @ webpack-internal:///(app-pages-browser)/./node_modules/next/dist/client/dev/hot-reloader/app/hot-reloader-app.js:196
[  161780ms] [LOG] [Fast Refresh] done in 25ms @ webpack-internal:///(app-pages-browser)/./node_modules/next/dist/client/dev/report-hmr-latency.js:13
[  161878ms] [LOG] [Fast Refresh] rebuilding @ webpack-internal:///(app-pages-browser)/./node_modules/next/dist/client/dev/hot-reloader/app/hot-reloader-app.js:196
[  161894ms] [LOG] [Fast Refresh] done in 15ms @ webpack-internal:///(app-pages-browser)/./node_modules/next/dist/client/dev/report-hmr-latency.js:13
[  161995ms] [ERROR] Failed to load resource: the server responded with a status of 500 (Internal Server Error) @ http://localhost:3001/?_rsc=fsnpp:0
[  162011ms] [LOG] [Fast Refresh] rebuilding @ webpack-internal:///(app-pages-browser)/./node_modules/next/dist/client/dev/hot-reloader/app/hot-reloader-app.js:196
[  162061ms] [LOG] [Fast Refresh] done in 49ms @ webpack-internal:///(app-pages-browser)/./node_modules/next/dist/client/dev/report-hmr-latency.js:13
[  162155ms] [LOG] [Fast Refresh] rebuilding @ webpack-internal:///(app-pages-browser)/./node_modules/next/dist/client/dev/hot-reloader/app/hot-reloader-app.js:196
[  162188ms] [LOG] [Fast Refresh] done in 34ms @ webpack-internal:///(app-pages-browser)/./node_modules/next/dist/client/dev/report-hmr-latency.js:13
[  162307ms] [LOG] [Fast Refresh] rebuilding @ webpack-internal:///(app-pages-browser)/./node_modules/next/dist/client/dev/hot-reloader/app/hot-reloader-app.js:196
[  162332ms] [LOG] [Fast Refresh] done in 24ms @ webpack-internal:///(app-pages-browser)/./node_modules/next/dist/client/dev/report-hmr-latency.js:13
[  162457ms] [LOG] [Fast Refresh] rebuilding @ webpack-internal:///(app-pages-browser)/./node_modules/next/dist/client/dev/hot-reloader/app/hot-reloader-app.js:196
[  162486ms] [LOG] [Fast Refresh] done in 29ms @ webpack-internal:///(app-pages-browser)/./node_modules/next/dist/client/dev/report-hmr-latency.js:13
[  162651ms] [LOG] [Fast Refresh] rebuilding @ webpack-internal:///(app-pages-browser)/./node_modules/next/dist/client/dev/hot-reloader/app/hot-reloader-app.js:196
[  162674ms] [LOG] [Fast Refresh] done in 22ms @ webpack-internal:///(app-pages-browser)/./node_modules/next/dist/client/dev/report-hmr-latency.js:13
[  162850ms] [LOG] [Fast Refresh] rebuilding @ webpack-internal:///(app-pages-browser)/./node_modules/next/dist/client/dev/hot-reloader/app/hot-reloader-app.js:196
[  162874ms] [LOG] [Fast Refresh] done in 24ms @ webpack-internal:///(app-pages-browser)/./node_modules/next/dist/client/dev/report-hmr-latency.js:13
[  163254ms] [LOG] [Fast Refresh] rebuilding @ webpack-internal:///(app-pages-browser)/./node_modules/next/dist/client/dev/hot-reloader/app/hot-reloader-app.js:196
[  163274ms] [LOG] [Fast Refresh] done in 19ms @ webpack-internal:///(app-pages-browser)/./node_modules/next/dist/client/dev/report-hmr-latency.js:13
[  163533ms] [LOG] [Fast Refresh] done in 278ms @ webpack-internal:///(app-pages-browser)/./node_modules/next/dist/client/dev/report-hmr-latency.js:13
[  163535ms] [LOG] [Fast Refresh] rebuilding @ webpack-internal:///(app-pages-browser)/./node_modules/next/dist/client/dev/hot-reloader/app/hot-reloader-app.js:196
[  163681ms] [LOG] [Fast Refresh] done in 147ms @ webpack-internal:///(app-pages-browser)/./node_modules/next/dist/client/dev/report-hmr-latency.js:13
[  163684ms] [LOG] [Fast Refresh] rebuilding @ webpack-internal:///(app-pages-browser)/./node_modules/next/dist/client/dev/hot-reloader/app/hot-reloader-app.js:196
[  163805ms] [ERROR] Failed to load resource: the server responded with a status of 500 (Internal Server Error) @ http://localhost:3001/?_rsc=fsnpp:0
[  163889ms] [LOG] [Fast Refresh] rebuilding @ webpack-internal:///(app-pages-browser)/./node_modules/next/dist/client/dev/hot-reloader/app/hot-reloader-app.js:196
[  164072ms] [LOG] [Fast Refresh] done in 183ms @ webpack-internal:///(app-pages-browser)/./node_modules/next/dist/client/dev/report-hmr-latency.js:13
[  164195ms] [LOG] [Fast Refresh] rebuilding @ webpack-internal:///(app-pages-browser)/./node_modules/next/dist/client/dev/hot-reloader/app/hot-reloader-app.js:196
[  164230ms] [LOG] [Fast Refresh] done in 35ms @ webpack-internal:///(app-pages-browser)/./node_modules/next/dist/client/dev/report-hmr-latency.js:13
[  164348ms] [LOG] [Fast Refresh] rebuilding @ webpack-internal:///(app-pages-browser)/./node_modules/next/dist/client/dev/hot-reloader/app/hot-reloader-app.js:196
[  164411ms] [LOG] [Fast Refresh] done in 63ms @ webpack-internal:///(app-pages-browser)/./node_modules/next/dist/client/dev/report-hmr-latency.js:13
[  164535ms] [LOG] [Fast Refresh] rebuilding @ webpack-internal:///(app-pages-browser)/./node_modules/next/dist/client/dev/hot-reloader/app/hot-reloader-app.js:196
[  164559ms] [LOG] [Fast Refresh] done in 24ms @ webpack-internal:///(app-pages-browser)/./node_modules/next/dist/client/dev/report-hmr-latency.js:13
[  164750ms] [LOG] [Fast Refresh] rebuilding @ webpack-internal:///(app-pages-browser)/./node_modules/next/dist/client/dev/hot-reloader/app/hot-reloader-app.js:196
[  164767ms] [LOG] [Fast Refresh] done in 17ms @ webpack-internal:///(app-pages-browser)/./node_modules/next/dist/client/dev/report-hmr-latency.js:13
[  164933ms] [LOG] [Fast Refresh] rebuilding @ webpack-internal:///(app-pages-browser)/./node_modules/next/dist/client/dev/hot-reloader/app/hot-reloader-app.js:196
[  164964ms] [LOG] [Fast Refresh] done in 31ms @ webpack-internal:///(app-pages-browser)/./node_modules/next/dist/client/dev/report-hmr-latency.js:13
[  165061ms] [LOG] [Fast Refresh] rebuilding @ webpack-internal:///(app-pages-browser)/./node_modules/next/dist/client/dev/hot-reloader/app/hot-reloader-app.js:196
[  165077ms] [LOG] [Fast Refresh] done in 16ms @ webpack-internal:///(app-pages-browser)/./node_modules/next/dist/client/dev/report-hmr-latency.js:13
[  165154ms] [ERROR] Failed to load resource: the server responded with a status of 500 (Internal Server Error) @ http://localhost:3001/?_rsc=fsnpp:0
[  165226ms] [LOG] [Fast Refresh] rebuilding @ webpack-internal:///(app-pages-browser)/./node_modules/next/dist/client/dev/hot-reloader/app/hot-reloader-app.js:196
[  165295ms] [LOG] [Fast Refresh] done in 68ms @ webpack-internal:///(app-pages-browser)/./node_modules/next/dist/client/dev/report-hmr-latency.js:13
[  165408ms] [LOG] [Fast Refresh] rebuilding @ webpack-internal:///(app-pages-browser)/./node_modules/next/dist/client/dev/hot-reloader/app/hot-reloader-app.js:196
[  165431ms] [LOG] [Fast Refresh] done in 22ms @ webpack-internal:///(app-pages-browser)/./node_modules/next/dist/client/dev/report-hmr-latency.js:13
[  165602ms] [LOG] [Fast Refresh] rebuilding @ webpack-internal:///(app-pages-browser)/./node_modules/next/dist/client/dev/hot-reloader/app/hot-reloader-app.js:196
[  165622ms] [LOG] [Fast Refresh] done in 20ms @ webpack-internal:///(app-pages-browser)/./node_modules/next/dist/client/dev/report-hmr-latency.js:13
[  165793ms] [LOG] [Fast Refresh] rebuilding @ webpack-internal:///(app-pages-browser)/./node_modules/next/dist/client/dev/hot-reloader/app/hot-reloader-app.js:196
[  165813ms] [LOG] [Fast Refresh] done in 21ms @ webpack-internal:///(app-pages-browser)/./node_modules/next/dist/client/dev/report-hmr-latency.js:13
[  165905ms] [LOG] [Fast Refresh] rebuilding @ webpack-internal:///(app-pages-browser)/./node_modules/next/dist/client/dev/hot-reloader/app/hot-reloader-app.js:196
[  165965ms] [LOG] [Fast Refresh] done in 61ms @ webpack-internal:///(app-pages-browser)/./node_modules/next/dist/client/dev/report-hmr-latency.js:13
[  166055ms] [LOG] [Fast Refresh] rebuilding @ webpack-internal:///(app-pages-browser)/./node_modules/next/dist/client/dev/hot-reloader/app/hot-reloader-app.js:196
[  166072ms] [LOG] [Fast Refresh] done in 18ms @ webpack-internal:///(app-pages-browser)/./node_modules/next/dist/client/dev/report-hmr-latency.js:13
[  166203ms] [LOG] [Fast Refresh] rebuilding @ webpack-internal:///(app-pages-browser)/./node_modules/next/dist/client/dev/hot-reloader/app/hot-reloader-app.js:196
[  166217ms] [LOG] [Fast Refresh] done in 14ms @ webpack-internal:///(app-pages-browser)/./node_modules/next/dist/client/dev/report-hmr-latency.js:13
[  166347ms] [LOG] [Fast Refresh] rebuilding @ webpack-internal:///(app-pages-browser)/./node_modules/next/dist/client/dev/hot-reloader/app/hot-reloader-app.js:196
[  166366ms] [LOG] [Fast Refresh] done in 19ms @ webpack-internal:///(app-pages-browser)/./node_modules/next/dist/client/dev/report-hmr-latency.js:13
[  166493ms] [LOG] [Fast Refresh] rebuilding @ webpack-internal:///(app-pages-browser)/./node_modules/next/dist/client/dev/hot-reloader/app/hot-reloader-app.js:196
[  166519ms] [LOG] [Fast Refresh] done in 26ms @ webpack-internal:///(app-pages-browser)/./node_modules/next/dist/client/dev/report-hmr-latency.js:13
[  166605ms] [LOG] [Fast Refresh] rebuilding @ webpack-internal:///(app-pages-browser)/./node_modules/next/dist/client/dev/hot-reloader/app/hot-reloader-app.js:196
[  166620ms] [LOG] [Fast Refresh] done in 16ms @ webpack-internal:///(app-pages-browser)/./node_modules/next/dist/client/dev/report-hmr-latency.js:13
[  166725ms] [ERROR] Failed to load resource: the server responded with a status of 500 (Internal Server Error) @ http://localhost:3001/?_rsc=fsnpp:0
[  166746ms] [LOG] [Fast Refresh] rebuilding @ webpack-internal:///(app-pages-browser)/./node_modules/next/dist/client/dev/hot-reloader/app/hot-reloader-app.js:196
[  166823ms] [LOG] [Fast Refresh] done in 77ms @ webpack-internal:///(app-pages-browser)/./node_modules/next/dist/client/dev/report-hmr-latency.js:13
[  166981ms] [LOG] [Fast Refresh] rebuilding @ webpack-internal:///(app-pages-browser)/./node_modules/next/dist/client/dev/hot-reloader/app/hot-reloader-app.js:196
[  167005ms] [LOG] [Fast Refresh] done in 25ms @ webpack-internal:///(app-pages-browser)/./node_modules/next/dist/client/dev/report-hmr-latency.js:13
[  167149ms] [LOG] [Fast Refresh] rebuilding @ webpack-internal:///(app-pages-browser)/./node_modules/next/dist/client/dev/hot-reloader/app/hot-reloader-app.js:196
[  167165ms] [LOG] [Fast Refresh] done in 15ms @ webpack-internal:///(app-pages-browser)/./node_modules/next/dist/client/dev/report-hmr-latency.js:13
[  167307ms] [LOG] [Fast Refresh] rebuilding @ webpack-internal:///(app-pages-browser)/./node_modules/next/dist/client/dev/hot-reloader/app/hot-reloader-app.js:196
[  167323ms] [LOG] [Fast Refresh] done in 15ms @ webpack-internal:///(app-pages-browser)/./node_modules/next/dist/client/dev/report-hmr-latency.js:13
[  167462ms] [LOG] [Fast Refresh] rebuilding @ webpack-internal:///(app-pages-browser)/./node_modules/next/dist/client/dev/hot-reloader/app/hot-reloader-app.js:196
[  167478ms] [LOG] [Fast Refresh] done in 16ms @ webpack-internal:///(app-pages-browser)/./node_modules/next/dist/client/dev/report-hmr-latency.js:13
[  167622ms] [LOG] [Fast Refresh] rebuilding @ webpack-internal:///(app-pages-browser)/./node_modules/next/dist/client/dev/hot-reloader/app/hot-reloader-app.js:196
[  167640ms] [LOG] [Fast Refresh] done in 18ms @ webpack-internal:///(app-pages-browser)/./node_modules/next/dist/client/dev/report-hmr-latency.js:13
[  167793ms] [LOG] [Fast Refresh] rebuilding @ webpack-internal:///(app-pages-browser)/./node_modules/next/dist/client/dev/hot-reloader/app/hot-reloader-app.js:196
[  167820ms] [LOG] [Fast Refresh] done in 27ms @ webpack-internal:///(app-pages-browser)/./node_modules/next/dist/client/dev/report-hmr-latency.js:13
[  167929ms] [LOG] [Fast Refresh] rebuilding @ webpack-internal:///(app-pages-browser)/./node_modules/next/dist/client/dev/hot-reloader/app/hot-reloader-app.js:196
[  167996ms] [LOG] [Fast Refresh] done in 67ms @ webpack-internal:///(app-pages-browser)/./node_modules/next/dist/client/dev/report-hmr-latency.js:13
[  168048ms] [ERROR] Failed to load resource: the server responded with a status of 500 (Internal Server Error) @ http://localhost:3001/?_rsc=fsnpp:0
[  168070ms] [LOG] [Fast Refresh] rebuilding @ webpack-internal:///(app-pages-browser)/./node_modules/next/dist/client/dev/hot-reloader/app/hot-reloader-app.js:196
[  168127ms] [LOG] [Fast Refresh] done in 58ms @ webpack-internal:///(app-pages-browser)/./node_modules/next/dist/client/dev/report-hmr-latency.js:13
[  168254ms] [LOG] [Fast Refresh] rebuilding @ webpack-internal:///(app-pages-browser)/./node_modules/next/dist/client/dev/hot-reloader/app/hot-reloader-app.js:196
[  168278ms] [LOG] [Fast Refresh] done in 24ms @ webpack-internal:///(app-pages-browser)/./node_modules/next/dist/client/dev/report-hmr-latency.js:13
[  168450ms] [LOG] [Fast Refresh] rebuilding @ webpack-internal:///(app-pages-browser)/./node_modules/next/dist/client/dev/hot-reloader/app/hot-reloader-app.js:196
[  168480ms] [LOG] [Fast Refresh] done in 31ms @ webpack-internal:///(app-pages-browser)/./node_modules/next/dist/client/dev/report-hmr-latency.js:13
[  168628ms] [LOG] [Fast Refresh] rebuilding @ webpack-internal:///(app-pages-browser)/./node_modules/next/dist/client/dev/hot-reloader/app/hot-reloader-app.js:196
[  168654ms] [LOG] [Fast Refresh] done in 26ms @ webpack-internal:///(app-pages-browser)/./node_modules/next/dist/client/dev/report-hmr-latency.js:13
[  168806ms] [LOG] [Fast Refresh] rebuilding @ webpack-internal:///(app-pages-browser)/./node_modules/next/dist/client/dev/hot-reloader/app/hot-reloader-app.js:196
[  168821ms] [LOG] [Fast Refresh] done in 15ms @ webpack-internal:///(app-pages-browser)/./node_modules/next/dist/client/dev/report-hmr-latency.js:13
[  168939ms] [LOG] [Fast Refresh] rebuilding @ webpack-internal:///(app-pages-browser)/./node_modules/next/dist/client/dev/hot-reloader/app/hot-reloader-app.js:196
[  168962ms] [LOG] [Fast Refresh] done in 23ms @ webpack-internal:///(app-pages-browser)/./node_modules/next/dist/client/dev/report-hmr-latency.js:13
[  169098ms] [LOG] [Fast Refresh] rebuilding @ webpack-internal:///(app-pages-browser)/./node_modules/next/dist/client/dev/hot-reloader/app/hot-reloader-app.js:196
[  169120ms] [LOG] [Fast Refresh] done in 23ms @ webpack-internal:///(app-pages-browser)/./node_modules/next/dist/client/dev/report-hmr-latency.js:13
[  169271ms] [LOG] [Fast Refresh] rebuilding @ webpack-internal:///(app-pages-browser)/./node_modules/next/dist/client/dev/hot-reloader/app/hot-reloader-app.js:196
[  169286ms] [LOG] [Fast Refresh] done in 15ms @ webpack-internal:///(app-pages-browser)/./node_modules/next/dist/client/dev/report-hmr-latency.js:13
[  169412ms] [LOG] [Fast Refresh] rebuilding @ webpack-internal:///(app-pages-browser)/./node_modules/next/dist/client/dev/hot-reloader/app/hot-reloader-app.js:196
[  169427ms] [LOG] [Fast Refresh] done in 16ms @ webpack-internal:///(app-pages-browser)/./node_modules/next/dist/client/dev/report-hmr-latency.js:13
[  169594ms] [LOG] [Fast Refresh] rebuilding @ webpack-internal:///(app-pages-browser)/./node_modules/next/dist/client/dev/hot-reloader/app/hot-reloader-app.js:196
[  169613ms] [LOG] [Fast Refresh] done in 20ms @ webpack-internal:///(app-pages-browser)/./node_modules/next/dist/client/dev/report-hmr-latency.js:13
[  169911ms] [LOG] [Fast Refresh] rebuilding @ webpack-internal:///(app-pages-browser)/./node_modules/next/dist/client/dev/hot-reloader/app/hot-reloader-app.js:196
[  169948ms] [LOG] [Fast Refresh] done in 36ms @ webpack-internal:///(app-pages-browser)/./node_modules/next/dist/client/dev/report-hmr-latency.js:13
[  170114ms] [LOG] [Fast Refresh] rebuilding @ webpack-internal:///(app-pages-browser)/./node_modules/next/dist/client/dev/hot-reloader/app/hot-reloader-app.js:196
[  170146ms] [LOG] [Fast Refresh] done in 32ms @ webpack-internal:///(app-pages-browser)/./node_modules/next/dist/client/dev/report-hmr-latency.js:13
[  170317ms] [LOG] [Fast Refresh] rebuilding @ webpack-internal:///(app-pages-browser)/./node_modules/next/dist/client/dev/hot-reloader/app/hot-reloader-app.js:196
[  170377ms] [LOG] [Fast Refresh] done in 60ms @ webpack-internal:///(app-pages-browser)/./node_modules/next/dist/client/dev/report-hmr-latency.js:13
[  170801ms] [LOG] [Fast Refresh] rebuilding @ webpack-internal:///(app-pages-browser)/./node_modules/next/dist/client/dev/hot-reloader/app/hot-reloader-app.js:196
[  171184ms] [LOG] [Fast Refresh] done in 382ms @ webpack-internal:///(app-pages-browser)/./node_modules/next/dist/client/dev/report-hmr-latency.js:13
[  171276ms] [LOG] [Fast Refresh] rebuilding @ webpack-internal:///(app-pages-browser)/./node_modules/next/dist/client/dev/hot-reloader/app/hot-reloader-app.js:196
[  171294ms] [LOG] [Fast Refresh] done in 19ms @ webpack-internal:///(app-pages-browser)/./node_modules/next/dist/client/dev/report-hmr-latency.js:13
[  171442ms] [LOG] [Fast Refresh] rebuilding @ webpack-internal:///(app-pages-browser)/./node_modules/next/dist/client/dev/hot-reloader/app/hot-reloader-app.js:196
[  171594ms] [LOG] [Fast Refresh] done in 152ms @ webpack-internal:///(app-pages-browser)/./node_modules/next/dist/client/dev/report-hmr-latency.js:13
[  171747ms] [LOG] [Fast Refresh] rebuilding @ webpack-internal:///(app-pages-browser)/./node_modules/next/dist/client/dev/hot-reloader/app/hot-reloader-app.js:196
[  171946ms] [LOG] [Fast Refresh] done in 200ms @ webpack-internal:///(app-pages-browser)/./node_modules/next/dist/client/dev/report-hmr-latency.js:13
[  172264ms] [LOG] [Fast Refresh] rebuilding @ webpack-internal:///(app-pages-browser)/./node_modules/next/dist/client/dev/hot-reloader/app/hot-reloader-app.js:196
[  172294ms] [LOG] [Fast Refresh] done in 29ms @ webpack-internal:///(app-pages-browser)/./node_modules/next/dist/client/dev/report-hmr-latency.js:13
[  172540ms] [LOG] [Fast Refresh] rebuilding @ webpack-internal:///(app-pages-browser)/./node_modules/next/dist/client/dev/hot-reloader/app/hot-reloader-app.js:196
[  172561ms] [LOG] [Fast Refresh] done in 21ms @ webpack-internal:///(app-pages-browser)/./node_modules/next/dist/client/dev/report-hmr-latency.js:13
[  172805ms] [LOG] [Fast Refresh] rebuilding @ webpack-internal:///(app-pages-browser)/./node_modules/next/dist/client/dev/hot-reloader/app/hot-reloader-app.js:196
[  172838ms] [LOG] [Fast Refresh] done in 33ms @ webpack-internal:///(app-pages-browser)/./node_modules/next/dist/client/dev/report-hmr-latency.js:13
[  172986ms] [LOG] [Fast Refresh] rebuilding @ webpack-internal:///(app-pages-browser)/./node_modules/next/dist/client/dev/hot-reloader/app/hot-reloader-app.js:196
[  173078ms] [LOG] [Fast Refresh] done in 93ms @ webpack-internal:///(app-pages-browser)/./node_modules/next/dist/client/dev/report-hmr-latency.js:13
[  173203ms] [LOG] [Fast Refresh] rebuilding @ webpack-internal:///(app-pages-browser)/./node_modules/next/dist/client/dev/hot-reloader/app/hot-reloader-app.js:196
[  173221ms] [LOG] [Fast Refresh] done in 19ms @ webpack-internal:///(app-pages-browser)/./node_modules/next/dist/client/dev/report-hmr-latency.js:13
[  173353ms] [LOG] [Fast Refresh] rebuilding @ webpack-internal:///(app-pages-browser)/./node_modules/next/dist/client/dev/hot-reloader/app/hot-reloader-app.js:196
[  173373ms] [LOG] [Fast Refresh] done in 21ms @ webpack-internal:///(app-pages-browser)/./node_modules/next/dist/client/dev/report-hmr-latency.js:13
[  173641ms] [LOG] [Fast Refresh] rebuilding @ webpack-internal:///(app-pages-browser)/./node_modules/next/dist/client/dev/hot-reloader/app/hot-reloader-app.js:196
[  173673ms] [LOG] [Fast Refresh] done in 32ms @ webpack-internal:///(app-pages-browser)/./node_modules/next/dist/client/dev/report-hmr-latency.js:13
[  173773ms] [LOG] [Fast Refresh] rebuilding @ webpack-internal:///(app-pages-browser)/./node_modules/next/dist/client/dev/hot-reloader/app/hot-reloader-app.js:196
[  173843ms] [LOG] [Fast Refresh] done in 69ms @ webpack-internal:///(app-pages-browser)/./node_modules/next/dist/client/dev/report-hmr-latency.js:13
[  173940ms] [LOG] [Fast Refresh] rebuilding @ webpack-internal:///(app-pages-browser)/./node_modules/next/dist/client/dev/hot-reloader/app/hot-reloader-app.js:196
[  173964ms] [LOG] [Fast Refresh] done in 23ms @ webpack-internal:///(app-pages-browser)/./node_modules/next/dist/client/dev/report-hmr-latency.js:13
[  175447ms] [LOG] [Fast Refresh] rebuilding @ webpack-internal:///(app-pages-browser)/./node_modules/next/dist/client/dev/hot-reloader/app/hot-reloader-app.js:196
[  175752ms] [LOG] [Fast Refresh] done in 305ms @ webpack-internal:///(app-pages-browser)/./node_modules/next/dist/client/dev/report-hmr-latency.js:13
[  175818ms] [LOG] [Fast Refresh] rebuilding @ webpack-internal:///(app-pages-browser)/./node_modules/next/dist/client/dev/hot-reloader/app/hot-reloader-app.js:196
[  175846ms] [LOG] [Fast Refresh] done in 27ms @ webpack-internal:///(app-pages-browser)/./node_modules/next/dist/client/dev/report-hmr-latency.js:13
[  176020ms] [LOG] [Fast Refresh] rebuilding @ webpack-internal:///(app-pages-browser)/./node_modules/next/dist/client/dev/hot-reloader/app/hot-reloader-app.js:196
[  176038ms] [LOG] [Fast Refresh] done in 18ms @ webpack-internal:///(app-pages-browser)/./node_modules/next/dist/client/dev/report-hmr-latency.js:13
[  176261ms] [LOG] [Fast Refresh] rebuilding @ webpack-internal:///(app-pages-browser)/./node_modules/next/dist/client/dev/hot-reloader/app/hot-reloader-app.js:196
[  176278ms] [LOG] [Fast Refresh] done in 18ms @ webpack-internal:///(app-pages-browser)/./node_modules/next/dist/client/dev/report-hmr-latency.js:13
[  176493ms] [LOG] [Fast Refresh] rebuilding @ webpack-internal:///(app-pages-browser)/./node_modules/next/dist/client/dev/hot-reloader/app/hot-reloader-app.js:196
[  176514ms] [LOG] [Fast Refresh] done in 21ms @ webpack-internal:///(app-pages-browser)/./node_modules/next/dist/client/dev/report-hmr-latency.js:13
[  176762ms] [LOG] [Fast Refresh] rebuilding @ webpack-internal:///(app-pages-browser)/./node_modules/next/dist/client/dev/hot-reloader/app/hot-reloader-app.js:196
[  176795ms] [LOG] [Fast Refresh] done in 33ms @ webpack-internal:///(app-pages-browser)/./node_modules/next/dist/client/dev/report-hmr-latency.js:13
[  177037ms] [ERROR] Failed to load resource: the server responded with a status of 500 (Internal Server Error) @ http://localhost:3001/?_rsc=fsnpp:0
[  177071ms] [LOG] [Fast Refresh] rebuilding @ webpack-internal:///(app-pages-browser)/./node_modules/next/dist/client/dev/hot-reloader/app/hot-reloader-app.js:196
[  177147ms] [LOG] [Fast Refresh] done in 77ms @ webpack-internal:///(app-pages-browser)/./node_modules/next/dist/client/dev/report-hmr-latency.js:13
[  177366ms] [LOG] [Fast Refresh] rebuilding @ webpack-internal:///(app-pages-browser)/./node_modules/next/dist/client/dev/hot-reloader/app/hot-reloader-app.js:196
[  177391ms] [LOG] [Fast Refresh] done in 24ms @ webpack-internal:///(app-pages-browser)/./node_modules/next/dist/client/dev/report-hmr-latency.js:13
[  177764ms] [LOG] [Fast Refresh] rebuilding @ webpack-internal:///(app-pages-browser)/./node_modules/next/dist/client/dev/hot-reloader/app/hot-reloader-app.js:196
[  177782ms] [LOG] [Fast Refresh] done in 17ms @ webpack-internal:///(app-pages-browser)/./node_modules/next/dist/client/dev/report-hmr-latency.js:13
[  178078ms] [LOG] [Fast Refresh] rebuilding @ webpack-internal:///(app-pages-browser)/./node_modules/next/dist/client/dev/hot-reloader/app/hot-reloader-app.js:196
[  178115ms] [LOG] [Fast Refresh] done in 37ms @ webpack-internal:///(app-pages-browser)/./node_modules/next/dist/client/dev/report-hmr-latency.js:13
[  178385ms] [LOG] [Fast Refresh] rebuilding @ webpack-internal:///(app-pages-browser)/./node_modules/next/dist/client/dev/hot-reloader/app/hot-reloader-app.js:196
[  178404ms] [LOG] [Fast Refresh] done in 20ms @ webpack-internal:///(app-pages-browser)/./node_modules/next/dist/client/dev/report-hmr-latency.js:13
[  178583ms] [LOG] [Fast Refresh] rebuilding @ webpack-internal:///(app-pages-browser)/./node_modules/next/dist/client/dev/hot-reloader/app/hot-reloader-app.js:196
[  178702ms] [LOG] [Fast Refresh] done in 118ms @ webpack-internal:///(app-pages-browser)/./node_modules/next/dist/client/dev/report-hmr-latency.js:13
[  178941ms] [LOG] [Fast Refresh] rebuilding @ webpack-internal:///(app-pages-browser)/./node_modules/next/dist/client/dev/hot-reloader/app/hot-reloader-app.js:196
[  178960ms] [LOG] [Fast Refresh] done in 19ms @ webpack-internal:///(app-pages-browser)/./node_modules/next/dist/client/dev/report-hmr-latency.js:13
[  179179ms] [LOG] [Fast Refresh] rebuilding @ webpack-internal:///(app-pages-browser)/./node_modules/next/dist/client/dev/hot-reloader/app/hot-reloader-app.js:196
[  179196ms] [LOG] [Fast Refresh] done in 18ms @ webpack-internal:///(app-pages-browser)/./node_modules/next/dist/client/dev/report-hmr-latency.js:13
[  179371ms] [LOG] [Fast Refresh] rebuilding @ webpack-internal:///(app-pages-browser)/./node_modules/next/dist/client/dev/hot-reloader/app/hot-reloader-app.js:196
[  179460ms] [LOG] [Fast Refresh] done in 90ms @ webpack-internal:///(app-pages-browser)/./node_modules/next/dist/client/dev/report-hmr-latency.js:13
[  179607ms] [LOG] [Fast Refresh] rebuilding @ webpack-internal:///(app-pages-browser)/./node_modules/next/dist/client/dev/hot-reloader/app/hot-reloader-app.js:196
[  179628ms] [LOG] [Fast Refresh] done in 21ms @ webpack-internal:///(app-pages-browser)/./node_modules/next/dist/client/dev/report-hmr-latency.js:13
[  179850ms] [LOG] [Fast Refresh] rebuilding @ webpack-internal:///(app-pages-browser)/./node_modules/next/dist/client/dev/hot-reloader/app/hot-reloader-app.js:196
[  179867ms] [LOG] [Fast Refresh] done in 17ms @ webpack-internal:///(app-pages-browser)/./node_modules/next/dist/client/dev/report-hmr-latency.js:13
[  180108ms] [LOG] [Fast Refresh] rebuilding @ webpack-internal:///(app-pages-browser)/./node_modules/next/dist/client/dev/hot-reloader/app/hot-reloader-app.js:196
[  180127ms] [LOG] [Fast Refresh] done in 20ms @ webpack-internal:///(app-pages-browser)/./node_modules/next/dist/client/dev/report-hmr-latency.js:13
[  180358ms] [LOG] [Fast Refresh] rebuilding @ webpack-internal:///(app-pages-browser)/./node_modules/next/dist/client/dev/hot-reloader/app/hot-reloader-app.js:196
[  180433ms] [LOG] [Fast Refresh] done in 76ms @ webpack-internal:///(app-pages-browser)/./node_modules/next/dist/client/dev/report-hmr-latency.js:13
[  180615ms] [LOG] [Fast Refresh] rebuilding @ webpack-internal:///(app-pages-browser)/./node_modules/next/dist/client/dev/hot-reloader/app/hot-reloader-app.js:196
[  180651ms] [LOG] [Fast Refresh] done in 36ms @ webpack-internal:///(app-pages-browser)/./node_modules/next/dist/client/dev/report-hmr-latency.js:13
[  180853ms] [LOG] [Fast Refresh] rebuilding @ webpack-internal:///(app-pages-browser)/./node_modules/next/dist/client/dev/hot-reloader/app/hot-reloader-app.js:196
[  180876ms] [LOG] [Fast Refresh] done in 23ms @ webpack-internal:///(app-pages-browser)/./node_modules/next/dist/client/dev/report-hmr-latency.js:13
[  181214ms] [LOG] [Fast Refresh] rebuilding @ webpack-internal:///(app-pages-browser)/./node_modules/next/dist/client/dev/hot-reloader/app/hot-reloader-app.js:196
[  181283ms] [LOG] [Fast Refresh] done in 70ms @ webpack-internal:///(app-pages-browser)/./node_modules/next/dist/client/dev/report-hmr-latency.js:13
[  181516ms] [LOG] [Fast Refresh] rebuilding @ webpack-internal:///(app-pages-browser)/./node_modules/next/dist/client/dev/hot-reloader/app/hot-reloader-app.js:196
[  181536ms] [ERROR] Failed to load resource: the server responded with a status of 500 (Internal Server Error) @ http://localhost:3001/?_rsc=fsnpp:0
[  181577ms] [LOG] [Fast Refresh] done in 61ms @ webpack-internal:///(app-pages-browser)/./node_modules/next/dist/client/dev/report-hmr-latency.js:13
[  181786ms] [LOG] [Fast Refresh] rebuilding @ webpack-internal:///(app-pages-browser)/./node_modules/next/dist/client/dev/hot-reloader/app/hot-reloader-app.js:196
[  181807ms] [LOG] [Fast Refresh] done in 21ms @ webpack-internal:///(app-pages-browser)/./node_modules/next/dist/client/dev/report-hmr-latency.js:13
[  182051ms] [LOG] [Fast Refresh] rebuilding @ webpack-internal:///(app-pages-browser)/./node_modules/next/dist/client/dev/hot-reloader/app/hot-reloader-app.js:196
[  182067ms] [LOG] [Fast Refresh] done in 17ms @ webpack-internal:///(app-pages-browser)/./node_modules/next/dist/client/dev/report-hmr-latency.js:13
[  182239ms] [LOG] [Fast Refresh] rebuilding @ webpack-internal:///(app-pages-browser)/./node_modules/next/dist/client/dev/hot-reloader/app/hot-reloader-app.js:196
[  182324ms] [LOG] [Fast Refresh] done in 84ms @ webpack-internal:///(app-pages-browser)/./node_modules/next/dist/client/dev/report-hmr-latency.js:13
[  182474ms] [LOG] [Fast Refresh] rebuilding @ webpack-internal:///(app-pages-browser)/./node_modules/next/dist/client/dev/hot-reloader/app/hot-reloader-app.js:196
[  182493ms] [LOG] [Fast Refresh] done in 19ms @ webpack-internal:///(app-pages-browser)/./node_modules/next/dist/client/dev/report-hmr-latency.js:13
[  182714ms] [LOG] [Fast Refresh] rebuilding @ webpack-internal:///(app-pages-browser)/./node_modules/next/dist/client/dev/hot-reloader/app/hot-reloader-app.js:196
[  182736ms] [LOG] [Fast Refresh] done in 22ms @ webpack-internal:///(app-pages-browser)/./node_modules/next/dist/client/dev/report-hmr-latency.js:13
[  182901ms] [LOG] [Fast Refresh] rebuilding @ webpack-internal:///(app-pages-browser)/./node_modules/next/dist/client/dev/hot-reloader/app/hot-reloader-app.js:196
[  182918ms] [LOG] [Fast Refresh] done in 17ms @ webpack-internal:///(app-pages-browser)/./node_modules/next/dist/client/dev/report-hmr-latency.js:13
[  183148ms] [LOG] [Fast Refresh] rebuilding @ webpack-internal:///(app-pages-browser)/./node_modules/next/dist/client/dev/hot-reloader/app/hot-reloader-app.js:196
[  183162ms] [LOG] [Fast Refresh] done in 15ms @ webpack-internal:///(app-pages-browser)/./node_modules/next/dist/client/dev/report-hmr-latency.js:13
[  183377ms] [LOG] [Fast Refresh] rebuilding @ webpack-internal:///(app-pages-browser)/./node_modules/next/dist/client/dev/hot-reloader/app/hot-reloader-app.js:196
[  183391ms] [LOG] [Fast Refresh] done in 14ms @ webpack-internal:///(app-pages-browser)/./node_modules/next/dist/client/dev/report-hmr-latency.js:13
[  183567ms] [LOG] [Fast Refresh] rebuilding @ webpack-internal:///(app-pages-browser)/./node_modules/next/dist/client/dev/hot-reloader/app/hot-reloader-app.js:196
[  183644ms] [LOG] [Fast Refresh] done in 76ms @ webpack-internal:///(app-pages-browser)/./node_modules/next/dist/client/dev/report-hmr-latency.js:13
[  183814ms] [LOG] [Fast Refresh] rebuilding @ webpack-internal:///(app-pages-browser)/./node_modules/next/dist/client/dev/hot-reloader/app/hot-reloader-app.js:196
[  183829ms] [LOG] [Fast Refresh] done in 16ms @ webpack-internal:///(app-pages-browser)/./node_modules/next/dist/client/dev/report-hmr-latency.js:13
[  184064ms] [LOG] [Fast Refresh] rebuilding @ webpack-internal:///(app-pages-browser)/./node_modules/next/dist/client/dev/hot-reloader/app/hot-reloader-app.js:196
[  184086ms] [LOG] [Fast Refresh] done in 22ms @ webpack-internal:///(app-pages-browser)/./node_modules/next/dist/client/dev/report-hmr-latency.js:13
[  184281ms] [LOG] [Fast Refresh] rebuilding @ webpack-internal:///(app-pages-browser)/./node_modules/next/dist/client/dev/hot-reloader/app/hot-reloader-app.js:196
[  184302ms] [LOG] [Fast Refresh] done in 20ms @ webpack-internal:///(app-pages-browser)/./node_modules/next/dist/client/dev/report-hmr-latency.js:13
[  184509ms] [LOG] [Fast Refresh] rebuilding @ webpack-internal:///(app-pages-browser)/./node_modules/next/dist/client/dev/hot-reloader/app/hot-reloader-app.js:196
[  184538ms] [LOG] [Fast Refresh] done in 29ms @ webpack-internal:///(app-pages-browser)/./node_modules/next/dist/client/dev/report-hmr-latency.js:13
[  184638ms] [LOG] [Fast Refresh] rebuilding @ webpack-internal:///(app-pages-browser)/./node_modules/next/dist/client/dev/hot-reloader/app/hot-reloader-app.js:196
[  184653ms] [LOG] [Fast Refresh] done in 15ms @ webpack-internal:///(app-pages-browser)/./node_modules/next/dist/client/dev/report-hmr-latency.js:13
[  184730ms] [ERROR] Failed to load resource: the server responded with a status of 500 (Internal Server Error) @ http://localhost:3001/?_rsc=fsnpp:0
[  184806ms] [LOG] [Fast Refresh] rebuilding @ webpack-internal:///(app-pages-browser)/./node_modules/next/dist/client/dev/hot-reloader/app/hot-reloader-app.js:196
[  184867ms] [LOG] [Fast Refresh] done in 61ms @ webpack-internal:///(app-pages-browser)/./node_modules/next/dist/client/dev/report-hmr-latency.js:13
[  184971ms] [LOG] [Fast Refresh] rebuilding @ webpack-internal:///(app-pages-browser)/./node_modules/next/dist/client/dev/hot-reloader/app/hot-reloader-app.js:196
[  184990ms] [LOG] [Fast Refresh] done in 19ms @ webpack-internal:///(app-pages-browser)/./node_modules/next/dist/client/dev/report-hmr-latency.js:13
[  185135ms] [LOG] [Fast Refresh] rebuilding @ webpack-internal:///(app-pages-browser)/./node_modules/next/dist/client/dev/hot-reloader/app/hot-reloader-app.js:196
[  185149ms] [LOG] [Fast Refresh] done in 14ms @ webpack-internal:///(app-pages-browser)/./node_modules/next/dist/client/dev/report-hmr-latency.js:13
[  185289ms] [LOG] [Fast Refresh] rebuilding @ webpack-internal:///(app-pages-browser)/./node_modules/next/dist/client/dev/hot-reloader/app/hot-reloader-app.js:196
[  185304ms] [LOG] [Fast Refresh] done in 16ms @ webpack-internal:///(app-pages-browser)/./node_modules/next/dist/client/dev/report-hmr-latency.js:13
[  185461ms] [LOG] [Fast Refresh] rebuilding @ webpack-internal:///(app-pages-browser)/./node_modules/next/dist/client/dev/hot-reloader/app/hot-reloader-app.js:196
[  185481ms] [LOG] [Fast Refresh] done in 21ms @ webpack-internal:///(app-pages-browser)/./node_modules/next/dist/client/dev/report-hmr-latency.js:13
[  185612ms] [LOG] [Fast Refresh] rebuilding @ webpack-internal:///(app-pages-browser)/./node_modules/next/dist/client/dev/hot-reloader/app/hot-reloader-app.js:196
[  185626ms] [LOG] [Fast Refresh] done in 13ms @ webpack-internal:///(app-pages-browser)/./node_modules/next/dist/client/dev/report-hmr-latency.js:13
[  185760ms] [LOG] [Fast Refresh] rebuilding @ webpack-internal:///(app-pages-browser)/./node_modules/next/dist/client/dev/hot-reloader/app/hot-reloader-app.js:196
[  185776ms] [LOG] [Fast Refresh] done in 16ms @ webpack-internal:///(app-pages-browser)/./node_modules/next/dist/client/dev/report-hmr-latency.js:13
[  185910ms] [LOG] [Fast Refresh] rebuilding @ webpack-internal:///(app-pages-browser)/./node_modules/next/dist/client/dev/hot-reloader/app/hot-reloader-app.js:196
[  185936ms] [LOG] [Fast Refresh] done in 26ms @ webpack-internal:///(app-pages-browser)/./node_modules/next/dist/client/dev/report-hmr-latency.js:13
[  186058ms] [LOG] [Fast Refresh] rebuilding @ webpack-internal:///(app-pages-browser)/./node_modules/next/dist/client/dev/hot-reloader/app/hot-reloader-app.js:196
[  186074ms] [LOG] [Fast Refresh] done in 16ms @ webpack-internal:///(app-pages-browser)/./node_modules/next/dist/client/dev/report-hmr-latency.js:13
[  186176ms] [LOG] [Fast Refresh] rebuilding @ webpack-internal:///(app-pages-browser)/./node_modules/next/dist/client/dev/hot-reloader/app/hot-reloader-app.js:196
[  186196ms] [LOG] [Fast Refresh] done in 21ms @ webpack-internal:///(app-pages-browser)/./node_modules/next/dist/client/dev/report-hmr-latency.js:13
[  186331ms] [LOG] [Fast Refresh] rebuilding @ webpack-internal:///(app-pages-browser)/./node_modules/next/dist/client/dev/hot-reloader/app/hot-reloader-app.js:196
[  186347ms] [LOG] [Fast Refresh] done in 16ms @ webpack-internal:///(app-pages-browser)/./node_modules/next/dist/client/dev/report-hmr-latency.js:13
[  186459ms] [LOG] [Fast Refresh] rebuilding @ webpack-internal:///(app-pages-browser)/./node_modules/next/dist/client/dev/hot-reloader/app/hot-reloader-app.js:196
[  186474ms] [LOG] [Fast Refresh] done in 16ms @ webpack-internal:///(app-pages-browser)/./node_modules/next/dist/client/dev/report-hmr-latency.js:13
[  186616ms] [LOG] [Fast Refresh] rebuilding @ webpack-internal:///(app-pages-browser)/./node_modules/next/dist/client/dev/hot-reloader/app/hot-reloader-app.js:196
[  186631ms] [LOG] [Fast Refresh] done in 16ms @ webpack-internal:///(app-pages-browser)/./node_modules/next/dist/client/dev/report-hmr-latency.js:13
[  186750ms] [LOG] [Fast Refresh] rebuilding @ webpack-internal:///(app-pages-browser)/./node_modules/next/dist/client/dev/hot-reloader/app/hot-reloader-app.js:196
[  186765ms] [LOG] [Fast Refresh] done in 15ms @ webpack-internal:///(app-pages-browser)/./node_modules/next/dist/client/dev/report-hmr-latency.js:13
[  186939ms] [LOG] [Fast Refresh] rebuilding @ webpack-internal:///(app-pages-browser)/./node_modules/next/dist/client/dev/hot-reloader/app/hot-reloader-app.js:196
[  186972ms] [LOG] [Fast Refresh] done in 34ms @ webpack-internal:///(app-pages-browser)/./node_modules/next/dist/client/dev/report-hmr-latency.js:13
[  187143ms] [LOG] [Fast Refresh] rebuilding @ webpack-internal:///(app-pages-browser)/./node_modules/next/dist/client/dev/hot-reloader/app/hot-reloader-app.js:196
[  187216ms] [LOG] [Fast Refresh] done in 74ms @ webpack-internal:///(app-pages-browser)/./node_modules/next/dist/client/dev/report-hmr-latency.js:13
[  187377ms] [LOG] [Fast Refresh] rebuilding @ webpack-internal:///(app-pages-browser)/./node_modules/next/dist/client/dev/hot-reloader/app/hot-reloader-app.js:196
[  187394ms] [LOG] [Fast Refresh] done in 17ms @ webpack-internal:///(app-pages-browser)/./node_modules/next/dist/client/dev/report-hmr-latency.js:13
[  187571ms] [LOG] [Fast Refresh] rebuilding @ webpack-internal:///(app-pages-browser)/./node_modules/next/dist/client/dev/hot-reloader/app/hot-reloader-app.js:196
[  187588ms] [LOG] [Fast Refresh] done in 17ms @ webpack-internal:///(app-pages-browser)/./node_modules/next/dist/client/dev/report-hmr-latency.js:13
[  187754ms] [LOG] [Fast Refresh] rebuilding @ webpack-internal:///(app-pages-browser)/./node_modules/next/dist/client/dev/hot-reloader/app/hot-reloader-app.js:196
[  187879ms] [LOG] [Fast Refresh] done in 125ms @ webpack-internal:///(app-pages-browser)/./node_modules/next/dist/client/dev/report-hmr-latency.js:13
[  188066ms] [LOG] [Fast Refresh] rebuilding @ webpack-internal:///(app-pages-browser)/./node_modules/next/dist/client/dev/hot-reloader/app/hot-reloader-app.js:196
[  188087ms] [LOG] [Fast Refresh] done in 21ms @ webpack-internal:///(app-pages-browser)/./node_modules/next/dist/client/dev/report-hmr-latency.js:13
[  188209ms] [LOG] [Fast Refresh] rebuilding @ webpack-internal:///(app-pages-browser)/./node_modules/next/dist/client/dev/hot-reloader/app/hot-reloader-app.js:196
[  188258ms] [LOG] [Fast Refresh] done in 49ms @ webpack-internal:///(app-pages-browser)/./node_modules/next/dist/client/dev/report-hmr-latency.js:13
[  188369ms] [LOG] [Fast Refresh] rebuilding @ webpack-internal:///(app-pages-browser)/./node_modules/next/dist/client/dev/hot-reloader/app/hot-reloader-app.js:196
[  188392ms] [LOG] [Fast Refresh] done in 23ms @ webpack-internal:///(app-pages-browser)/./node_modules/next/dist/client/dev/report-hmr-latency.js:13
[  188537ms] [LOG] [Fast Refresh] rebuilding @ webpack-internal:///(app-pages-browser)/./node_modules/next/dist/client/dev/hot-reloader/app/hot-reloader-app.js:196
[  188553ms] [LOG] [Fast Refresh] done in 15ms @ webpack-internal:///(app-pages-browser)/./node_modules/next/dist/client/dev/report-hmr-latency.js:13
[  188692ms] [LOG] [Fast Refresh] rebuilding @ webpack-internal:///(app-pages-browser)/./node_modules/next/dist/client/dev/hot-reloader/app/hot-reloader-app.js:196
[  188718ms] [LOG] [Fast Refresh] done in 27ms @ webpack-internal:///(app-pages-browser)/./node_modules/next/dist/client/dev/report-hmr-latency.js:13
[  188866ms] [LOG] [Fast Refresh] rebuilding @ webpack-internal:///(app-pages-browser)/./node_modules/next/dist/client/dev/hot-reloader/app/hot-reloader-app.js:196
[  188880ms] [LOG] [Fast Refresh] done in 14ms @ webpack-internal:///(app-pages-browser)/./node_modules/next/dist/client/dev/report-hmr-latency.js:13
[  189023ms] [LOG] [Fast Refresh] rebuilding @ webpack-internal:///(app-pages-browser)/./node_modules/next/dist/client/dev/hot-reloader/app/hot-reloader-app.js:196
[  189037ms] [LOG] [Fast Refresh] done in 14ms @ webpack-internal:///(app-pages-browser)/./node_modules/next/dist/client/dev/report-hmr-latency.js:13
[  189184ms] [LOG] [Fast Refresh] rebuilding @ webpack-internal:///(app-pages-browser)/./node_modules/next/dist/client/dev/hot-reloader/app/hot-reloader-app.js:196
[  189197ms] [LOG] [Fast Refresh] done in 13ms @ webpack-internal:///(app-pages-browser)/./node_modules/next/dist/client/dev/report-hmr-latency.js:13
[  189336ms] [LOG] [Fast Refresh] rebuilding @ webpack-internal:///(app-pages-browser)/./node_modules/next/dist/client/dev/hot-reloader/app/hot-reloader-app.js:196
[  189392ms] [LOG] [Fast Refresh] done in 56ms @ webpack-internal:///(app-pages-browser)/./node_modules/next/dist/client/dev/report-hmr-latency.js:13
[  189497ms] [LOG] [Fast Refresh] rebuilding @ webpack-internal:///(app-pages-browser)/./node_modules/next/dist/client/dev/hot-reloader/app/hot-reloader-app.js:196
[  189524ms] [LOG] [Fast Refresh] done in 27ms @ webpack-internal:///(app-pages-browser)/./node_modules/next/dist/client/dev/report-hmr-latency.js:13
[  189668ms] [LOG] [Fast Refresh] rebuilding @ webpack-internal:///(app-pages-browser)/./node_modules/next/dist/client/dev/hot-reloader/app/hot-reloader-app.js:196
[  189682ms] [LOG] [Fast Refresh] done in 14ms @ webpack-internal:///(app-pages-browser)/./node_modules/next/dist/client/dev/report-hmr-latency.js:13
[  189826ms] [LOG] [Fast Refresh] rebuilding @ webpack-internal:///(app-pages-browser)/./node_modules/next/dist/client/dev/hot-reloader/app/hot-reloader-app.js:196
[  189842ms] [LOG] [Fast Refresh] done in 16ms @ webpack-internal:///(app-pages-browser)/./node_modules/next/dist/client/dev/report-hmr-latency.js:13
[  190005ms] [LOG] [Fast Refresh] rebuilding @ webpack-internal:///(app-pages-browser)/./node_modules/next/dist/client/dev/hot-reloader/app/hot-reloader-app.js:196
[  190029ms] [LOG] [Fast Refresh] done in 23ms @ webpack-internal:///(app-pages-browser)/./node_modules/next/dist/client/dev/report-hmr-latency.js:13
[  190201ms] [LOG] [Fast Refresh] rebuilding @ webpack-internal:///(app-pages-browser)/./node_modules/next/dist/client/dev/hot-reloader/app/hot-reloader-app.js:196
[  190264ms] [LOG] [Fast Refresh] done in 62ms @ webpack-internal:///(app-pages-browser)/./node_modules/next/dist/client/dev/report-hmr-latency.js:13
[  190395ms] [LOG] [Fast Refresh] rebuilding @ webpack-internal:///(app-pages-browser)/./node_modules/next/dist/client/dev/hot-reloader/app/hot-reloader-app.js:196
[  190418ms] [LOG] [Fast Refresh] done in 22ms @ webpack-internal:///(app-pages-browser)/./node_modules/next/dist/client/dev/report-hmr-latency.js:13
[  190723ms] [LOG] [Fast Refresh] rebuilding @ webpack-internal:///(app-pages-browser)/./node_modules/next/dist/client/dev/hot-reloader/app/hot-reloader-app.js:196
[  191071ms] [LOG] [Fast Refresh] done in 349ms @ webpack-internal:///(app-pages-browser)/./node_modules/next/dist/client/dev/report-hmr-latency.js:13
[  191078ms] [LOG] [Fast Refresh] rebuilding @ webpack-internal:///(app-pages-browser)/./node_modules/next/dist/client/dev/hot-reloader/app/hot-reloader-app.js:196
[  191220ms] [LOG] [Fast Refresh] done in 142ms @ webpack-internal:///(app-pages-browser)/./node_modules/next/dist/client/dev/report-hmr-latency.js:13
[  191236ms] [LOG] [Fast Refresh] rebuilding @ webpack-internal:///(app-pages-browser)/./node_modules/next/dist/client/dev/hot-reloader/app/hot-reloader-app.js:196
[  191303ms] [LOG] [Fast Refresh] done in 67ms @ webpack-internal:///(app-pages-browser)/./node_modules/next/dist/client/dev/report-hmr-latency.js:13
[  191428ms] [LOG] [Fast Refresh] rebuilding @ webpack-internal:///(app-pages-browser)/./node_modules/next/dist/client/dev/hot-reloader/app/hot-reloader-app.js:196
[  191447ms] [LOG] [Fast Refresh] done in 19ms @ webpack-internal:///(app-pages-browser)/./node_modules/next/dist/client/dev/report-hmr-latency.js:13
[  191648ms] [LOG] [Fast Refresh] rebuilding @ webpack-internal:///(app-pages-browser)/./node_modules/next/dist/client/dev/hot-reloader/app/hot-reloader-app.js:196
[  191678ms] [LOG] [Fast Refresh] done in 29ms @ webpack-internal:///(app-pages-browser)/./node_modules/next/dist/client/dev/report-hmr-latency.js:13
[  191808ms] [LOG] [Fast Refresh] rebuilding @ webpack-internal:///(app-pages-browser)/./node_modules/next/dist/client/dev/hot-reloader/app/hot-reloader-app.js:196
[  191852ms] [LOG] [Fast Refresh] done in 44ms @ webpack-internal:///(app-pages-browser)/./node_modules/next/dist/client/dev/report-hmr-latency.js:13
[  191979ms] [LOG] [Fast Refresh] rebuilding @ webpack-internal:///(app-pages-browser)/./node_modules/next/dist/client/dev/hot-reloader/app/hot-reloader-app.js:196
[  192001ms] [LOG] [Fast Refresh] done in 23ms @ webpack-internal:///(app-pages-browser)/./node_modules/next/dist/client/dev/report-hmr-latency.js:13
[  192167ms] [LOG] [Fast Refresh] rebuilding @ webpack-internal:///(app-pages-browser)/./node_modules/next/dist/client/dev/hot-reloader/app/hot-reloader-app.js:196
[  192188ms] [LOG] [Fast Refresh] done in 22ms @ webpack-internal:///(app-pages-browser)/./node_modules/next/dist/client/dev/report-hmr-latency.js:13
[  192324ms] [LOG] [Fast Refresh] rebuilding @ webpack-internal:///(app-pages-browser)/./node_modules/next/dist/client/dev/hot-reloader/app/hot-reloader-app.js:196
[  192341ms] [LOG] [Fast Refresh] done in 16ms @ webpack-internal:///(app-pages-browser)/./node_modules/next/dist/client/dev/report-hmr-latency.js:13
[  192452ms] [LOG] [Fast Refresh] rebuilding @ webpack-internal:///(app-pages-browser)/./node_modules/next/dist/client/dev/hot-reloader/app/hot-reloader-app.js:196
[  192465ms] [LOG] [Fast Refresh] done in 14ms @ webpack-internal:///(app-pages-browser)/./node_modules/next/dist/client/dev/report-hmr-latency.js:13
[  192609ms] [LOG] [Fast Refresh] rebuilding @ webpack-internal:///(app-pages-browser)/./node_modules/next/dist/client/dev/hot-reloader/app/hot-reloader-app.js:196
[  192635ms] [LOG] [Fast Refresh] done in 27ms @ webpack-internal:///(app-pages-browser)/./node_modules/next/dist/client/dev/report-hmr-latency.js:13
[  192728ms] [LOG] [Fast Refresh] rebuilding @ webpack-internal:///(app-pages-browser)/./node_modules/next/dist/client/dev/hot-reloader/app/hot-reloader-app.js:196
[  192788ms] [LOG] [Fast Refresh] done in 61ms @ webpack-internal:///(app-pages-browser)/./node_modules/next/dist/client/dev/report-hmr-latency.js:13
[  192897ms] [LOG] [Fast Refresh] rebuilding @ webpack-internal:///(app-pages-browser)/./node_modules/next/dist/client/dev/hot-reloader/app/hot-reloader-app.js:196
[  192917ms] [LOG] [Fast Refresh] done in 20ms @ webpack-internal:///(app-pages-browser)/./node_modules/next/dist/client/dev/report-hmr-latency.js:13
[  193086ms] [LOG] [Fast Refresh] rebuilding @ webpack-internal:///(app-pages-browser)/./node_modules/next/dist/client/dev/hot-reloader/app/hot-reloader-app.js:196
[  193110ms] [LOG] [Fast Refresh] done in 24ms @ webpack-internal:///(app-pages-browser)/./node_modules/next/dist/client/dev/report-hmr-latency.js:13
[  193281ms] [LOG] [Fast Refresh] rebuilding @ webpack-internal:///(app-pages-browser)/./node_modules/next/dist/client/dev/hot-reloader/app/hot-reloader-app.js:196
[  193305ms] [LOG] [Fast Refresh] done in 24ms @ webpack-internal:///(app-pages-browser)/./node_modules/next/dist/client/dev/report-hmr-latency.js:13
[  193513ms] [LOG] [Fast Refresh] rebuilding @ webpack-internal:///(app-pages-browser)/./node_modules/next/dist/client/dev/hot-reloader/app/hot-reloader-app.js:196
[  193532ms] [LOG] [Fast Refresh] done in 19ms @ webpack-internal:///(app-pages-browser)/./node_modules/next/dist/client/dev/report-hmr-latency.js:13
[  193671ms] [LOG] [Fast Refresh] rebuilding @ webpack-internal:///(app-pages-browser)/./node_modules/next/dist/client/dev/hot-reloader/app/hot-reloader-app.js:196
[  193685ms] [LOG] [Fast Refresh] done in 15ms @ webpack-internal:///(app-pages-browser)/./node_modules/next/dist/client/dev/report-hmr-latency.js:13
[  193910ms] [LOG] [Fast Refresh] rebuilding @ webpack-internal:///(app-pages-browser)/./node_modules/next/dist/client/dev/hot-reloader/app/hot-reloader-app.js:196
[  193938ms] [LOG] [Fast Refresh] done in 28ms @ webpack-internal:///(app-pages-browser)/./node_modules/next/dist/client/dev/report-hmr-latency.js:13
[  194309ms] [LOG] [Fast Refresh] rebuilding @ webpack-internal:///(app-pages-browser)/./node_modules/next/dist/client/dev/hot-reloader/app/hot-reloader-app.js:196
[  194429ms] [LOG] [Fast Refresh] done in 119ms @ webpack-internal:///(app-pages-browser)/./node_modules/next/dist/client/dev/report-hmr-latency.js:13
[  194500ms] [LOG] [Fast Refresh] rebuilding @ webpack-internal:///(app-pages-browser)/./node_modules/next/dist/client/dev/hot-reloader/app/hot-reloader-app.js:196
[  194521ms] [LOG] [Fast Refresh] done in 21ms @ webpack-internal:///(app-pages-browser)/./node_modules/next/dist/client/dev/report-hmr-latency.js:13
[  194689ms] [LOG] [Fast Refresh] rebuilding @ webpack-internal:///(app-pages-browser)/./node_modules/next/dist/client/dev/hot-reloader/app/hot-reloader-app.js:196
[  194718ms] [LOG] [Fast Refresh] done in 30ms @ webpack-internal:///(app-pages-browser)/./node_modules/next/dist/client/dev/report-hmr-latency.js:13
[  194885ms] [LOG] [Fast Refresh] rebuilding @ webpack-internal:///(app-pages-browser)/./node_modules/next/dist/client/dev/hot-reloader/app/hot-reloader-app.js:196
[  194903ms] [LOG] [Fast Refresh] done in 17ms @ webpack-internal:///(app-pages-browser)/./node_modules/next/dist/client/dev/report-hmr-latency.js:13
[  195063ms] [LOG] [Fast Refresh] rebuilding @ webpack-internal:///(app-pages-browser)/./node_modules/next/dist/client/dev/hot-reloader/app/hot-reloader-app.js:196
[  195079ms] [LOG] [Fast Refresh] done in 16ms @ webpack-internal:///(app-pages-browser)/./node_modules/next/dist/client/dev/report-hmr-latency.js:13
[  195195ms] [LOG] [Fast Refresh] rebuilding @ webpack-internal:///(app-pages-browser)/./node_modules/next/dist/client/dev/hot-reloader/app/hot-reloader-app.js:196
[  195254ms] [LOG] [Fast Refresh] done in 59ms @ webpack-internal:///(app-pages-browser)/./node_modules/next/dist/client/dev/report-hmr-latency.js:13
[  195340ms] [LOG] [Fast Refresh] rebuilding @ webpack-internal:///(app-pages-browser)/./node_modules/next/dist/client/dev/hot-reloader/app/hot-reloader-app.js:196
[  195357ms] [LOG] [Fast Refresh] done in 17ms @ webpack-internal:///(app-pages-browser)/./node_modules/next/dist/client/dev/report-hmr-latency.js:13
[  195497ms] [LOG] [Fast Refresh] rebuilding @ webpack-internal:///(app-pages-browser)/./node_modules/next/dist/client/dev/hot-reloader/app/hot-reloader-app.js:196
[  195513ms] [LOG] [Fast Refresh] done in 16ms @ webpack-internal:///(app-pages-browser)/./node_modules/next/dist/client/dev/report-hmr-latency.js:13
[  195652ms] [LOG] [Fast Refresh] rebuilding @ webpack-internal:///(app-pages-browser)/./node_modules/next/dist/client/dev/hot-reloader/app/hot-reloader-app.js:196
[  195681ms] [LOG] [Fast Refresh] done in 29ms @ webpack-internal:///(app-pages-browser)/./node_modules/next/dist/client/dev/report-hmr-latency.js:13
[  195808ms] [LOG] [Fast Refresh] rebuilding @ webpack-internal:///(app-pages-browser)/./node_modules/next/dist/client/dev/hot-reloader/app/hot-reloader-app.js:196
[  195827ms] [LOG] [Fast Refresh] done in 19ms @ webpack-internal:///(app-pages-browser)/./node_modules/next/dist/client/dev/report-hmr-latency.js:13
[  195975ms] [LOG] [Fast Refresh] rebuilding @ webpack-internal:///(app-pages-browser)/./node_modules/next/dist/client/dev/hot-reloader/app/hot-reloader-app.js:196
[  196045ms] [LOG] [Fast Refresh] done in 70ms @ webpack-internal:///(app-pages-browser)/./node_modules/next/dist/client/dev/report-hmr-latency.js:13
[  196123ms] [LOG] [Fast Refresh] rebuilding @ webpack-internal:///(app-pages-browser)/./node_modules/next/dist/client/dev/hot-reloader/app/hot-reloader-app.js:196
[  196161ms] [LOG] [Fast Refresh] done in 38ms @ webpack-internal:///(app-pages-browser)/./node_modules/next/dist/client/dev/report-hmr-latency.js:13
[  196275ms] [LOG] [Fast Refresh] rebuilding @ webpack-internal:///(app-pages-browser)/./node_modules/next/dist/client/dev/hot-reloader/app/hot-reloader-app.js:196
[  196300ms] [LOG] [Fast Refresh] done in 24ms @ webpack-internal:///(app-pages-browser)/./node_modules/next/dist/client/dev/report-hmr-latency.js:13
[  196439ms] [LOG] [Fast Refresh] rebuilding @ webpack-internal:///(app-pages-browser)/./node_modules/next/dist/client/dev/hot-reloader/app/hot-reloader-app.js:196
[  196461ms] [LOG] [Fast Refresh] done in 22ms @ webpack-internal:///(app-pages-browser)/./node_modules/next/dist/client/dev/report-hmr-latency.js:13
[  196677ms] [LOG] [Fast Refresh] rebuilding @ webpack-internal:///(app-pages-browser)/./node_modules/next/dist/client/dev/hot-reloader/app/hot-reloader-app.js:196
[  196739ms] [LOG] [Fast Refresh] done in 62ms @ webpack-internal:///(app-pages-browser)/./node_modules/next/dist/client/dev/report-hmr-latency.js:13
[  196857ms] [LOG] [Fast Refresh] rebuilding @ webpack-internal:///(app-pages-browser)/./node_modules/next/dist/client/dev/hot-reloader/app/hot-reloader-app.js:196
[  196878ms] [LOG] [Fast Refresh] done in 20ms @ webpack-internal:///(app-pages-browser)/./node_modules/next/dist/client/dev/report-hmr-latency.js:13
[  197022ms] [LOG] [Fast Refresh] rebuilding @ webpack-internal:///(app-pages-browser)/./node_modules/next/dist/client/dev/hot-reloader/app/hot-reloader-app.js:196
[  197041ms] [LOG] [Fast Refresh] done in 20ms @ webpack-internal:///(app-pages-browser)/./node_modules/next/dist/client/dev/report-hmr-latency.js:13
[  197375ms] [LOG] [Fast Refresh] rebuilding @ webpack-internal:///(app-pages-browser)/./node_modules/next/dist/client/dev/hot-reloader/app/hot-reloader-app.js:196
[  197561ms] [LOG] [Fast Refresh] done in 187ms @ webpack-internal:///(app-pages-browser)/./node_modules/next/dist/client/dev/report-hmr-latency.js:13
[  197572ms] [LOG] [Fast Refresh] rebuilding @ webpack-internal:///(app-pages-browser)/./node_modules/next/dist/client/dev/hot-reloader/app/hot-reloader-app.js:196
[  197590ms] [LOG] [Fast Refresh] done in 18ms @ webpack-internal:///(app-pages-browser)/./node_modules/next/dist/client/dev/report-hmr-latency.js:13
[  197810ms] [LOG] [Fast Refresh] rebuilding @ webpack-internal:///(app-pages-browser)/./node_modules/next/dist/client/dev/hot-reloader/app/hot-reloader-app.js:196
[  197830ms] [LOG] [Fast Refresh] done in 21ms @ webpack-internal:///(app-pages-browser)/./node_modules/next/dist/client/dev/report-hmr-latency.js:13
[  197994ms] [LOG] [Fast Refresh] rebuilding @ webpack-internal:///(app-pages-browser)/./node_modules/next/dist/client/dev/hot-reloader/app/hot-reloader-app.js:196
[  198009ms] [LOG] [Fast Refresh] done in 15ms @ webpack-internal:///(app-pages-browser)/./node_modules/next/dist/client/dev/report-hmr-latency.js:13
[  198178ms] [LOG] [Fast Refresh] rebuilding @ webpack-internal:///(app-pages-browser)/./node_modules/next/dist/client/dev/hot-reloader/app/hot-reloader-app.js:196
[  198193ms] [LOG] [Fast Refresh] done in 14ms @ webpack-internal:///(app-pages-browser)/./node_modules/next/dist/client/dev/report-hmr-latency.js:13
[  198328ms] [LOG] [Fast Refresh] rebuilding @ webpack-internal:///(app-pages-browser)/./node_modules/next/dist/client/dev/hot-reloader/app/hot-reloader-app.js:196
[  198378ms] [LOG] [Fast Refresh] done in 49ms @ webpack-internal:///(app-pages-browser)/./node_modules/next/dist/client/dev/report-hmr-latency.js:13
[  198486ms] [LOG] [Fast Refresh] rebuilding @ webpack-internal:///(app-pages-browser)/./node_modules/next/dist/client/dev/hot-reloader/app/hot-reloader-app.js:196
[  198506ms] [LOG] [Fast Refresh] done in 21ms @ webpack-internal:///(app-pages-browser)/./node_modules/next/dist/client/dev/report-hmr-latency.js:13
[  198641ms] [LOG] [Fast Refresh] rebuilding @ webpack-internal:///(app-pages-browser)/./node_modules/next/dist/client/dev/hot-reloader/app/hot-reloader-app.js:196
[  198668ms] [LOG] [Fast Refresh] done in 26ms @ webpack-internal:///(app-pages-browser)/./node_modules/next/dist/client/dev/report-hmr-latency.js:13
[  198809ms] [LOG] [Fast Refresh] rebuilding @ webpack-internal:///(app-pages-browser)/./node_modules/next/dist/client/dev/hot-reloader/app/hot-reloader-app.js:196
[  198834ms] [LOG] [Fast Refresh] done in 24ms @ webpack-internal:///(app-pages-browser)/./node_modules/next/dist/client/dev/report-hmr-latency.js:13
[  198970ms] [LOG] [Fast Refresh] rebuilding @ webpack-internal:///(app-pages-browser)/./node_modules/next/dist/client/dev/hot-reloader/app/hot-reloader-app.js:196
[  198997ms] [LOG] [Fast Refresh] done in 28ms @ webpack-internal:///(app-pages-browser)/./node_modules/next/dist/client/dev/report-hmr-latency.js:13
[  199104ms] [LOG] [Fast Refresh] rebuilding @ webpack-internal:///(app-pages-browser)/./node_modules/next/dist/client/dev/hot-reloader/app/hot-reloader-app.js:196
[  199119ms] [LOG] [Fast Refresh] done in 14ms @ webpack-internal:///(app-pages-browser)/./node_modules/next/dist/client/dev/report-hmr-latency.js:13
[  199199ms] [ERROR] Failed to load resource: the server responded with a status of 500 (Internal Server Error) @ http://localhost:3001/?_rsc=fsnpp:0
[  199256ms] [LOG] [Fast Refresh] rebuilding @ webpack-internal:///(app-pages-browser)/./node_modules/next/dist/client/dev/hot-reloader/app/hot-reloader-app.js:196
[  199310ms] [LOG] [Fast Refresh] done in 53ms @ webpack-internal:///(app-pages-browser)/./node_modules/next/dist/client/dev/report-hmr-latency.js:13
[  199403ms] [LOG] [Fast Refresh] rebuilding @ webpack-internal:///(app-pages-browser)/./node_modules/next/dist/client/dev/hot-reloader/app/hot-reloader-app.js:196
[  199423ms] [LOG] [Fast Refresh] done in 20ms @ webpack-internal:///(app-pages-browser)/./node_modules/next/dist/client/dev/report-hmr-latency.js:13
[  199570ms] [LOG] [Fast Refresh] rebuilding @ webpack-internal:///(app-pages-browser)/./node_modules/next/dist/client/dev/hot-reloader/app/hot-reloader-app.js:196
[  199590ms] [LOG] [Fast Refresh] done in 21ms @ webpack-internal:///(app-pages-browser)/./node_modules/next/dist/client/dev/report-hmr-latency.js:13
[  199819ms] [LOG] [Fast Refresh] rebuilding @ webpack-internal:///(app-pages-browser)/./node_modules/next/dist/client/dev/hot-reloader/app/hot-reloader-app.js:196
[  199842ms] [LOG] [Fast Refresh] done in 24ms @ webpack-internal:///(app-pages-browser)/./node_modules/next/dist/client/dev/report-hmr-latency.js:13
[  200022ms] [LOG] [Fast Refresh] rebuilding @ webpack-internal:///(app-pages-browser)/./node_modules/next/dist/client/dev/hot-reloader/app/hot-reloader-app.js:196
[  200098ms] [LOG] [Fast Refresh] done in 75ms @ webpack-internal:///(app-pages-browser)/./node_modules/next/dist/client/dev/report-hmr-latency.js:13
[  200259ms] [LOG] [Fast Refresh] rebuilding @ webpack-internal:///(app-pages-browser)/./node_modules/next/dist/client/dev/hot-reloader/app/hot-reloader-app.js:196
[  200280ms] [LOG] [Fast Refresh] done in 21ms @ webpack-internal:///(app-pages-browser)/./node_modules/next/dist/client/dev/report-hmr-latency.js:13
[  200409ms] [LOG] [Fast Refresh] rebuilding @ webpack-internal:///(app-pages-browser)/./node_modules/next/dist/client/dev/hot-reloader/app/hot-reloader-app.js:196
[  200427ms] [LOG] [Fast Refresh] done in 18ms @ webpack-internal:///(app-pages-browser)/./node_modules/next/dist/client/dev/report-hmr-latency.js:13
[  200606ms] [LOG] [Fast Refresh] rebuilding @ webpack-internal:///(app-pages-browser)/./node_modules/next/dist/client/dev/hot-reloader/app/hot-reloader-app.js:196
[  200631ms] [LOG] [Fast Refresh] done in 24ms @ webpack-internal:///(app-pages-browser)/./node_modules/next/dist/client/dev/report-hmr-latency.js:13
[  200839ms] [LOG] [Fast Refresh] rebuilding @ webpack-internal:///(app-pages-browser)/./node_modules/next/dist/client/dev/hot-reloader/app/hot-reloader-app.js:196
[  200910ms] [LOG] [Fast Refresh] done in 72ms @ webpack-internal:///(app-pages-browser)/./node_modules/next/dist/client/dev/report-hmr-latency.js:13
[  201043ms] [LOG] [Fast Refresh] rebuilding @ webpack-internal:///(app-pages-browser)/./node_modules/next/dist/client/dev/hot-reloader/app/hot-reloader-app.js:196
[  201063ms] [LOG] [Fast Refresh] done in 19ms @ webpack-internal:///(app-pages-browser)/./node_modules/next/dist/client/dev/report-hmr-latency.js:13
[  201237ms] [LOG] [Fast Refresh] rebuilding @ webpack-internal:///(app-pages-browser)/./node_modules/next/dist/client/dev/hot-reloader/app/hot-reloader-app.js:196
[  201258ms] [LOG] [Fast Refresh] done in 21ms @ webpack-internal:///(app-pages-browser)/./node_modules/next/dist/client/dev/report-hmr-latency.js:13
[  201438ms] [LOG] [Fast Refresh] rebuilding @ webpack-internal:///(app-pages-browser)/./node_modules/next/dist/client/dev/hot-reloader/app/hot-reloader-app.js:196
[  201453ms] [LOG] [Fast Refresh] done in 14ms @ webpack-internal:///(app-pages-browser)/./node_modules/next/dist/client/dev/report-hmr-latency.js:13
[  201585ms] [LOG] [Fast Refresh] rebuilding @ webpack-internal:///(app-pages-browser)/./node_modules/next/dist/client/dev/hot-reloader/app/hot-reloader-app.js:196
[  201648ms] [LOG] [Fast Refresh] done in 64ms @ webpack-internal:///(app-pages-browser)/./node_modules/next/dist/client/dev/report-hmr-latency.js:13
[  201779ms] [LOG] [Fast Refresh] rebuilding @ webpack-internal:///(app-pages-browser)/./node_modules/next/dist/client/dev/hot-reloader/app/hot-reloader-app.js:196
[  201850ms] [LOG] [Fast Refresh] done in 70ms @ webpack-internal:///(app-pages-browser)/./node_modules/next/dist/client/dev/report-hmr-latency.js:13
[  202023ms] [LOG] [Fast Refresh] rebuilding @ webpack-internal:///(app-pages-browser)/./node_modules/next/dist/client/dev/hot-reloader/app/hot-reloader-app.js:196
[  202047ms] [LOG] [Fast Refresh] done in 23ms @ webpack-internal:///(app-pages-browser)/./node_modules/next/dist/client/dev/report-hmr-latency.js:13
[  202162ms] [LOG] [Fast Refresh] rebuilding @ webpack-internal:///(app-pages-browser)/./node_modules/next/dist/client/dev/hot-reloader/app/hot-reloader-app.js:196
[  202233ms] [LOG] [Fast Refresh] done in 70ms @ webpack-internal:///(app-pages-browser)/./node_modules/next/dist/client/dev/report-hmr-latency.js:13
[  202348ms] [LOG] [Fast Refresh] rebuilding @ webpack-internal:///(app-pages-browser)/./node_modules/next/dist/client/dev/hot-reloader/app/hot-reloader-app.js:196
[  202424ms] [LOG] [Fast Refresh] done in 76ms @ webpack-internal:///(app-pages-browser)/./node_modules/next/dist/client/dev/report-hmr-latency.js:13
[  202814ms] [LOG] [Fast Refresh] rebuilding @ webpack-internal:///(app-pages-browser)/./node_modules/next/dist/client/dev/hot-reloader/app/hot-reloader-app.js:196
[  202931ms] [LOG] [Fast Refresh] done in 118ms @ webpack-internal:///(app-pages-browser)/./node_modules/next/dist/client/dev/report-hmr-latency.js:13
[  202960ms] [LOG] [Fast Refresh] rebuilding @ webpack-internal:///(app-pages-browser)/./node_modules/next/dist/client/dev/hot-reloader/app/hot-reloader-app.js:196
[  203091ms] [LOG] [Fast Refresh] done in 131ms @ webpack-internal:///(app-pages-browser)/./node_modules/next/dist/client/dev/report-hmr-latency.js:13
[  204822ms] [LOG] [Fast Refresh] rebuilding @ webpack-internal:///(app-pages-browser)/./node_modules/next/dist/client/dev/hot-reloader/app/hot-reloader-app.js:196
[  204824ms] [LOG] [Fast Refresh] done in 2ms @ webpack-internal:///(app-pages-browser)/./node_modules/next/dist/client/dev/report-hmr-latency.js:13
[  204834ms] [LOG] [Fast Refresh] rebuilding @ webpack-internal:///(app-pages-browser)/./node_modules/next/dist/client/dev/hot-reloader/app/hot-reloader-app.js:196
[  205009ms] [LOG] [Fast Refresh] done in 175ms @ webpack-internal:///(app-pages-browser)/./node_modules/next/dist/client/dev/report-hmr-latency.js:13
[  205076ms] [LOG] [Fast Refresh] rebuilding @ webpack-internal:///(app-pages-browser)/./node_modules/next/dist/client/dev/hot-reloader/app/hot-reloader-app.js:196
[  205099ms] [LOG] [Fast Refresh] done in 23ms @ webpack-internal:///(app-pages-browser)/./node_modules/next/dist/client/dev/report-hmr-latency.js:13
[  205326ms] [LOG] [Fast Refresh] rebuilding @ webpack-internal:///(app-pages-browser)/./node_modules/next/dist/client/dev/hot-reloader/app/hot-reloader-app.js:196
[  205406ms] [LOG] [Fast Refresh] done in 79ms @ webpack-internal:///(app-pages-browser)/./node_modules/next/dist/client/dev/report-hmr-latency.js:13
[  205588ms] [LOG] [Fast Refresh] rebuilding @ webpack-internal:///(app-pages-browser)/./node_modules/next/dist/client/dev/hot-reloader/app/hot-reloader-app.js:196
[  205643ms] [LOG] [Fast Refresh] done in 55ms @ webpack-internal:///(app-pages-browser)/./node_modules/next/dist/client/dev/report-hmr-latency.js:13
[  205762ms] [LOG] [Fast Refresh] rebuilding @ webpack-internal:///(app-pages-browser)/./node_modules/next/dist/client/dev/hot-reloader/app/hot-reloader-app.js:196
[  205782ms] [LOG] [Fast Refresh] done in 21ms @ webpack-internal:///(app-pages-browser)/./node_modules/next/dist/client/dev/report-hmr-latency.js:13
[  205928ms] [LOG] [Fast Refresh] rebuilding @ webpack-internal:///(app-pages-browser)/./node_modules/next/dist/client/dev/hot-reloader/app/hot-reloader-app.js:196
[  205943ms] [LOG] [Fast Refresh] done in 15ms @ webpack-internal:///(app-pages-browser)/./node_modules/next/dist/client/dev/report-hmr-latency.js:13
[  206101ms] [LOG] [Fast Refresh] rebuilding @ webpack-internal:///(app-pages-browser)/./node_modules/next/dist/client/dev/hot-reloader/app/hot-reloader-app.js:196
[  206119ms] [LOG] [Fast Refresh] done in 18ms @ webpack-internal:///(app-pages-browser)/./node_modules/next/dist/client/dev/report-hmr-latency.js:13
[  206279ms] [LOG] [Fast Refresh] rebuilding @ webpack-internal:///(app-pages-browser)/./node_modules/next/dist/client/dev/hot-reloader/app/hot-reloader-app.js:196
[  206301ms] [LOG] [Fast Refresh] done in 23ms @ webpack-internal:///(app-pages-browser)/./node_modules/next/dist/client/dev/report-hmr-latency.js:13
[  206412ms] [LOG] [Fast Refresh] rebuilding @ webpack-internal:///(app-pages-browser)/./node_modules/next/dist/client/dev/hot-reloader/app/hot-reloader-app.js:196
[  206487ms] [LOG] [Fast Refresh] done in 74ms @ webpack-internal:///(app-pages-browser)/./node_modules/next/dist/client/dev/report-hmr-latency.js:13
[  206597ms] [LOG] [Fast Refresh] rebuilding @ webpack-internal:///(app-pages-browser)/./node_modules/next/dist/client/dev/hot-reloader/app/hot-reloader-app.js:196
[  206618ms] [LOG] [Fast Refresh] done in 21ms @ webpack-internal:///(app-pages-browser)/./node_modules/next/dist/client/dev/report-hmr-latency.js:13
[  206805ms] [LOG] [Fast Refresh] rebuilding @ webpack-internal:///(app-pages-browser)/./node_modules/next/dist/client/dev/hot-reloader/app/hot-reloader-app.js:196
[  206825ms] [LOG] [Fast Refresh] done in 19ms @ webpack-internal:///(app-pages-browser)/./node_modules/next/dist/client/dev/report-hmr-latency.js:13
[  206988ms] [LOG] [Fast Refresh] rebuilding @ webpack-internal:///(app-pages-browser)/./node_modules/next/dist/client/dev/hot-reloader/app/hot-reloader-app.js:196
[  207010ms] [LOG] [Fast Refresh] done in 22ms @ webpack-internal:///(app-pages-browser)/./node_modules/next/dist/client/dev/report-hmr-latency.js:13
[  207185ms] [LOG] [Fast Refresh] rebuilding @ webpack-internal:///(app-pages-browser)/./node_modules/next/dist/client/dev/hot-reloader/app/hot-reloader-app.js:196
[  207211ms] [LOG] [Fast Refresh] done in 25ms @ webpack-internal:///(app-pages-browser)/./node_modules/next/dist/client/dev/report-hmr-latency.js:13
[  207383ms] [LOG] [Fast Refresh] rebuilding @ webpack-internal:///(app-pages-browser)/./node_modules/next/dist/client/dev/hot-reloader/app/hot-reloader-app.js:196
[  207400ms] [LOG] [Fast Refresh] done in 18ms @ webpack-internal:///(app-pages-browser)/./node_modules/next/dist/client/dev/report-hmr-latency.js:13
[  207570ms] [LOG] [Fast Refresh] rebuilding @ webpack-internal:///(app-pages-browser)/./node_modules/next/dist/client/dev/hot-reloader/app/hot-reloader-app.js:196
[  207589ms] [LOG] [Fast Refresh] done in 19ms @ webpack-internal:///(app-pages-browser)/./node_modules/next/dist/client/dev/report-hmr-latency.js:13
[  207770ms] [LOG] [Fast Refresh] rebuilding @ webpack-internal:///(app-pages-browser)/./node_modules/next/dist/client/dev/hot-reloader/app/hot-reloader-app.js:196
[  207785ms] [LOG] [Fast Refresh] done in 14ms @ webpack-internal:///(app-pages-browser)/./node_modules/next/dist/client/dev/report-hmr-latency.js:13
[  207955ms] [LOG] [Fast Refresh] rebuilding @ webpack-internal:///(app-pages-browser)/./node_modules/next/dist/client/dev/hot-reloader/app/hot-reloader-app.js:196
[  207976ms] [LOG] [Fast Refresh] done in 21ms @ webpack-internal:///(app-pages-browser)/./node_modules/next/dist/client/dev/report-hmr-latency.js:13
[  208214ms] [LOG] [Fast Refresh] rebuilding @ webpack-internal:///(app-pages-browser)/./node_modules/next/dist/client/dev/hot-reloader/app/hot-reloader-app.js:196
[  208244ms] [LOG] [Fast Refresh] done in 31ms @ webpack-internal:///(app-pages-browser)/./node_modules/next/dist/client/dev/report-hmr-latency.js:13
[  208373ms] [LOG] [Fast Refresh] rebuilding @ webpack-internal:///(app-pages-browser)/./node_modules/next/dist/client/dev/hot-reloader/app/hot-reloader-app.js:196
[  208386ms] [LOG] [Fast Refresh] done in 13ms @ webpack-internal:///(app-pages-browser)/./node_modules/next/dist/client/dev/report-hmr-latency.js:13
[  208548ms] [LOG] [Fast Refresh] rebuilding @ webpack-internal:///(app-pages-browser)/./node_modules/next/dist/client/dev/hot-reloader/app/hot-reloader-app.js:196
[  208567ms] [LOG] [Fast Refresh] done in 19ms @ webpack-internal:///(app-pages-browser)/./node_modules/next/dist/client/dev/report-hmr-latency.js:13
[  208737ms] [LOG] [Fast Refresh] rebuilding @ webpack-internal:///(app-pages-browser)/./node_modules/next/dist/client/dev/hot-reloader/app/hot-reloader-app.js:196
[  208755ms] [LOG] [Fast Refresh] done in 19ms @ webpack-internal:///(app-pages-browser)/./node_modules/next/dist/client/dev/report-hmr-latency.js:13
[  208876ms] [LOG] [Fast Refresh] rebuilding @ webpack-internal:///(app-pages-browser)/./node_modules/next/dist/client/dev/hot-reloader/app/hot-reloader-app.js:196
[  208890ms] [LOG] [Fast Refresh] done in 14ms @ webpack-internal:///(app-pages-browser)/./node_modules/next/dist/client/dev/report-hmr-latency.js:13
[  209049ms] [LOG] [Fast Refresh] rebuilding @ webpack-internal:///(app-pages-browser)/./node_modules/next/dist/client/dev/hot-reloader/app/hot-reloader-app.js:196
[  209085ms] [LOG] [Fast Refresh] done in 36ms @ webpack-internal:///(app-pages-browser)/./node_modules/next/dist/client/dev/report-hmr-latency.js:13
[  209187ms] [LOG] [Fast Refresh] rebuilding @ webpack-internal:///(app-pages-browser)/./node_modules/next/dist/client/dev/hot-reloader/app/hot-reloader-app.js:196
[  209200ms] [LOG] [Fast Refresh] done in 13ms @ webpack-internal:///(app-pages-browser)/./node_modules/next/dist/client/dev/report-hmr-latency.js:13
[  209363ms] [LOG] [Fast Refresh] rebuilding @ webpack-internal:///(app-pages-browser)/./node_modules/next/dist/client/dev/hot-reloader/app/hot-reloader-app.js:196
[  209382ms] [LOG] [Fast Refresh] done in 20ms @ webpack-internal:///(app-pages-browser)/./node_modules/next/dist/client/dev/report-hmr-latency.js:13
[  209528ms] [LOG] [Fast Refresh] rebuilding @ webpack-internal:///(app-pages-browser)/./node_modules/next/dist/client/dev/hot-reloader/app/hot-reloader-app.js:196
[  209553ms] [LOG] [Fast Refresh] done in 26ms @ webpack-internal:///(app-pages-browser)/./node_modules/next/dist/client/dev/report-hmr-latency.js:13
[  209672ms] [LOG] [Fast Refresh] rebuilding @ webpack-internal:///(app-pages-browser)/./node_modules/next/dist/client/dev/hot-reloader/app/hot-reloader-app.js:196
[  209688ms] [LOG] [Fast Refresh] done in 16ms @ webpack-internal:///(app-pages-browser)/./node_modules/next/dist/client/dev/report-hmr-latency.js:13
[  209800ms] [ERROR] Failed to load resource: the server responded with a status of 500 (Internal Server Error) @ http://localhost:3001/?_rsc=fsnpp:0
[  209817ms] [LOG] [Fast Refresh] rebuilding @ webpack-internal:///(app-pages-browser)/./node_modules/next/dist/client/dev/hot-reloader/app/hot-reloader-app.js:196
[  209880ms] [LOG] [Fast Refresh] done in 63ms @ webpack-internal:///(app-pages-browser)/./node_modules/next/dist/client/dev/report-hmr-latency.js:13
[  210002ms] [LOG] [Fast Refresh] rebuilding @ webpack-internal:///(app-pages-browser)/./node_modules/next/dist/client/dev/hot-reloader/app/hot-reloader-app.js:196
[  210020ms] [LOG] [Fast Refresh] done in 18ms @ webpack-internal:///(app-pages-browser)/./node_modules/next/dist/client/dev/report-hmr-latency.js:13
[  210176ms] [LOG] [Fast Refresh] rebuilding @ webpack-internal:///(app-pages-browser)/./node_modules/next/dist/client/dev/hot-reloader/app/hot-reloader-app.js:196
[  210191ms] [LOG] [Fast Refresh] done in 15ms @ webpack-internal:///(app-pages-browser)/./node_modules/next/dist/client/dev/report-hmr-latency.js:13
[  210354ms] [LOG] [Fast Refresh] rebuilding @ webpack-internal:///(app-pages-browser)/./node_modules/next/dist/client/dev/hot-reloader/app/hot-reloader-app.js:196
[  210369ms] [LOG] [Fast Refresh] done in 15ms @ webpack-internal:///(app-pages-browser)/./node_modules/next/dist/client/dev/report-hmr-latency.js:13
[  210514ms] [LOG] [Fast Refresh] rebuilding @ webpack-internal:///(app-pages-browser)/./node_modules/next/dist/client/dev/hot-reloader/app/hot-reloader-app.js:196
[  210535ms] [LOG] [Fast Refresh] done in 21ms @ webpack-internal:///(app-pages-browser)/./node_modules/next/dist/client/dev/report-hmr-latency.js:13
[  210698ms] [LOG] [Fast Refresh] rebuilding @ webpack-internal:///(app-pages-browser)/./node_modules/next/dist/client/dev/hot-reloader/app/hot-reloader-app.js:196
[  210737ms] [LOG] [Fast Refresh] done in 39ms @ webpack-internal:///(app-pages-browser)/./node_modules/next/dist/client/dev/report-hmr-latency.js:13
[  210857ms] [LOG] [Fast Refresh] rebuilding @ webpack-internal:///(app-pages-browser)/./node_modules/next/dist/client/dev/hot-reloader/app/hot-reloader-app.js:196
[  210896ms] [LOG] [Fast Refresh] done in 40ms @ webpack-internal:///(app-pages-browser)/./node_modules/next/dist/client/dev/report-hmr-latency.js:13
[  211173ms] [LOG] [Fast Refresh] rebuilding @ webpack-internal:///(app-pages-browser)/./node_modules/next/dist/client/dev/hot-reloader/app/hot-reloader-app.js:196
[  211188ms] [LOG] [Fast Refresh] done in 14ms @ webpack-internal:///(app-pages-browser)/./node_modules/next/dist/client/dev/report-hmr-latency.js:13
[  211384ms] [LOG] [Fast Refresh] rebuilding @ webpack-internal:///(app-pages-browser)/./node_modules/next/dist/client/dev/hot-reloader/app/hot-reloader-app.js:196
[  211401ms] [LOG] [Fast Refresh] done in 17ms @ webpack-internal:///(app-pages-browser)/./node_modules/next/dist/client/dev/report-hmr-latency.js:13
[  211603ms] [LOG] [Fast Refresh] rebuilding @ webpack-internal:///(app-pages-browser)/./node_modules/next/dist/client/dev/hot-reloader/app/hot-reloader-app.js:196
[  211741ms] [LOG] [Fast Refresh] done in 137ms @ webpack-internal:///(app-pages-browser)/./node_modules/next/dist/client/dev/report-hmr-latency.js:13
[  212081ms] [LOG] [Fast Refresh] rebuilding @ webpack-internal:///(app-pages-browser)/./node_modules/next/dist/client/dev/hot-reloader/app/hot-reloader-app.js:196
[  212179ms] [LOG] [Fast Refresh] done in 98ms @ webpack-internal:///(app-pages-browser)/./node_modules/next/dist/client/dev/report-hmr-latency.js:13
[  212190ms] [LOG] [Fast Refresh] rebuilding @ webpack-internal:///(app-pages-browser)/./node_modules/next/dist/client/dev/hot-reloader/app/hot-reloader-app.js:196
[  212289ms] [LOG] [Fast Refresh] done in 100ms @ webpack-internal:///(app-pages-browser)/./node_modules/next/dist/client/dev/report-hmr-latency.js:13
[  212453ms] [LOG] [Fast Refresh] rebuilding @ webpack-internal:///(app-pages-browser)/./node_modules/next/dist/client/dev/hot-reloader/app/hot-reloader-app.js:196
[  212477ms] [LOG] [Fast Refresh] done in 24ms @ webpack-internal:///(app-pages-browser)/./node_modules/next/dist/client/dev/report-hmr-latency.js:13
[  212651ms] [LOG] [Fast Refresh] rebuilding @ webpack-internal:///(app-pages-browser)/./node_modules/next/dist/client/dev/hot-reloader/app/hot-reloader-app.js:196
[  212672ms] [LOG] [Fast Refresh] done in 20ms @ webpack-internal:///(app-pages-browser)/./node_modules/next/dist/client/dev/report-hmr-latency.js:13
[  212804ms] [LOG] [Fast Refresh] rebuilding @ webpack-internal:///(app-pages-browser)/./node_modules/next/dist/client/dev/hot-reloader/app/hot-reloader-app.js:196
[  212821ms] [LOG] [Fast Refresh] done in 16ms @ webpack-internal:///(app-pages-browser)/./node_modules/next/dist/client/dev/report-hmr-latency.js:13
[  212957ms] [LOG] [Fast Refresh] rebuilding @ webpack-internal:///(app-pages-browser)/./node_modules/next/dist/client/dev/hot-reloader/app/hot-reloader-app.js:196
[  212988ms] [LOG] [Fast Refresh] done in 30ms @ webpack-internal:///(app-pages-browser)/./node_modules/next/dist/client/dev/report-hmr-latency.js:13
[  213194ms] [LOG] [Fast Refresh] rebuilding @ webpack-internal:///(app-pages-browser)/./node_modules/next/dist/client/dev/hot-reloader/app/hot-reloader-app.js:196
[  213212ms] [LOG] [Fast Refresh] done in 19ms @ webpack-internal:///(app-pages-browser)/./node_modules/next/dist/client/dev/report-hmr-latency.js:13
[  213400ms] [LOG] [Fast Refresh] rebuilding @ webpack-internal:///(app-pages-browser)/./node_modules/next/dist/client/dev/hot-reloader/app/hot-reloader-app.js:196
[  213421ms] [LOG] [Fast Refresh] done in 21ms @ webpack-internal:///(app-pages-browser)/./node_modules/next/dist/client/dev/report-hmr-latency.js:13
[  213573ms] [LOG] [Fast Refresh] rebuilding @ webpack-internal:///(app-pages-browser)/./node_modules/next/dist/client/dev/hot-reloader/app/hot-reloader-app.js:196
[  213600ms] [LOG] [Fast Refresh] done in 26ms @ webpack-internal:///(app-pages-browser)/./node_modules/next/dist/client/dev/report-hmr-latency.js:13
[  213691ms] [LOG] [Fast Refresh] rebuilding @ webpack-internal:///(app-pages-browser)/./node_modules/next/dist/client/dev/hot-reloader/app/hot-reloader-app.js:196
[  213723ms] [LOG] [Fast Refresh] done in 31ms @ webpack-internal:///(app-pages-browser)/./node_modules/next/dist/client/dev/report-hmr-latency.js:13
[  213805ms] [ERROR] Failed to load resource: the server responded with a status of 500 (Internal Server Error) @ http://localhost:3001/?_rsc=fsnpp:0
[  213821ms] [LOG] [Fast Refresh] rebuilding @ webpack-internal:///(app-pages-browser)/./node_modules/next/dist/client/dev/hot-reloader/app/hot-reloader-app.js:196
[  213881ms] [LOG] [Fast Refresh] done in 60ms @ webpack-internal:///(app-pages-browser)/./node_modules/next/dist/client/dev/report-hmr-latency.js:13
[  214034ms] [LOG] [Fast Refresh] rebuilding @ webpack-internal:///(app-pages-browser)/./node_modules/next/dist/client/dev/hot-reloader/app/hot-reloader-app.js:196
[  214073ms] [LOG] [Fast Refresh] done in 38ms @ webpack-internal:///(app-pages-browser)/./node_modules/next/dist/client/dev/report-hmr-latency.js:13
[  214199ms] [LOG] [Fast Refresh] rebuilding @ webpack-internal:///(app-pages-browser)/./node_modules/next/dist/client/dev/hot-reloader/app/hot-reloader-app.js:196
[  214224ms] [LOG] [Fast Refresh] done in 25ms @ webpack-internal:///(app-pages-browser)/./node_modules/next/dist/client/dev/report-hmr-latency.js:13
[  214345ms] [LOG] [Fast Refresh] rebuilding @ webpack-internal:///(app-pages-browser)/./node_modules/next/dist/client/dev/hot-reloader/app/hot-reloader-app.js:196
[  214361ms] [LOG] [Fast Refresh] done in 17ms @ webpack-internal:///(app-pages-browser)/./node_modules/next/dist/client/dev/report-hmr-latency.js:13
[  214452ms] [ERROR] Failed to load resource: the server responded with a status of 500 (Internal Server Error) @ http://localhost:3001/?_rsc=fsnpp:0
[  214565ms] [LOG] [Fast Refresh] rebuilding @ webpack-internal:///(app-pages-browser)/./node_modules/next/dist/client/dev/hot-reloader/app/hot-reloader-app.js:196
[  214620ms] [LOG] [Fast Refresh] done in 55ms @ webpack-internal:///(app-pages-browser)/./node_modules/next/dist/client/dev/report-hmr-latency.js:13
[  214741ms] [LOG] [Fast Refresh] rebuilding @ webpack-internal:///(app-pages-browser)/./node_modules/next/dist/client/dev/hot-reloader/app/hot-reloader-app.js:196
[  214771ms] [LOG] [Fast Refresh] done in 30ms @ webpack-internal:///(app-pages-browser)/./node_modules/next/dist/client/dev/report-hmr-latency.js:13
[  214890ms] [LOG] [Fast Refresh] rebuilding @ webpack-internal:///(app-pages-browser)/./node_modules/next/dist/client/dev/hot-reloader/app/hot-reloader-app.js:196
[  214920ms] [LOG] [Fast Refresh] done in 30ms @ webpack-internal:///(app-pages-browser)/./node_modules/next/dist/client/dev/report-hmr-latency.js:13
[  215043ms] [LOG] [Fast Refresh] rebuilding @ webpack-internal:///(app-pages-browser)/./node_modules/next/dist/client/dev/hot-reloader/app/hot-reloader-app.js:196
[  215068ms] [LOG] [Fast Refresh] done in 25ms @ webpack-internal:///(app-pages-browser)/./node_modules/next/dist/client/dev/report-hmr-latency.js:13
[  215207ms] [LOG] [Fast Refresh] rebuilding @ webpack-internal:///(app-pages-browser)/./node_modules/next/dist/client/dev/hot-reloader/app/hot-reloader-app.js:196
[  215225ms] [LOG] [Fast Refresh] done in 17ms @ webpack-internal:///(app-pages-browser)/./node_modules/next/dist/client/dev/report-hmr-latency.js:13
[  215369ms] [LOG] [Fast Refresh] rebuilding @ webpack-internal:///(app-pages-browser)/./node_modules/next/dist/client/dev/hot-reloader/app/hot-reloader-app.js:196
[  215383ms] [LOG] [Fast Refresh] done in 14ms @ webpack-internal:///(app-pages-browser)/./node_modules/next/dist/client/dev/report-hmr-latency.js:13
[  215480ms] [LOG] [Fast Refresh] rebuilding @ webpack-internal:///(app-pages-browser)/./node_modules/next/dist/client/dev/hot-reloader/app/hot-reloader-app.js:196
[  215537ms] [LOG] [Fast Refresh] done in 58ms @ webpack-internal:///(app-pages-browser)/./node_modules/next/dist/client/dev/report-hmr-latency.js:13
[  215627ms] [LOG] [Fast Refresh] rebuilding @ webpack-internal:///(app-pages-browser)/./node_modules/next/dist/client/dev/hot-reloader/app/hot-reloader-app.js:196
[  215646ms] [LOG] [Fast Refresh] done in 18ms @ webpack-internal:///(app-pages-browser)/./node_modules/next/dist/client/dev/report-hmr-latency.js:13
[  215779ms] [LOG] [Fast Refresh] rebuilding @ webpack-internal:///(app-pages-browser)/./node_modules/next/dist/client/dev/hot-reloader/app/hot-reloader-app.js:196
[  215798ms] [LOG] [Fast Refresh] done in 19ms @ webpack-internal:///(app-pages-browser)/./node_modules/next/dist/client/dev/report-hmr-latency.js:13
[  215931ms] [LOG] [Fast Refresh] rebuilding @ webpack-internal:///(app-pages-browser)/./node_modules/next/dist/client/dev/hot-reloader/app/hot-reloader-app.js:196
[  215957ms] [LOG] [Fast Refresh] done in 26ms @ webpack-internal:///(app-pages-browser)/./node_modules/next/dist/client/dev/report-hmr-latency.js:13
[  216105ms] [LOG] [Fast Refresh] rebuilding @ webpack-internal:///(app-pages-browser)/./node_modules/next/dist/client/dev/hot-reloader/app/hot-reloader-app.js:196
[  216123ms] [LOG] [Fast Refresh] done in 18ms @ webpack-internal:///(app-pages-browser)/./node_modules/next/dist/client/dev/report-hmr-latency.js:13
[  216242ms] [LOG] [Fast Refresh] rebuilding @ webpack-internal:///(app-pages-browser)/./node_modules/next/dist/client/dev/hot-reloader/app/hot-reloader-app.js:196
[  216258ms] [LOG] [Fast Refresh] done in 17ms @ webpack-internal:///(app-pages-browser)/./node_modules/next/dist/client/dev/report-hmr-latency.js:13
[  216392ms] [LOG] [Fast Refresh] rebuilding @ webpack-internal:///(app-pages-browser)/./node_modules/next/dist/client/dev/hot-reloader/app/hot-reloader-app.js:196
[  216415ms] [LOG] [Fast Refresh] done in 23ms @ webpack-internal:///(app-pages-browser)/./node_modules/next/dist/client/dev/report-hmr-latency.js:13
[  216526ms] [LOG] [Fast Refresh] rebuilding @ webpack-internal:///(app-pages-browser)/./node_modules/next/dist/client/dev/hot-reloader/app/hot-reloader-app.js:196
[  216586ms] [LOG] [Fast Refresh] done in 61ms @ webpack-internal:///(app-pages-browser)/./node_modules/next/dist/client/dev/report-hmr-latency.js:13
[  216717ms] [LOG] [Fast Refresh] rebuilding @ webpack-internal:///(app-pages-browser)/./node_modules/next/dist/client/dev/hot-reloader/app/hot-reloader-app.js:196
[  216745ms] [LOG] [Fast Refresh] done in 27ms @ webpack-internal:///(app-pages-browser)/./node_modules/next/dist/client/dev/report-hmr-latency.js:13
[  216995ms] [LOG] [Fast Refresh] rebuilding @ webpack-internal:///(app-pages-browser)/./node_modules/next/dist/client/dev/hot-reloader/app/hot-reloader-app.js:196
[  217098ms] [LOG] [Fast Refresh] done in 103ms @ webpack-internal:///(app-pages-browser)/./node_modules/next/dist/client/dev/report-hmr-latency.js:13
[  217134ms] [LOG] [Fast Refresh] rebuilding @ webpack-internal:///(app-pages-browser)/./node_modules/next/dist/client/dev/hot-reloader/app/hot-reloader-app.js:196
[  217237ms] [LOG] [Fast Refresh] done in 103ms @ webpack-internal:///(app-pages-browser)/./node_modules/next/dist/client/dev/report-hmr-latency.js:13
[  217885ms] [LOG] [Fast Refresh] rebuilding @ webpack-internal:///(app-pages-browser)/./node_modules/next/dist/client/dev/hot-reloader/app/hot-reloader-app.js:196
[  218065ms] [LOG] [Fast Refresh] done in 180ms @ webpack-internal:///(app-pages-browser)/./node_modules/next/dist/client/dev/report-hmr-latency.js:13
[  218066ms] [LOG] [Fast Refresh] rebuilding @ webpack-internal:///(app-pages-browser)/./node_modules/next/dist/client/dev/hot-reloader/app/hot-reloader-app.js:196
[  218303ms] [LOG] [Fast Refresh] done in 237ms @ webpack-internal:///(app-pages-browser)/./node_modules/next/dist/client/dev/report-hmr-latency.js:13
[  220397ms] [LOG] [Fast Refresh] rebuilding @ webpack-internal:///(app-pages-browser)/./node_modules/next/dist/client/dev/hot-reloader/app/hot-reloader-app.js:196
[  220672ms] [LOG] [Fast Refresh] done in 275ms @ webpack-internal:///(app-pages-browser)/./node_modules/next/dist/client/dev/report-hmr-latency.js:13
[  220693ms] [LOG] [Fast Refresh] rebuilding @ webpack-internal:///(app-pages-browser)/./node_modules/next/dist/client/dev/hot-reloader/app/hot-reloader-app.js:196
[  221149ms] [LOG] [Fast Refresh] done in 456ms @ webpack-internal:///(app-pages-browser)/./node_modules/next/dist/client/dev/report-hmr-latency.js:13
[  221162ms] [LOG] [Fast Refresh] rebuilding @ webpack-internal:///(app-pages-browser)/./node_modules/next/dist/client/dev/hot-reloader/app/hot-reloader-app.js:196
[  221229ms] [LOG] [Fast Refresh] done in 68ms @ webpack-internal:///(app-pages-browser)/./node_modules/next/dist/client/dev/report-hmr-latency.js:13
[  221538ms] [LOG] [Fast Refresh] rebuilding @ webpack-internal:///(app-pages-browser)/./node_modules/next/dist/client/dev/hot-reloader/app/hot-reloader-app.js:196
[  221558ms] [LOG] [Fast Refresh] done in 20ms @ webpack-internal:///(app-pages-browser)/./node_modules/next/dist/client/dev/report-hmr-latency.js:13
[  221724ms] [LOG] [Fast Refresh] rebuilding @ webpack-internal:///(app-pages-browser)/./node_modules/next/dist/client/dev/hot-reloader/app/hot-reloader-app.js:196
[  221793ms] [LOG] [Fast Refresh] done in 69ms @ webpack-internal:///(app-pages-browser)/./node_modules/next/dist/client/dev/report-hmr-latency.js:13
[  221920ms] [LOG] [Fast Refresh] rebuilding @ webpack-internal:///(app-pages-browser)/./node_modules/next/dist/client/dev/hot-reloader/app/hot-reloader-app.js:196
[  222062ms] [LOG] [Fast Refresh] done in 142ms @ webpack-internal:///(app-pages-browser)/./node_modules/next/dist/client/dev/report-hmr-latency.js:13
[  222127ms] [LOG] [Fast Refresh] rebuilding @ webpack-internal:///(app-pages-browser)/./node_modules/next/dist/client/dev/hot-reloader/app/hot-reloader-app.js:196
[  222193ms] [LOG] [Fast Refresh] done in 67ms @ webpack-internal:///(app-pages-browser)/./node_modules/next/dist/client/dev/report-hmr-latency.js:13
[  222326ms] [LOG] [Fast Refresh] rebuilding @ webpack-internal:///(app-pages-browser)/./node_modules/next/dist/client/dev/hot-reloader/app/hot-reloader-app.js:196
[  222352ms] [LOG] [Fast Refresh] done in 26ms @ webpack-internal:///(app-pages-browser)/./node_modules/next/dist/client/dev/report-hmr-latency.js:13
[  222543ms] [LOG] [Fast Refresh] rebuilding @ webpack-internal:///(app-pages-browser)/./node_modules/next/dist/client/dev/hot-reloader/app/hot-reloader-app.js:196
[  222590ms] [LOG] [Fast Refresh] done in 48ms @ webpack-internal:///(app-pages-browser)/./node_modules/next/dist/client/dev/report-hmr-latency.js:13
[  222742ms] [LOG] [Fast Refresh] rebuilding @ webpack-internal:///(app-pages-browser)/./node_modules/next/dist/client/dev/hot-reloader/app/hot-reloader-app.js:196
[  222807ms] [LOG] [Fast Refresh] done in 65ms @ webpack-internal:///(app-pages-browser)/./node_modules/next/dist/client/dev/report-hmr-latency.js:13
[  222924ms] [LOG] [Fast Refresh] rebuilding @ webpack-internal:///(app-pages-browser)/./node_modules/next/dist/client/dev/hot-reloader/app/hot-reloader-app.js:196
[  223026ms] [ERROR] Failed to load resource: the server responded with a status of 500 (Internal Server Error) @ http://localhost:3001/?_rsc=fsnpp:0
[  223033ms] [LOG] [Fast Refresh] done in 109ms @ webpack-internal:///(app-pages-browser)/./node_modules/next/dist/client/dev/report-hmr-latency.js:13
[  223144ms] [LOG] [Fast Refresh] rebuilding @ webpack-internal:///(app-pages-browser)/./node_modules/next/dist/client/dev/hot-reloader/app/hot-reloader-app.js:196
[  223203ms] [LOG] [Fast Refresh] done in 59ms @ webpack-internal:///(app-pages-browser)/./node_modules/next/dist/client/dev/report-hmr-latency.js:13
[  223314ms] [LOG] [Fast Refresh] rebuilding @ webpack-internal:///(app-pages-browser)/./node_modules/next/dist/client/dev/hot-reloader/app/hot-reloader-app.js:196
[  223335ms] [LOG] [Fast Refresh] done in 21ms @ webpack-internal:///(app-pages-browser)/./node_modules/next/dist/client/dev/report-hmr-latency.js:13
[  223507ms] [LOG] [Fast Refresh] rebuilding @ webpack-internal:///(app-pages-browser)/./node_modules/next/dist/client/dev/hot-reloader/app/hot-reloader-app.js:196
[  223529ms] [LOG] [Fast Refresh] done in 21ms @ webpack-internal:///(app-pages-browser)/./node_modules/next/dist/client/dev/report-hmr-latency.js:13
[  223752ms] [LOG] [Fast Refresh] rebuilding @ webpack-internal:///(app-pages-browser)/./node_modules/next/dist/client/dev/hot-reloader/app/hot-reloader-app.js:196
[  223948ms] [LOG] [Fast Refresh] done in 195ms @ webpack-internal:///(app-pages-browser)/./node_modules/next/dist/client/dev/report-hmr-latency.js:13
[  225279ms] [LOG] [Fast Refresh] rebuilding @ webpack-internal:///(app-pages-browser)/./node_modules/next/dist/client/dev/hot-reloader/app/hot-reloader-app.js:196
[  225280ms] [LOG] [Fast Refresh] done in 1ms @ webpack-internal:///(app-pages-browser)/./node_modules/next/dist/client/dev/report-hmr-latency.js:13
[  225285ms] [LOG] [Fast Refresh] rebuilding @ webpack-internal:///(app-pages-browser)/./node_modules/next/dist/client/dev/hot-reloader/app/hot-reloader-app.js:196
[  225436ms] [LOG] [Fast Refresh] done in 151ms @ webpack-internal:///(app-pages-browser)/./node_modules/next/dist/client/dev/report-hmr-latency.js:13
[  225547ms] [LOG] [Fast Refresh] rebuilding @ webpack-internal:///(app-pages-browser)/./node_modules/next/dist/client/dev/hot-reloader/app/hot-reloader-app.js:196
[  225579ms] [LOG] [Fast Refresh] done in 33ms @ webpack-internal:///(app-pages-browser)/./node_modules/next/dist/client/dev/report-hmr-latency.js:13
[  225751ms] [LOG] [Fast Refresh] rebuilding @ webpack-internal:///(app-pages-browser)/./node_modules/next/dist/client/dev/hot-reloader/app/hot-reloader-app.js:196
[  225780ms] [LOG] [Fast Refresh] done in 28ms @ webpack-internal:///(app-pages-browser)/./node_modules/next/dist/client/dev/report-hmr-latency.js:13
[  225975ms] [LOG] [Fast Refresh] rebuilding @ webpack-internal:///(app-pages-browser)/./node_modules/next/dist/client/dev/hot-reloader/app/hot-reloader-app.js:196
[  226001ms] [LOG] [Fast Refresh] done in 26ms @ webpack-internal:///(app-pages-browser)/./node_modules/next/dist/client/dev/report-hmr-latency.js:13
[  226148ms] [LOG] [Fast Refresh] rebuilding @ webpack-internal:///(app-pages-browser)/./node_modules/next/dist/client/dev/hot-reloader/app/hot-reloader-app.js:196
[  226184ms] [LOG] [Fast Refresh] done in 36ms @ webpack-internal:///(app-pages-browser)/./node_modules/next/dist/client/dev/report-hmr-latency.js:13
[  226281ms] [LOG] [Fast Refresh] rebuilding @ webpack-internal:///(app-pages-browser)/./node_modules/next/dist/client/dev/hot-reloader/app/hot-reloader-app.js:196
[  226294ms] [LOG] [Fast Refresh] done in 13ms @ webpack-internal:///(app-pages-browser)/./node_modules/next/dist/client/dev/report-hmr-latency.js:13
[  228389ms] [ERROR] Failed to load resource: the server responded with a status of 500 (Internal Server Error) @ http://localhost:3001/?_rsc=fsnpp:0
[  228552ms] [LOG] [Fast Refresh] rebuilding @ webpack-internal:///(app-pages-browser)/./node_modules/next/dist/client/dev/hot-reloader/app/hot-reloader-app.js:196
[  228581ms] [LOG] [Fast Refresh] done in 28ms @ webpack-internal:///(app-pages-browser)/./node_modules/next/dist/client/dev/report-hmr-latency.js:13
[  228581ms] [LOG] [Fast Refresh] rebuilding @ webpack-internal:///(app-pages-browser)/./node_modules/next/dist/client/dev/hot-reloader/app/hot-reloader-app.js:196
[  228628ms] [LOG] [Fast Refresh] done in 48ms @ webpack-internal:///(app-pages-browser)/./node_modules/next/dist/client/dev/report-hmr-latency.js:13
[  228632ms] [LOG] [Fast Refresh] rebuilding @ webpack-internal:///(app-pages-browser)/./node_modules/next/dist/client/dev/hot-reloader/app/hot-reloader-app.js:196
[  228849ms] [LOG] [Fast Refresh] done in 218ms @ webpack-internal:///(app-pages-browser)/./node_modules/next/dist/client/dev/report-hmr-latency.js:13
[  228853ms] [LOG] [Fast Refresh] rebuilding @ webpack-internal:///(app-pages-browser)/./node_modules/next/dist/client/dev/hot-reloader/app/hot-reloader-app.js:196
[  228873ms] [LOG] [Fast Refresh] done in 20ms @ webpack-internal:///(app-pages-browser)/./node_modules/next/dist/client/dev/report-hmr-latency.js:13
[  229023ms] [LOG] [Fast Refresh] rebuilding @ webpack-internal:///(app-pages-browser)/./node_modules/next/dist/client/dev/hot-reloader/app/hot-reloader-app.js:196
[  229050ms] [LOG] [Fast Refresh] done in 27ms @ webpack-internal:///(app-pages-browser)/./node_modules/next/dist/client/dev/report-hmr-latency.js:13
[  229168ms] [LOG] [Fast Refresh] rebuilding @ webpack-internal:///(app-pages-browser)/./node_modules/next/dist/client/dev/hot-reloader/app/hot-reloader-app.js:196
[  229188ms] [LOG] [Fast Refresh] done in 20ms @ webpack-internal:///(app-pages-browser)/./node_modules/next/dist/client/dev/report-hmr-latency.js:13
[  229399ms] [LOG] [Fast Refresh] done in 232ms @ webpack-internal:///(app-pages-browser)/./node_modules/next/dist/client/dev/report-hmr-latency.js:13
[  229401ms] [LOG] [Fast Refresh] rebuilding @ webpack-internal:///(app-pages-browser)/./node_modules/next/dist/client/dev/hot-reloader/app/hot-reloader-app.js:196
[  229531ms] [LOG] [Fast Refresh] done in 130ms @ webpack-internal:///(app-pages-browser)/./node_modules/next/dist/client/dev/report-hmr-latency.js:13
[  229532ms] [LOG] [Fast Refresh] rebuilding @ webpack-internal:///(app-pages-browser)/./node_modules/next/dist/client/dev/hot-reloader/app/hot-reloader-app.js:196
[  229653ms] [ERROR] Failed to load resource: the server responded with a status of 500 (Internal Server Error) @ http://localhost:3001/?_rsc=fsnpp:0
[  229669ms] [LOG] [Fast Refresh] rebuilding @ webpack-internal:///(app-pages-browser)/./node_modules/next/dist/client/dev/hot-reloader/app/hot-reloader-app.js:196
[  229787ms] [LOG] [Fast Refresh] done in 117ms @ webpack-internal:///(app-pages-browser)/./node_modules/next/dist/client/dev/report-hmr-latency.js:13
[  229878ms] [LOG] [Fast Refresh] rebuilding @ webpack-internal:///(app-pages-browser)/./node_modules/next/dist/client/dev/hot-reloader/app/hot-reloader-app.js:196
[  229901ms] [LOG] [Fast Refresh] done in 23ms @ webpack-internal:///(app-pages-browser)/./node_modules/next/dist/client/dev/report-hmr-latency.js:13
[  230127ms] [LOG] [Fast Refresh] rebuilding @ webpack-internal:///(app-pages-browser)/./node_modules/next/dist/client/dev/hot-reloader/app/hot-reloader-app.js:196
[  230144ms] [LOG] [Fast Refresh] done in 17ms @ webpack-internal:///(app-pages-browser)/./node_modules/next/dist/client/dev/report-hmr-latency.js:13
[  230288ms] [LOG] [Fast Refresh] rebuilding @ webpack-internal:///(app-pages-browser)/./node_modules/next/dist/client/dev/hot-reloader/app/hot-reloader-app.js:196
[  230303ms] [LOG] [Fast Refresh] done in 15ms @ webpack-internal:///(app-pages-browser)/./node_modules/next/dist/client/dev/report-hmr-latency.js:13
[  230445ms] [LOG] [Fast Refresh] rebuilding @ webpack-internal:///(app-pages-browser)/./node_modules/next/dist/client/dev/hot-reloader/app/hot-reloader-app.js:196
[  230460ms] [LOG] [Fast Refresh] done in 15ms @ webpack-internal:///(app-pages-browser)/./node_modules/next/dist/client/dev/report-hmr-latency.js:13
[  230601ms] [LOG] [Fast Refresh] rebuilding @ webpack-internal:///(app-pages-browser)/./node_modules/next/dist/client/dev/hot-reloader/app/hot-reloader-app.js:196
[  230624ms] [LOG] [Fast Refresh] done in 23ms @ webpack-internal:///(app-pages-browser)/./node_modules/next/dist/client/dev/report-hmr-latency.js:13
[  230769ms] [LOG] [Fast Refresh] rebuilding @ webpack-internal:///(app-pages-browser)/./node_modules/next/dist/client/dev/hot-reloader/app/hot-reloader-app.js:196
[  230787ms] [LOG] [Fast Refresh] done in 18ms @ webpack-internal:///(app-pages-browser)/./node_modules/next/dist/client/dev/report-hmr-latency.js:13
[  230930ms] [LOG] [Fast Refresh] rebuilding @ webpack-internal:///(app-pages-browser)/./node_modules/next/dist/client/dev/hot-reloader/app/hot-reloader-app.js:196
[  230945ms] [LOG] [Fast Refresh] done in 14ms @ webpack-internal:///(app-pages-browser)/./node_modules/next/dist/client/dev/report-hmr-latency.js:13
[  231109ms] [LOG] [Fast Refresh] rebuilding @ webpack-internal:///(app-pages-browser)/./node_modules/next/dist/client/dev/hot-reloader/app/hot-reloader-app.js:196
[  231334ms] [LOG] [Fast Refresh] done in 225ms @ webpack-internal:///(app-pages-browser)/./node_modules/next/dist/client/dev/report-hmr-latency.js:13
[  231426ms] [ERROR] Failed to load resource: the server responded with a status of 500 (Internal Server Error) @ http://localhost:3001/?_rsc=fsnpp:0
[  231462ms] [LOG] [Fast Refresh] rebuilding @ webpack-internal:///(app-pages-browser)/./node_modules/next/dist/client/dev/hot-reloader/app/hot-reloader-app.js:196
[  231609ms] [LOG] [Fast Refresh] done in 147ms @ webpack-internal:///(app-pages-browser)/./node_modules/next/dist/client/dev/report-hmr-latency.js:13
[  231726ms] [LOG] [Fast Refresh] rebuilding @ webpack-internal:///(app-pages-browser)/./node_modules/next/dist/client/dev/hot-reloader/app/hot-reloader-app.js:196
[  232607ms] [LOG] [Fast Refresh] done in 881ms @ webpack-internal:///(app-pages-browser)/./node_modules/next/dist/client/dev/report-hmr-latency.js:13
[  232617ms] [LOG] [Fast Refresh] rebuilding @ webpack-internal:///(app-pages-browser)/./node_modules/next/dist/client/dev/hot-reloader/app/hot-reloader-app.js:196
[  232651ms] [LOG] [Fast Refresh] done in 34ms @ webpack-internal:///(app-pages-browser)/./node_modules/next/dist/client/dev/report-hmr-latency.js:13
[  232819ms] [LOG] [Fast Refresh] rebuilding @ webpack-internal:///(app-pages-browser)/./node_modules/next/dist/client/dev/hot-reloader/app/hot-reloader-app.js:196
[  232900ms] [LOG] [Fast Refresh] done in 81ms @ webpack-internal:///(app-pages-browser)/./node_modules/next/dist/client/dev/report-hmr-latency.js:13
[  232989ms] [LOG] [Fast Refresh] rebuilding @ webpack-internal:///(app-pages-browser)/./node_modules/next/dist/client/dev/hot-reloader/app/hot-reloader-app.js:196
[  233046ms] [LOG] [Fast Refresh] done in 56ms @ webpack-internal:///(app-pages-browser)/./node_modules/next/dist/client/dev/report-hmr-latency.js:13
[  233169ms] [LOG] [Fast Refresh] rebuilding @ webpack-internal:///(app-pages-browser)/./node_modules/next/dist/client/dev/hot-reloader/app/hot-reloader-app.js:196
[  233189ms] [LOG] [Fast Refresh] done in 20ms @ webpack-internal:///(app-pages-browser)/./node_modules/next/dist/client/dev/report-hmr-latency.js:13
[  233364ms] [LOG] [Fast Refresh] rebuilding @ webpack-internal:///(app-pages-browser)/./node_modules/next/dist/client/dev/hot-reloader/app/hot-reloader-app.js:196
[  233378ms] [LOG] [Fast Refresh] done in 14ms @ webpack-internal:///(app-pages-browser)/./node_modules/next/dist/client/dev/report-hmr-latency.js:13
[  233550ms] [LOG] [Fast Refresh] rebuilding @ webpack-internal:///(app-pages-browser)/./node_modules/next/dist/client/dev/hot-reloader/app/hot-reloader-app.js:196
[  233571ms] [LOG] [Fast Refresh] done in 21ms @ webpack-internal:///(app-pages-browser)/./node_modules/next/dist/client/dev/report-hmr-latency.js:13
[  233752ms] [LOG] [Fast Refresh] rebuilding @ webpack-internal:///(app-pages-browser)/./node_modules/next/dist/client/dev/hot-reloader/app/hot-reloader-app.js:196
[  233778ms] [LOG] [Fast Refresh] done in 26ms @ webpack-internal:///(app-pages-browser)/./node_modules/next/dist/client/dev/report-hmr-latency.js:13
[  233936ms] [LOG] [Fast Refresh] rebuilding @ webpack-internal:///(app-pages-browser)/./node_modules/next/dist/client/dev/hot-reloader/app/hot-reloader-app.js:196
[  233958ms] [LOG] [Fast Refresh] done in 22ms @ webpack-internal:///(app-pages-browser)/./node_modules/next/dist/client/dev/report-hmr-latency.js:13
[  234149ms] [LOG] [Fast Refresh] rebuilding @ webpack-internal:///(app-pages-browser)/./node_modules/next/dist/client/dev/hot-reloader/app/hot-reloader-app.js:196
[  234216ms] [LOG] [Fast Refresh] done in 67ms @ webpack-internal:///(app-pages-browser)/./node_modules/next/dist/client/dev/report-hmr-latency.js:13
[  234334ms] [LOG] [Fast Refresh] rebuilding @ webpack-internal:///(app-pages-browser)/./node_modules/next/dist/client/dev/hot-reloader/app/hot-reloader-app.js:196
[  234355ms] [LOG] [Fast Refresh] done in 20ms @ webpack-internal:///(app-pages-browser)/./node_modules/next/dist/client/dev/report-hmr-latency.js:13
[  234675ms] [LOG] [Fast Refresh] rebuilding @ webpack-internal:///(app-pages-browser)/./node_modules/next/dist/client/dev/hot-reloader/app/hot-reloader-app.js:196
[  234769ms] [LOG] [Fast Refresh] done in 94ms @ webpack-internal:///(app-pages-browser)/./node_modules/next/dist/client/dev/report-hmr-latency.js:13
[  234899ms] [LOG] [Fast Refresh] rebuilding @ webpack-internal:///(app-pages-browser)/./node_modules/next/dist/client/dev/hot-reloader/app/hot-reloader-app.js:196
[  236437ms] [LOG] [Fast Refresh] done in 1538ms @ webpack-internal:///(app-pages-browser)/./node_modules/next/dist/client/dev/report-hmr-latency.js:13
[  237356ms] [LOG] [Fast Refresh] rebuilding @ webpack-internal:///(app-pages-browser)/./node_modules/next/dist/client/dev/hot-reloader/app/hot-reloader-app.js:196
[  237360ms] [LOG] [Fast Refresh] done in 3ms @ webpack-internal:///(app-pages-browser)/./node_modules/next/dist/client/dev/report-hmr-latency.js:13
[  237364ms] [LOG] [Fast Refresh] rebuilding @ webpack-internal:///(app-pages-browser)/./node_modules/next/dist/client/dev/hot-reloader/app/hot-reloader-app.js:196
[  237554ms] [LOG] [Fast Refresh] done in 191ms @ webpack-internal:///(app-pages-browser)/./node_modules/next/dist/client/dev/report-hmr-latency.js:13
[  237570ms] [LOG] [Fast Refresh] rebuilding @ webpack-internal:///(app-pages-browser)/./node_modules/next/dist/client/dev/hot-reloader/app/hot-reloader-app.js:196
[  237585ms] [LOG] [Fast Refresh] done in 15ms @ webpack-internal:///(app-pages-browser)/./node_modules/next/dist/client/dev/report-hmr-latency.js:13
[  237731ms] [LOG] [Fast Refresh] rebuilding @ webpack-internal:///(app-pages-browser)/./node_modules/next/dist/client/dev/hot-reloader/app/hot-reloader-app.js:196
[  237746ms] [LOG] [Fast Refresh] done in 16ms @ webpack-internal:///(app-pages-browser)/./node_modules/next/dist/client/dev/report-hmr-latency.js:13
[  237894ms] [LOG] [Fast Refresh] rebuilding @ webpack-internal:///(app-pages-browser)/./node_modules/next/dist/client/dev/hot-reloader/app/hot-reloader-app.js:196
[  237913ms] [LOG] [Fast Refresh] done in 20ms @ webpack-internal:///(app-pages-browser)/./node_modules/next/dist/client/dev/report-hmr-latency.js:13
[  238030ms] [LOG] [Fast Refresh] rebuilding @ webpack-internal:///(app-pages-browser)/./node_modules/next/dist/client/dev/hot-reloader/app/hot-reloader-app.js:196
[  238052ms] [LOG] [Fast Refresh] done in 22ms @ webpack-internal:///(app-pages-browser)/./node_modules/next/dist/client/dev/report-hmr-latency.js:13
[  238172ms] [LOG] [Fast Refresh] rebuilding @ webpack-internal:///(app-pages-browser)/./node_modules/next/dist/client/dev/hot-reloader/app/hot-reloader-app.js:196
[  238201ms] [LOG] [Fast Refresh] done in 29ms @ webpack-internal:///(app-pages-browser)/./node_modules/next/dist/client/dev/report-hmr-latency.js:13
[  238350ms] [LOG] [Fast Refresh] rebuilding @ webpack-internal:///(app-pages-browser)/./node_modules/next/dist/client/dev/hot-reloader/app/hot-reloader-app.js:196
[  238378ms] [LOG] [Fast Refresh] done in 27ms @ webpack-internal:///(app-pages-browser)/./node_modules/next/dist/client/dev/report-hmr-latency.js:13
[  238533ms] [LOG] [Fast Refresh] rebuilding @ webpack-internal:///(app-pages-browser)/./node_modules/next/dist/client/dev/hot-reloader/app/hot-reloader-app.js:196
[  238563ms] [LOG] [Fast Refresh] done in 30ms @ webpack-internal:///(app-pages-browser)/./node_modules/next/dist/client/dev/report-hmr-latency.js:13
[  238700ms] [LOG] [Fast Refresh] rebuilding @ webpack-internal:///(app-pages-browser)/./node_modules/next/dist/client/dev/hot-reloader/app/hot-reloader-app.js:196
[  238714ms] [LOG] [Fast Refresh] done in 14ms @ webpack-internal:///(app-pages-browser)/./node_modules/next/dist/client/dev/report-hmr-latency.js:13
[  238879ms] [LOG] [Fast Refresh] rebuilding @ webpack-internal:///(app-pages-browser)/./node_modules/next/dist/client/dev/hot-reloader/app/hot-reloader-app.js:196
[  238950ms] [LOG] [Fast Refresh] done in 71ms @ webpack-internal:///(app-pages-browser)/./node_modules/next/dist/client/dev/report-hmr-latency.js:13
[  239008ms] [LOG] [Fast Refresh] rebuilding @ webpack-internal:///(app-pages-browser)/./node_modules/next/dist/client/dev/hot-reloader/app/hot-reloader-app.js:196
[  239073ms] [LOG] [Fast Refresh] done in 66ms @ webpack-internal:///(app-pages-browser)/./node_modules/next/dist/client/dev/report-hmr-latency.js:13
[  239174ms] [LOG] [Fast Refresh] rebuilding @ webpack-internal:///(app-pages-browser)/./node_modules/next/dist/client/dev/hot-reloader/app/hot-reloader-app.js:196
[  239217ms] [LOG] [Fast Refresh] done in 42ms @ webpack-internal:///(app-pages-browser)/./node_modules/next/dist/client/dev/report-hmr-latency.js:13
[  239386ms] [LOG] [Fast Refresh] rebuilding @ webpack-internal:///(app-pages-browser)/./node_modules/next/dist/client/dev/hot-reloader/app/hot-reloader-app.js:196
[  239459ms] [LOG] [Fast Refresh] done in 74ms @ webpack-internal:///(app-pages-browser)/./node_modules/next/dist/client/dev/report-hmr-latency.js:13
[  239667ms] [LOG] [Fast Refresh] rebuilding @ webpack-internal:///(app-pages-browser)/./node_modules/next/dist/client/dev/hot-reloader/app/hot-reloader-app.js:196
[  239686ms] [LOG] [Fast Refresh] done in 19ms @ webpack-internal:///(app-pages-browser)/./node_modules/next/dist/client/dev/report-hmr-latency.js:13
[  239838ms] [LOG] [Fast Refresh] rebuilding @ webpack-internal:///(app-pages-browser)/./node_modules/next/dist/client/dev/hot-reloader/app/hot-reloader-app.js:196
[  239858ms] [LOG] [Fast Refresh] done in 20ms @ webpack-internal:///(app-pages-browser)/./node_modules/next/dist/client/dev/report-hmr-latency.js:13
[  240000ms] [LOG] [Fast Refresh] rebuilding @ webpack-internal:///(app-pages-browser)/./node_modules/next/dist/client/dev/hot-reloader/app/hot-reloader-app.js:196
[  240017ms] [LOG] [Fast Refresh] done in 16ms @ webpack-internal:///(app-pages-browser)/./node_modules/next/dist/client/dev/report-hmr-latency.js:13
[  240112ms] [LOG] [Fast Refresh] rebuilding @ webpack-internal:///(app-pages-browser)/./node_modules/next/dist/client/dev/hot-reloader/app/hot-reloader-app.js:196
[  240176ms] [LOG] [Fast Refresh] done in 65ms @ webpack-internal:///(app-pages-browser)/./node_modules/next/dist/client/dev/report-hmr-latency.js:13
[  240275ms] [LOG] [Fast Refresh] rebuilding @ webpack-internal:///(app-pages-browser)/./node_modules/next/dist/client/dev/hot-reloader/app/hot-reloader-app.js:196
[  240295ms] [LOG] [Fast Refresh] done in 19ms @ webpack-internal:///(app-pages-browser)/./node_modules/next/dist/client/dev/report-hmr-latency.js:13
[  240427ms] [LOG] [Fast Refresh] rebuilding @ webpack-internal:///(app-pages-browser)/./node_modules/next/dist/client/dev/hot-reloader/app/hot-reloader-app.js:196
[  240499ms] [LOG] [Fast Refresh] done in 72ms @ webpack-internal:///(app-pages-browser)/./node_modules/next/dist/client/dev/report-hmr-latency.js:13
[  240571ms] [LOG] [Fast Refresh] rebuilding @ webpack-internal:///(app-pages-browser)/./node_modules/next/dist/client/dev/hot-reloader/app/hot-reloader-app.js:196
[  240586ms] [LOG] [Fast Refresh] done in 15ms @ webpack-internal:///(app-pages-browser)/./node_modules/next/dist/client/dev/report-hmr-latency.js:13
[  240756ms] [LOG] [Fast Refresh] rebuilding @ webpack-internal:///(app-pages-browser)/./node_modules/next/dist/client/dev/hot-reloader/app/hot-reloader-app.js:196
[  240773ms] [LOG] [Fast Refresh] done in 16ms @ webpack-internal:///(app-pages-browser)/./node_modules/next/dist/client/dev/report-hmr-latency.js:13
[  240954ms] [LOG] [Fast Refresh] rebuilding @ webpack-internal:///(app-pages-browser)/./node_modules/next/dist/client/dev/hot-reloader/app/hot-reloader-app.js:196
[  240963ms] [LOG] [Fast Refresh] done in 9ms @ webpack-internal:///(app-pages-browser)/./node_modules/next/dist/client/dev/report-hmr-latency.js:13
[  241088ms] [LOG] [Fast Refresh] rebuilding @ webpack-internal:///(app-pages-browser)/./node_modules/next/dist/client/dev/hot-reloader/app/hot-reloader-app.js:196
[  241161ms] [LOG] [Fast Refresh] done in 73ms @ webpack-internal:///(app-pages-browser)/./node_modules/next/dist/client/dev/report-hmr-latency.js:13
[  241289ms] [LOG] [Fast Refresh] rebuilding @ webpack-internal:///(app-pages-browser)/./node_modules/next/dist/client/dev/hot-reloader/app/hot-reloader-app.js:196
[  241311ms] [LOG] [Fast Refresh] done in 21ms @ webpack-internal:///(app-pages-browser)/./node_modules/next/dist/client/dev/report-hmr-latency.js:13
[  241626ms] [LOG] [Fast Refresh] rebuilding @ webpack-internal:///(app-pages-browser)/./node_modules/next/dist/client/dev/hot-reloader/app/hot-reloader-app.js:196
[  241783ms] [LOG] [Fast Refresh] done in 158ms @ webpack-internal:///(app-pages-browser)/./node_modules/next/dist/client/dev/report-hmr-latency.js:13
[  241822ms] [LOG] [Fast Refresh] rebuilding @ webpack-internal:///(app-pages-browser)/./node_modules/next/dist/client/dev/hot-reloader/app/hot-reloader-app.js:196
[  241900ms] [LOG] [Fast Refresh] done in 78ms @ webpack-internal:///(app-pages-browser)/./node_modules/next/dist/client/dev/report-hmr-latency.js:13
[  242038ms] [LOG] [Fast Refresh] rebuilding @ webpack-internal:///(app-pages-browser)/./node_modules/next/dist/client/dev/hot-reloader/app/hot-reloader-app.js:196
[  242061ms] [LOG] [Fast Refresh] done in 23ms @ webpack-internal:///(app-pages-browser)/./node_modules/next/dist/client/dev/report-hmr-latency.js:13
[  242229ms] [LOG] [Fast Refresh] rebuilding @ webpack-internal:///(app-pages-browser)/./node_modules/next/dist/client/dev/hot-reloader/app/hot-reloader-app.js:196
[  242252ms] [LOG] [Fast Refresh] done in 23ms @ webpack-internal:///(app-pages-browser)/./node_modules/next/dist/client/dev/report-hmr-latency.js:13
[  242439ms] [LOG] [Fast Refresh] rebuilding @ webpack-internal:///(app-pages-browser)/./node_modules/next/dist/client/dev/hot-reloader/app/hot-reloader-app.js:196
[  242517ms] [LOG] [Fast Refresh] done in 77ms @ webpack-internal:///(app-pages-browser)/./node_modules/next/dist/client/dev/report-hmr-latency.js:13
[  242836ms] [LOG] [Fast Refresh] rebuilding @ webpack-internal:///(app-pages-browser)/./node_modules/next/dist/client/dev/hot-reloader/app/hot-reloader-app.js:196
[  242858ms] [LOG] [Fast Refresh] done in 22ms @ webpack-internal:///(app-pages-browser)/./node_modules/next/dist/client/dev/report-hmr-latency.js:13
[  243099ms] [LOG] [Fast Refresh] rebuilding @ webpack-internal:///(app-pages-browser)/./node_modules/next/dist/client/dev/hot-reloader/app/hot-reloader-app.js:196
[  243131ms] [LOG] [Fast Refresh] done in 32ms @ webpack-internal:///(app-pages-browser)/./node_modules/next/dist/client/dev/report-hmr-latency.js:13
[  243317ms] [LOG] [Fast Refresh] rebuilding @ webpack-internal:///(app-pages-browser)/./node_modules/next/dist/client/dev/hot-reloader/app/hot-reloader-app.js:196
[  243347ms] [LOG] [Fast Refresh] done in 30ms @ webpack-internal:///(app-pages-browser)/./node_modules/next/dist/client/dev/report-hmr-latency.js:13
[  243452ms] [LOG] [Fast Refresh] rebuilding @ webpack-internal:///(app-pages-browser)/./node_modules/next/dist/client/dev/hot-reloader/app/hot-reloader-app.js:196
[  243507ms] [LOG] [Fast Refresh] done in 55ms @ webpack-internal:///(app-pages-browser)/./node_modules/next/dist/client/dev/report-hmr-latency.js:13
[  243623ms] [LOG] [Fast Refresh] rebuilding @ webpack-internal:///(app-pages-browser)/./node_modules/next/dist/client/dev/hot-reloader/app/hot-reloader-app.js:196
[  243649ms] [LOG] [Fast Refresh] done in 25ms @ webpack-internal:///(app-pages-browser)/./node_modules/next/dist/client/dev/report-hmr-latency.js:13
[  243824ms] [LOG] [Fast Refresh] rebuilding @ webpack-internal:///(app-pages-browser)/./node_modules/next/dist/client/dev/hot-reloader/app/hot-reloader-app.js:196
[  243840ms] [LOG] [Fast Refresh] done in 15ms @ webpack-internal:///(app-pages-browser)/./node_modules/next/dist/client/dev/report-hmr-latency.js:13
[  243966ms] [LOG] [Fast Refresh] rebuilding @ webpack-internal:///(app-pages-browser)/./node_modules/next/dist/client/dev/hot-reloader/app/hot-reloader-app.js:196
[  243982ms] [LOG] [Fast Refresh] done in 15ms @ webpack-internal:///(app-pages-browser)/./node_modules/next/dist/client/dev/report-hmr-latency.js:13
[  244289ms] [LOG] [Fast Refresh] rebuilding @ webpack-internal:///(app-pages-browser)/./node_modules/next/dist/client/dev/hot-reloader/app/hot-reloader-app.js:196
[  244329ms] [LOG] [Fast Refresh] done in 39ms @ webpack-internal:///(app-pages-browser)/./node_modules/next/dist/client/dev/report-hmr-latency.js:13
[  244462ms] [LOG] [Fast Refresh] rebuilding @ webpack-internal:///(app-pages-browser)/./node_modules/next/dist/client/dev/hot-reloader/app/hot-reloader-app.js:196
[  244523ms] [LOG] [Fast Refresh] done in 61ms @ webpack-internal:///(app-pages-browser)/./node_modules/next/dist/client/dev/report-hmr-latency.js:13
[  244726ms] [LOG] [Fast Refresh] rebuilding @ webpack-internal:///(app-pages-browser)/./node_modules/next/dist/client/dev/hot-reloader/app/hot-reloader-app.js:196
[  244756ms] [LOG] [Fast Refresh] done in 29ms @ webpack-internal:///(app-pages-browser)/./node_modules/next/dist/client/dev/report-hmr-latency.js:13
[  245002ms] [LOG] [Fast Refresh] rebuilding @ webpack-internal:///(app-pages-browser)/./node_modules/next/dist/client/dev/hot-reloader/app/hot-reloader-app.js:196
[  245035ms] [LOG] [Fast Refresh] done in 33ms @ webpack-internal:///(app-pages-browser)/./node_modules/next/dist/client/dev/report-hmr-latency.js:13
[  245206ms] [LOG] [Fast Refresh] rebuilding @ webpack-internal:///(app-pages-browser)/./node_modules/next/dist/client/dev/hot-reloader/app/hot-reloader-app.js:196
[  245226ms] [LOG] [Fast Refresh] done in 20ms @ webpack-internal:///(app-pages-browser)/./node_modules/next/dist/client/dev/report-hmr-latency.js:13
[  245403ms] [LOG] [Fast Refresh] rebuilding @ webpack-internal:///(app-pages-browser)/./node_modules/next/dist/client/dev/hot-reloader/app/hot-reloader-app.js:196
[  245421ms] [LOG] [Fast Refresh] done in 18ms @ webpack-internal:///(app-pages-browser)/./node_modules/next/dist/client/dev/report-hmr-latency.js:13
[  245579ms] [LOG] [Fast Refresh] rebuilding @ webpack-internal:///(app-pages-browser)/./node_modules/next/dist/client/dev/hot-reloader/app/hot-reloader-app.js:196
[  245598ms] [LOG] [Fast Refresh] done in 18ms @ webpack-internal:///(app-pages-browser)/./node_modules/next/dist/client/dev/report-hmr-latency.js:13
[  247428ms] [LOG] [Fast Refresh] rebuilding @ webpack-internal:///(app-pages-browser)/./node_modules/next/dist/client/dev/hot-reloader/app/hot-reloader-app.js:196
[  248852ms] [LOG] [Fast Refresh] done in 1425ms @ webpack-internal:///(app-pages-browser)/./node_modules/next/dist/client/dev/report-hmr-latency.js:13
[  248852ms] [LOG] [Fast Refresh] rebuilding @ webpack-internal:///(app-pages-browser)/./node_modules/next/dist/client/dev/hot-reloader/app/hot-reloader-app.js:196
[  248861ms] [LOG] [Fast Refresh] done in 8ms @ webpack-internal:///(app-pages-browser)/./node_modules/next/dist/client/dev/report-hmr-latency.js:13
[  248984ms] [LOG] [Fast Refresh] rebuilding @ webpack-internal:///(app-pages-browser)/./node_modules/next/dist/client/dev/hot-reloader/app/hot-reloader-app.js:196
[  249199ms] [LOG] [Fast Refresh] done in 214ms @ webpack-internal:///(app-pages-browser)/./node_modules/next/dist/client/dev/report-hmr-latency.js:13
[  249204ms] [LOG] [Fast Refresh] rebuilding @ webpack-internal:///(app-pages-browser)/./node_modules/next/dist/client/dev/hot-reloader/app/hot-reloader-app.js:196
[  249537ms] [LOG] [Fast Refresh] done in 332ms @ webpack-internal:///(app-pages-browser)/./node_modules/next/dist/client/dev/report-hmr-latency.js:13
[  249542ms] [LOG] [Fast Refresh] rebuilding @ webpack-internal:///(app-pages-browser)/./node_modules/next/dist/client/dev/hot-reloader/app/hot-reloader-app.js:196
[  249748ms] [LOG] [Fast Refresh] done in 206ms @ webpack-internal:///(app-pages-browser)/./node_modules/next/dist/client/dev/report-hmr-latency.js:13
[  249763ms] [LOG] [Fast Refresh] rebuilding @ webpack-internal:///(app-pages-browser)/./node_modules/next/dist/client/dev/hot-reloader/app/hot-reloader-app.js:196
[  249777ms] [LOG] [Fast Refresh] done in 14ms @ webpack-internal:///(app-pages-browser)/./node_modules/next/dist/client/dev/report-hmr-latency.js:13
[  249909ms] [LOG] [Fast Refresh] rebuilding @ webpack-internal:///(app-pages-browser)/./node_modules/next/dist/client/dev/hot-reloader/app/hot-reloader-app.js:196
[  249922ms] [LOG] [Fast Refresh] done in 13ms @ webpack-internal:///(app-pages-browser)/./node_modules/next/dist/client/dev/report-hmr-latency.js:13
[  250088ms] [LOG] [Fast Refresh] rebuilding @ webpack-internal:///(app-pages-browser)/./node_modules/next/dist/client/dev/hot-reloader/app/hot-reloader-app.js:196
[  250103ms] [LOG] [Fast Refresh] done in 16ms @ webpack-internal:///(app-pages-browser)/./node_modules/next/dist/client/dev/report-hmr-latency.js:13
[  250249ms] [LOG] [Fast Refresh] rebuilding @ webpack-internal:///(app-pages-browser)/./node_modules/next/dist/client/dev/hot-reloader/app/hot-reloader-app.js:196
[  250271ms] [LOG] [Fast Refresh] done in 23ms @ webpack-internal:///(app-pages-browser)/./node_modules/next/dist/client/dev/report-hmr-latency.js:13
[  250415ms] [LOG] [Fast Refresh] rebuilding @ webpack-internal:///(app-pages-browser)/./node_modules/next/dist/client/dev/hot-reloader/app/hot-reloader-app.js:196
[  250438ms] [LOG] [Fast Refresh] done in 24ms @ webpack-internal:///(app-pages-browser)/./node_modules/next/dist/client/dev/report-hmr-latency.js:13
[  250587ms] [LOG] [Fast Refresh] rebuilding @ webpack-internal:///(app-pages-browser)/./node_modules/next/dist/client/dev/hot-reloader/app/hot-reloader-app.js:196
[  250603ms] [LOG] [Fast Refresh] done in 15ms @ webpack-internal:///(app-pages-browser)/./node_modules/next/dist/client/dev/report-hmr-latency.js:13
[  250751ms] [LOG] [Fast Refresh] rebuilding @ webpack-internal:///(app-pages-browser)/./node_modules/next/dist/client/dev/hot-reloader/app/hot-reloader-app.js:196
[  250765ms] [LOG] [Fast Refresh] done in 15ms @ webpack-internal:///(app-pages-browser)/./node_modules/next/dist/client/dev/report-hmr-latency.js:13
[  250882ms] [LOG] [Fast Refresh] rebuilding @ webpack-internal:///(app-pages-browser)/./node_modules/next/dist/client/dev/hot-reloader/app/hot-reloader-app.js:196
[  250897ms] [LOG] [Fast Refresh] done in 14ms @ webpack-internal:///(app-pages-browser)/./node_modules/next/dist/client/dev/report-hmr-latency.js:13
[  251038ms] [LOG] [Fast Refresh] rebuilding @ webpack-internal:///(app-pages-browser)/./node_modules/next/dist/client/dev/hot-reloader/app/hot-reloader-app.js:196
[  251055ms] [LOG] [Fast Refresh] done in 17ms @ webpack-internal:///(app-pages-browser)/./node_modules/next/dist/client/dev/report-hmr-latency.js:13
[  251213ms] [LOG] [Fast Refresh] rebuilding @ webpack-internal:///(app-pages-browser)/./node_modules/next/dist/client/dev/hot-reloader/app/hot-reloader-app.js:196
[  251228ms] [LOG] [Fast Refresh] done in 15ms @ webpack-internal:///(app-pages-browser)/./node_modules/next/dist/client/dev/report-hmr-latency.js:13
[  251381ms] [LOG] [Fast Refresh] rebuilding @ webpack-internal:///(app-pages-browser)/./node_modules/next/dist/client/dev/hot-reloader/app/hot-reloader-app.js:196
[  251405ms] [LOG] [Fast Refresh] done in 24ms @ webpack-internal:///(app-pages-browser)/./node_modules/next/dist/client/dev/report-hmr-latency.js:13
[  251568ms] [LOG] [Fast Refresh] rebuilding @ webpack-internal:///(app-pages-browser)/./node_modules/next/dist/client/dev/hot-reloader/app/hot-reloader-app.js:196
[  251583ms] [LOG] [Fast Refresh] done in 14ms @ webpack-internal:///(app-pages-browser)/./node_modules/next/dist/client/dev/report-hmr-latency.js:13
[  251732ms] [LOG] [Fast Refresh] rebuilding @ webpack-internal:///(app-pages-browser)/./node_modules/next/dist/client/dev/hot-reloader/app/hot-reloader-app.js:196
[  251746ms] [LOG] [Fast Refresh] done in 15ms @ webpack-internal:///(app-pages-browser)/./node_modules/next/dist/client/dev/report-hmr-latency.js:13
[  251903ms] [LOG] [Fast Refresh] rebuilding @ webpack-internal:///(app-pages-browser)/./node_modules/next/dist/client/dev/hot-reloader/app/hot-reloader-app.js:196
[  251918ms] [LOG] [Fast Refresh] done in 16ms @ webpack-internal:///(app-pages-browser)/./node_modules/next/dist/client/dev/report-hmr-latency.js:13
[  252023ms] [LOG] [Fast Refresh] rebuilding @ webpack-internal:///(app-pages-browser)/./node_modules/next/dist/client/dev/hot-reloader/app/hot-reloader-app.js:196
[  252037ms] [LOG] [Fast Refresh] done in 14ms @ webpack-internal:///(app-pages-browser)/./node_modules/next/dist/client/dev/report-hmr-latency.js:13
[  252186ms] [LOG] [Fast Refresh] rebuilding @ webpack-internal:///(app-pages-browser)/./node_modules/next/dist/client/dev/hot-reloader/app/hot-reloader-app.js:196
[  252215ms] [LOG] [Fast Refresh] done in 29ms @ webpack-internal:///(app-pages-browser)/./node_modules/next/dist/client/dev/report-hmr-latency.js:13
[  252389ms] [LOG] [Fast Refresh] rebuilding @ webpack-internal:///(app-pages-browser)/./node_modules/next/dist/client/dev/hot-reloader/app/hot-reloader-app.js:196
[  252406ms] [LOG] [Fast Refresh] done in 18ms @ webpack-internal:///(app-pages-browser)/./node_modules/next/dist/client/dev/report-hmr-latency.js:13
[  252577ms] [LOG] [Fast Refresh] rebuilding @ webpack-internal:///(app-pages-browser)/./node_modules/next/dist/client/dev/hot-reloader/app/hot-reloader-app.js:196
[  252596ms] [LOG] [Fast Refresh] done in 19ms @ webpack-internal:///(app-pages-browser)/./node_modules/next/dist/client/dev/report-hmr-latency.js:13
[  252785ms] [LOG] [Fast Refresh] rebuilding @ webpack-internal:///(app-pages-browser)/./node_modules/next/dist/client/dev/hot-reloader/app/hot-reloader-app.js:196
[  252800ms] [LOG] [Fast Refresh] done in 14ms @ webpack-internal:///(app-pages-browser)/./node_modules/next/dist/client/dev/report-hmr-latency.js:13
[  252905ms] [LOG] [Fast Refresh] rebuilding @ webpack-internal:///(app-pages-browser)/./node_modules/next/dist/client/dev/hot-reloader/app/hot-reloader-app.js:196
[  252960ms] [LOG] [Fast Refresh] done in 54ms @ webpack-internal:///(app-pages-browser)/./node_modules/next/dist/client/dev/report-hmr-latency.js:13
[  253083ms] [LOG] [Fast Refresh] rebuilding @ webpack-internal:///(app-pages-browser)/./node_modules/next/dist/client/dev/hot-reloader/app/hot-reloader-app.js:196
[  253105ms] [LOG] [Fast Refresh] done in 22ms @ webpack-internal:///(app-pages-browser)/./node_modules/next/dist/client/dev/report-hmr-latency.js:13
[  253360ms] [LOG] [Fast Refresh] rebuilding @ webpack-internal:///(app-pages-browser)/./node_modules/next/dist/client/dev/hot-reloader/app/hot-reloader-app.js:196
[  253509ms] [LOG] [Fast Refresh] done in 148ms @ webpack-internal:///(app-pages-browser)/./node_modules/next/dist/client/dev/report-hmr-latency.js:13
[  253527ms] [LOG] [Fast Refresh] rebuilding @ webpack-internal:///(app-pages-browser)/./node_modules/next/dist/client/dev/hot-reloader/app/hot-reloader-app.js:196
[  253611ms] [LOG] [Fast Refresh] done in 84ms @ webpack-internal:///(app-pages-browser)/./node_modules/next/dist/client/dev/report-hmr-latency.js:13
[  253710ms] [LOG] [Fast Refresh] rebuilding @ webpack-internal:///(app-pages-browser)/./node_modules/next/dist/client/dev/hot-reloader/app/hot-reloader-app.js:196
[  253730ms] [LOG] [Fast Refresh] done in 20ms @ webpack-internal:///(app-pages-browser)/./node_modules/next/dist/client/dev/report-hmr-latency.js:13
[  253866ms] [LOG] [Fast Refresh] rebuilding @ webpack-internal:///(app-pages-browser)/./node_modules/next/dist/client/dev/hot-reloader/app/hot-reloader-app.js:196
[  253894ms] [LOG] [Fast Refresh] done in 28ms @ webpack-internal:///(app-pages-browser)/./node_modules/next/dist/client/dev/report-hmr-latency.js:13
[  253996ms] [LOG] [Fast Refresh] rebuilding @ webpack-internal:///(app-pages-browser)/./node_modules/next/dist/client/dev/hot-reloader/app/hot-reloader-app.js:196
[  254008ms] [LOG] [Fast Refresh] done in 12ms @ webpack-internal:///(app-pages-browser)/./node_modules/next/dist/client/dev/report-hmr-latency.js:13
[  254106ms] [ERROR] Failed to load resource: the server responded with a status of 500 (Internal Server Error) @ http://localhost:3001/?_rsc=fsnpp:0
[  254123ms] [LOG] [Fast Refresh] rebuilding @ webpack-internal:///(app-pages-browser)/./node_modules/next/dist/client/dev/hot-reloader/app/hot-reloader-app.js:196
[  254169ms] [LOG] [Fast Refresh] done in 47ms @ webpack-internal:///(app-pages-browser)/./node_modules/next/dist/client/dev/report-hmr-latency.js:13
[  254270ms] [LOG] [Fast Refresh] rebuilding @ webpack-internal:///(app-pages-browser)/./node_modules/next/dist/client/dev/hot-reloader/app/hot-reloader-app.js:196
[  254289ms] [LOG] [Fast Refresh] done in 19ms @ webpack-internal:///(app-pages-browser)/./node_modules/next/dist/client/dev/report-hmr-latency.js:13
[  254427ms] [LOG] [Fast Refresh] rebuilding @ webpack-internal:///(app-pages-browser)/./node_modules/next/dist/client/dev/hot-reloader/app/hot-reloader-app.js:196
[  254451ms] [LOG] [Fast Refresh] done in 24ms @ webpack-internal:///(app-pages-browser)/./node_modules/next/dist/client/dev/report-hmr-latency.js:13
[  254596ms] [LOG] [Fast Refresh] rebuilding @ webpack-internal:///(app-pages-browser)/./node_modules/next/dist/client/dev/hot-reloader/app/hot-reloader-app.js:196
[  254624ms] [LOG] [Fast Refresh] done in 29ms @ webpack-internal:///(app-pages-browser)/./node_modules/next/dist/client/dev/report-hmr-latency.js:13
[  254754ms] [LOG] [Fast Refresh] rebuilding @ webpack-internal:///(app-pages-browser)/./node_modules/next/dist/client/dev/hot-reloader/app/hot-reloader-app.js:196
[  254770ms] [LOG] [Fast Refresh] done in 15ms @ webpack-internal:///(app-pages-browser)/./node_modules/next/dist/client/dev/report-hmr-latency.js:13
[  254915ms] [LOG] [Fast Refresh] rebuilding @ webpack-internal:///(app-pages-browser)/./node_modules/next/dist/client/dev/hot-reloader/app/hot-reloader-app.js:196
[  254931ms] [LOG] [Fast Refresh] done in 16ms @ webpack-internal:///(app-pages-browser)/./node_modules/next/dist/client/dev/report-hmr-latency.js:13
[  255082ms] [LOG] [Fast Refresh] rebuilding @ webpack-internal:///(app-pages-browser)/./node_modules/next/dist/client/dev/hot-reloader/app/hot-reloader-app.js:196
[  255103ms] [LOG] [Fast Refresh] done in 21ms @ webpack-internal:///(app-pages-browser)/./node_modules/next/dist/client/dev/report-hmr-latency.js:13
[  255336ms] [LOG] [Fast Refresh] rebuilding @ webpack-internal:///(app-pages-browser)/./node_modules/next/dist/client/dev/hot-reloader/app/hot-reloader-app.js:196
[  255350ms] [LOG] [Fast Refresh] done in 15ms @ webpack-internal:///(app-pages-browser)/./node_modules/next/dist/client/dev/report-hmr-latency.js:13
[  255534ms] [LOG] [Fast Refresh] rebuilding @ webpack-internal:///(app-pages-browser)/./node_modules/next/dist/client/dev/hot-reloader/app/hot-reloader-app.js:196
[  255550ms] [LOG] [Fast Refresh] done in 16ms @ webpack-internal:///(app-pages-browser)/./node_modules/next/dist/client/dev/report-hmr-latency.js:13
[  255695ms] [LOG] [Fast Refresh] rebuilding @ webpack-internal:///(app-pages-browser)/./node_modules/next/dist/client/dev/hot-reloader/app/hot-reloader-app.js:196
[  255716ms] [LOG] [Fast Refresh] done in 21ms @ webpack-internal:///(app-pages-browser)/./node_modules/next/dist/client/dev/report-hmr-latency.js:13
[  255867ms] [LOG] [Fast Refresh] rebuilding @ webpack-internal:///(app-pages-browser)/./node_modules/next/dist/client/dev/hot-reloader/app/hot-reloader-app.js:196
[  255884ms] [LOG] [Fast Refresh] done in 16ms @ webpack-internal:///(app-pages-browser)/./node_modules/next/dist/client/dev/report-hmr-latency.js:13
[  256021ms] [LOG] [Fast Refresh] rebuilding @ webpack-internal:///(app-pages-browser)/./node_modules/next/dist/client/dev/hot-reloader/app/hot-reloader-app.js:196
[  256094ms] [LOG] [Fast Refresh] done in 73ms @ webpack-internal:///(app-pages-browser)/./node_modules/next/dist/client/dev/report-hmr-latency.js:13
[  256210ms] [LOG] [Fast Refresh] rebuilding @ webpack-internal:///(app-pages-browser)/./node_modules/next/dist/client/dev/hot-reloader/app/hot-reloader-app.js:196
[  256229ms] [LOG] [Fast Refresh] done in 19ms @ webpack-internal:///(app-pages-browser)/./node_modules/next/dist/client/dev/report-hmr-latency.js:13
[  256415ms] [LOG] [Fast Refresh] rebuilding @ webpack-internal:///(app-pages-browser)/./node_modules/next/dist/client/dev/hot-reloader/app/hot-reloader-app.js:196
[  256436ms] [LOG] [Fast Refresh] done in 21ms @ webpack-internal:///(app-pages-browser)/./node_modules/next/dist/client/dev/report-hmr-latency.js:13
[  256629ms] [LOG] [Fast Refresh] rebuilding @ webpack-internal:///(app-pages-browser)/./node_modules/next/dist/client/dev/hot-reloader/app/hot-reloader-app.js:196
[  256655ms] [LOG] [Fast Refresh] done in 26ms @ webpack-internal:///(app-pages-browser)/./node_modules/next/dist/client/dev/report-hmr-latency.js:13
[  256769ms] [LOG] [Fast Refresh] rebuilding @ webpack-internal:///(app-pages-browser)/./node_modules/next/dist/client/dev/hot-reloader/app/hot-reloader-app.js:196
[  257036ms] [ERROR] Failed to load resource: the server responded with a status of 500 (Internal Server Error) @ http://localhost:3001/?_rsc=fsnpp:0
[  257051ms] [LOG] [Fast Refresh] done in 281ms @ webpack-internal:///(app-pages-browser)/./node_modules/next/dist/client/dev/report-hmr-latency.js:13
[  257102ms] [LOG] [Fast Refresh] rebuilding @ webpack-internal:///(app-pages-browser)/./node_modules/next/dist/client/dev/hot-reloader/app/hot-reloader-app.js:196
[  257207ms] [LOG] [Fast Refresh] done in 105ms @ webpack-internal:///(app-pages-browser)/./node_modules/next/dist/client/dev/report-hmr-latency.js:13
[  257273ms] [LOG] [Fast Refresh] rebuilding @ webpack-internal:///(app-pages-browser)/./node_modules/next/dist/client/dev/hot-reloader/app/hot-reloader-app.js:196
[  257294ms] [LOG] [Fast Refresh] done in 20ms @ webpack-internal:///(app-pages-browser)/./node_modules/next/dist/client/dev/report-hmr-latency.js:13
[  257437ms] [LOG] [Fast Refresh] rebuilding @ webpack-internal:///(app-pages-browser)/./node_modules/next/dist/client/dev/hot-reloader/app/hot-reloader-app.js:196
[  257453ms] [LOG] [Fast Refresh] done in 15ms @ webpack-internal:///(app-pages-browser)/./node_modules/next/dist/client/dev/report-hmr-latency.js:13
[  257574ms] [LOG] [Fast Refresh] rebuilding @ webpack-internal:///(app-pages-browser)/./node_modules/next/dist/client/dev/hot-reloader/app/hot-reloader-app.js:196
[  257601ms] [LOG] [Fast Refresh] done in 27ms @ webpack-internal:///(app-pages-browser)/./node_modules/next/dist/client/dev/report-hmr-latency.js:13
[  257691ms] [LOG] [Fast Refresh] rebuilding @ webpack-internal:///(app-pages-browser)/./node_modules/next/dist/client/dev/hot-reloader/app/hot-reloader-app.js:196
[  257713ms] [LOG] [Fast Refresh] done in 22ms @ webpack-internal:///(app-pages-browser)/./node_modules/next/dist/client/dev/report-hmr-latency.js:13
[  257803ms] [ERROR] Failed to load resource: the server responded with a status of 500 (Internal Server Error) @ http://localhost:3001/?_rsc=fsnpp:0
[  257820ms] [LOG] [Fast Refresh] rebuilding @ webpack-internal:///(app-pages-browser)/./node_modules/next/dist/client/dev/hot-reloader/app/hot-reloader-app.js:196
[  257864ms] [LOG] [Fast Refresh] done in 43ms @ webpack-internal:///(app-pages-browser)/./node_modules/next/dist/client/dev/report-hmr-latency.js:13
[  257974ms] [LOG] [Fast Refresh] rebuilding @ webpack-internal:///(app-pages-browser)/./node_modules/next/dist/client/dev/hot-reloader/app/hot-reloader-app.js:196
[  257993ms] [LOG] [Fast Refresh] done in 19ms @ webpack-internal:///(app-pages-browser)/./node_modules/next/dist/client/dev/report-hmr-latency.js:13
[  258177ms] [LOG] [Fast Refresh] rebuilding @ webpack-internal:///(app-pages-browser)/./node_modules/next/dist/client/dev/hot-reloader/app/hot-reloader-app.js:196
[  258959ms] [LOG] [Fast Refresh] done in 781ms @ webpack-internal:///(app-pages-browser)/./node_modules/next/dist/client/dev/report-hmr-latency.js:13
[  259094ms] [LOG] [Fast Refresh] rebuilding @ webpack-internal:///(app-pages-browser)/./node_modules/next/dist/client/dev/hot-reloader/app/hot-reloader-app.js:196
[  259154ms] [LOG] [Fast Refresh] done in 60ms @ webpack-internal:///(app-pages-browser)/./node_modules/next/dist/client/dev/report-hmr-latency.js:13
[  259298ms] [LOG] [Fast Refresh] rebuilding @ webpack-internal:///(app-pages-browser)/./node_modules/next/dist/client/dev/hot-reloader/app/hot-reloader-app.js:196
[  259340ms] [LOG] [Fast Refresh] done in 43ms @ webpack-internal:///(app-pages-browser)/./node_modules/next/dist/client/dev/report-hmr-latency.js:13
[  259480ms] [LOG] [Fast Refresh] rebuilding @ webpack-internal:///(app-pages-browser)/./node_modules/next/dist/client/dev/hot-reloader/app/hot-reloader-app.js:196
[  259550ms] [LOG] [Fast Refresh] done in 70ms @ webpack-internal:///(app-pages-browser)/./node_modules/next/dist/client/dev/report-hmr-latency.js:13
[  259669ms] [LOG] [Fast Refresh] rebuilding @ webpack-internal:///(app-pages-browser)/./node_modules/next/dist/client/dev/hot-reloader/app/hot-reloader-app.js:196
[  259689ms] [LOG] [Fast Refresh] done in 19ms @ webpack-internal:///(app-pages-browser)/./node_modules/next/dist/client/dev/report-hmr-latency.js:13
[  259859ms] [LOG] [Fast Refresh] rebuilding @ webpack-internal:///(app-pages-browser)/./node_modules/next/dist/client/dev/hot-reloader/app/hot-reloader-app.js:196
[  259875ms] [LOG] [Fast Refresh] done in 16ms @ webpack-internal:///(app-pages-browser)/./node_modules/next/dist/client/dev/report-hmr-latency.js:13
[  260001ms] [LOG] [Fast Refresh] rebuilding @ webpack-internal:///(app-pages-browser)/./node_modules/next/dist/client/dev/hot-reloader/app/hot-reloader-app.js:196
[  260015ms] [LOG] [Fast Refresh] done in 15ms @ webpack-internal:///(app-pages-browser)/./node_modules/next/dist/client/dev/report-hmr-latency.js:13
[  260163ms] [LOG] [Fast Refresh] rebuilding @ webpack-internal:///(app-pages-browser)/./node_modules/next/dist/client/dev/hot-reloader/app/hot-reloader-app.js:196
[  260178ms] [LOG] [Fast Refresh] done in 16ms @ webpack-internal:///(app-pages-browser)/./node_modules/next/dist/client/dev/report-hmr-latency.js:13
[  260297ms] [LOG] [Fast Refresh] rebuilding @ webpack-internal:///(app-pages-browser)/./node_modules/next/dist/client/dev/hot-reloader/app/hot-reloader-app.js:196
[  260312ms] [LOG] [Fast Refresh] done in 14ms @ webpack-internal:///(app-pages-browser)/./node_modules/next/dist/client/dev/report-hmr-latency.js:13
[  260464ms] [LOG] [Fast Refresh] rebuilding @ webpack-internal:///(app-pages-browser)/./node_modules/next/dist/client/dev/hot-reloader/app/hot-reloader-app.js:196
[  260483ms] [LOG] [Fast Refresh] done in 20ms @ webpack-internal:///(app-pages-browser)/./node_modules/next/dist/client/dev/report-hmr-latency.js:13
[  260647ms] [LOG] [Fast Refresh] rebuilding @ webpack-internal:///(app-pages-browser)/./node_modules/next/dist/client/dev/hot-reloader/app/hot-reloader-app.js:196
[  260669ms] [LOG] [Fast Refresh] done in 22ms @ webpack-internal:///(app-pages-browser)/./node_modules/next/dist/client/dev/report-hmr-latency.js:13
[  260826ms] [LOG] [Fast Refresh] rebuilding @ webpack-internal:///(app-pages-browser)/./node_modules/next/dist/client/dev/hot-reloader/app/hot-reloader-app.js:196
[  260839ms] [LOG] [Fast Refresh] done in 14ms @ webpack-internal:///(app-pages-browser)/./node_modules/next/dist/client/dev/report-hmr-latency.js:13
[  261002ms] [LOG] [Fast Refresh] rebuilding @ webpack-internal:///(app-pages-browser)/./node_modules/next/dist/client/dev/hot-reloader/app/hot-reloader-app.js:196
[  261121ms] [LOG] [Fast Refresh] done in 119ms @ webpack-internal:///(app-pages-browser)/./node_modules/next/dist/client/dev/report-hmr-latency.js:13
[  261411ms] [LOG] [Fast Refresh] rebuilding @ webpack-internal:///(app-pages-browser)/./node_modules/next/dist/client/dev/hot-reloader/app/hot-reloader-app.js:196
[  261537ms] [LOG] [Fast Refresh] done in 126ms @ webpack-internal:///(app-pages-browser)/./node_modules/next/dist/client/dev/report-hmr-latency.js:13
[  261562ms] [LOG] [Fast Refresh] rebuilding @ webpack-internal:///(app-pages-browser)/./node_modules/next/dist/client/dev/hot-reloader/app/hot-reloader-app.js:196
[  261640ms] [LOG] [Fast Refresh] done in 77ms @ webpack-internal:///(app-pages-browser)/./node_modules/next/dist/client/dev/report-hmr-latency.js:13
[  261801ms] [LOG] [Fast Refresh] rebuilding @ webpack-internal:///(app-pages-browser)/./node_modules/next/dist/client/dev/hot-reloader/app/hot-reloader-app.js:196
[  261835ms] [LOG] [Fast Refresh] done in 33ms @ webpack-internal:///(app-pages-browser)/./node_modules/next/dist/client/dev/report-hmr-latency.js:13
[  262037ms] [LOG] [Fast Refresh] rebuilding @ webpack-internal:///(app-pages-browser)/./node_modules/next/dist/client/dev/hot-reloader/app/hot-reloader-app.js:196
[  262053ms] [LOG] [Fast Refresh] done in 16ms @ webpack-internal:///(app-pages-browser)/./node_modules/next/dist/client/dev/report-hmr-latency.js:13
[  262248ms] [LOG] [Fast Refresh] rebuilding @ webpack-internal:///(app-pages-browser)/./node_modules/next/dist/client/dev/hot-reloader/app/hot-reloader-app.js:196
[  262283ms] [LOG] [Fast Refresh] done in 34ms @ webpack-internal:///(app-pages-browser)/./node_modules/next/dist/client/dev/report-hmr-latency.js:13
[  262656ms] [LOG] [Fast Refresh] rebuilding @ webpack-internal:///(app-pages-browser)/./node_modules/next/dist/client/dev/hot-reloader/app/hot-reloader-app.js:196
[  262754ms] [LOG] [Fast Refresh] done in 99ms @ webpack-internal:///(app-pages-browser)/./node_modules/next/dist/client/dev/report-hmr-latency.js:13
[  262909ms] [LOG] [Fast Refresh] rebuilding @ webpack-internal:///(app-pages-browser)/./node_modules/next/dist/client/dev/hot-reloader/app/hot-reloader-app.js:196
[  262933ms] [LOG] [Fast Refresh] done in 24ms @ webpack-internal:///(app-pages-browser)/./node_modules/next/dist/client/dev/report-hmr-latency.js:13
[  263294ms] [LOG] [Fast Refresh] rebuilding @ webpack-internal:///(app-pages-browser)/./node_modules/next/dist/client/dev/hot-reloader/app/hot-reloader-app.js:196
[  263325ms] [LOG] [Fast Refresh] done in 30ms @ webpack-internal:///(app-pages-browser)/./node_modules/next/dist/client/dev/report-hmr-latency.js:13
[  267225ms] [LOG] [Fast Refresh] done in 3930ms @ webpack-internal:///(app-pages-browser)/./node_modules/next/dist/client/dev/report-hmr-latency.js:13
[  267389ms] [LOG] [Fast Refresh] rebuilding @ webpack-internal:///(app-pages-browser)/./node_modules/next/dist/client/dev/hot-reloader/app/hot-reloader-app.js:196
[  267648ms] [LOG] [Fast Refresh] done in 258ms @ webpack-internal:///(app-pages-browser)/./node_modules/next/dist/client/dev/report-hmr-latency.js:13
[  267667ms] [LOG] [Fast Refresh] rebuilding @ webpack-internal:///(app-pages-browser)/./node_modules/next/dist/client/dev/hot-reloader/app/hot-reloader-app.js:196
[  267879ms] [LOG] [Fast Refresh] rebuilding @ webpack-internal:///(app-pages-browser)/./node_modules/next/dist/client/dev/hot-reloader/app/hot-reloader-app.js:196
[  267894ms] [LOG] [Fast Refresh] done in 15ms @ webpack-internal:///(app-pages-browser)/./node_modules/next/dist/client/dev/report-hmr-latency.js:13
[  268031ms] [LOG] [Fast Refresh] rebuilding @ webpack-internal:///(app-pages-browser)/./node_modules/next/dist/client/dev/hot-reloader/app/hot-reloader-app.js:196
[  268049ms] [LOG] [Fast Refresh] done in 18ms @ webpack-internal:///(app-pages-browser)/./node_modules/next/dist/client/dev/report-hmr-latency.js:13
[  268177ms] [LOG] [Fast Refresh] rebuilding @ webpack-internal:///(app-pages-browser)/./node_modules/next/dist/client/dev/hot-reloader/app/hot-reloader-app.js:196
[  268196ms] [LOG] [Fast Refresh] done in 19ms @ webpack-internal:///(app-pages-browser)/./node_modules/next/dist/client/dev/report-hmr-latency.js:13
[  268342ms] [LOG] [Fast Refresh] rebuilding @ webpack-internal:///(app-pages-browser)/./node_modules/next/dist/client/dev/hot-reloader/app/hot-reloader-app.js:196
[  268423ms] [LOG] [Fast Refresh] done in 82ms @ webpack-internal:///(app-pages-browser)/./node_modules/next/dist/client/dev/report-hmr-latency.js:13
[  268541ms] [LOG] [Fast Refresh] rebuilding @ webpack-internal:///(app-pages-browser)/./node_modules/next/dist/client/dev/hot-reloader/app/hot-reloader-app.js:196
[  268569ms] [LOG] [Fast Refresh] done in 28ms @ webpack-internal:///(app-pages-browser)/./node_modules/next/dist/client/dev/report-hmr-latency.js:13
[  268693ms] [LOG] [Fast Refresh] rebuilding @ webpack-internal:///(app-pages-browser)/./node_modules/next/dist/client/dev/hot-reloader/app/hot-reloader-app.js:196
[  268712ms] [LOG] [Fast Refresh] done in 19ms @ webpack-internal:///(app-pages-browser)/./node_modules/next/dist/client/dev/report-hmr-latency.js:13
[  268830ms] [LOG] [Fast Refresh] rebuilding @ webpack-internal:///(app-pages-browser)/./node_modules/next/dist/client/dev/hot-reloader/app/hot-reloader-app.js:196
[  268844ms] [LOG] [Fast Refresh] done in 14ms @ webpack-internal:///(app-pages-browser)/./node_modules/next/dist/client/dev/report-hmr-latency.js:13
[  268967ms] [LOG] [Fast Refresh] rebuilding @ webpack-internal:///(app-pages-browser)/./node_modules/next/dist/client/dev/hot-reloader/app/hot-reloader-app.js:196
[  268981ms] [LOG] [Fast Refresh] done in 13ms @ webpack-internal:///(app-pages-browser)/./node_modules/next/dist/client/dev/report-hmr-latency.js:13
[  269101ms] [LOG] [Fast Refresh] rebuilding @ webpack-internal:///(app-pages-browser)/./node_modules/next/dist/client/dev/hot-reloader/app/hot-reloader-app.js:196
[  269117ms] [LOG] [Fast Refresh] done in 16ms @ webpack-internal:///(app-pages-browser)/./node_modules/next/dist/client/dev/report-hmr-latency.js:13
[  269235ms] [LOG] [Fast Refresh] rebuilding @ webpack-internal:///(app-pages-browser)/./node_modules/next/dist/client/dev/hot-reloader/app/hot-reloader-app.js:196
[  269249ms] [LOG] [Fast Refresh] done in 15ms @ webpack-internal:///(app-pages-browser)/./node_modules/next/dist/client/dev/report-hmr-latency.js:13
[  269388ms] [LOG] [Fast Refresh] rebuilding @ webpack-internal:///(app-pages-browser)/./node_modules/next/dist/client/dev/hot-reloader/app/hot-reloader-app.js:196
[  269403ms] [LOG] [Fast Refresh] done in 14ms @ webpack-internal:///(app-pages-browser)/./node_modules/next/dist/client/dev/report-hmr-latency.js:13
[  269712ms] [LOG] [Fast Refresh] rebuilding @ webpack-internal:///(app-pages-browser)/./node_modules/next/dist/client/dev/hot-reloader/app/hot-reloader-app.js:196
[  270546ms] [LOG] [Fast Refresh] done in 834ms @ webpack-internal:///(app-pages-browser)/./node_modules/next/dist/client/dev/report-hmr-latency.js:13
[  270553ms] [LOG] [Fast Refresh] rebuilding @ webpack-internal:///(app-pages-browser)/./node_modules/next/dist/client/dev/hot-reloader/app/hot-reloader-app.js:196
[  270595ms] [LOG] [Fast Refresh] done in 41ms @ webpack-internal:///(app-pages-browser)/./node_modules/next/dist/client/dev/report-hmr-latency.js:13
[  270621ms] [LOG] [Fast Refresh] rebuilding @ webpack-internal:///(app-pages-browser)/./node_modules/next/dist/client/dev/hot-reloader/app/hot-reloader-app.js:196
[  270745ms] [LOG] [Fast Refresh] done in 123ms @ webpack-internal:///(app-pages-browser)/./node_modules/next/dist/client/dev/report-hmr-latency.js:13
[  270746ms] [LOG] [Fast Refresh] rebuilding @ webpack-internal:///(app-pages-browser)/./node_modules/next/dist/client/dev/hot-reloader/app/hot-reloader-app.js:196
[  270864ms] [LOG] [Fast Refresh] done in 118ms @ webpack-internal:///(app-pages-browser)/./node_modules/next/dist/client/dev/report-hmr-latency.js:13
[  270992ms] [LOG] [Fast Refresh] rebuilding @ webpack-internal:///(app-pages-browser)/./node_modules/next/dist/client/dev/hot-reloader/app/hot-reloader-app.js:196
[  271006ms] [LOG] [Fast Refresh] done in 14ms @ webpack-internal:///(app-pages-browser)/./node_modules/next/dist/client/dev/report-hmr-latency.js:13
[  271119ms] [LOG] [Fast Refresh] rebuilding @ webpack-internal:///(app-pages-browser)/./node_modules/next/dist/client/dev/hot-reloader/app/hot-reloader-app.js:196
[  271145ms] [LOG] [Fast Refresh] done in 25ms @ webpack-internal:///(app-pages-browser)/./node_modules/next/dist/client/dev/report-hmr-latency.js:13
[  271239ms] [LOG] [Fast Refresh] rebuilding @ webpack-internal:///(app-pages-browser)/./node_modules/next/dist/client/dev/hot-reloader/app/hot-reloader-app.js:196
[  271253ms] [LOG] [Fast Refresh] done in 15ms @ webpack-internal:///(app-pages-browser)/./node_modules/next/dist/client/dev/report-hmr-latency.js:13
[  271362ms] [LOG] [Fast Refresh] rebuilding @ webpack-internal:///(app-pages-browser)/./node_modules/next/dist/client/dev/hot-reloader/app/hot-reloader-app.js:196
[  271374ms] [LOG] [Fast Refresh] done in 13ms @ webpack-internal:///(app-pages-browser)/./node_modules/next/dist/client/dev/report-hmr-latency.js:13
[  271492ms] [LOG] [Fast Refresh] rebuilding @ webpack-internal:///(app-pages-browser)/./node_modules/next/dist/client/dev/hot-reloader/app/hot-reloader-app.js:196
[  271504ms] [LOG] [Fast Refresh] done in 13ms @ webpack-internal:///(app-pages-browser)/./node_modules/next/dist/client/dev/report-hmr-latency.js:13
[  271632ms] [LOG] [Fast Refresh] rebuilding @ webpack-internal:///(app-pages-browser)/./node_modules/next/dist/client/dev/hot-reloader/app/hot-reloader-app.js:196
[  271646ms] [LOG] [Fast Refresh] done in 14ms @ webpack-internal:///(app-pages-browser)/./node_modules/next/dist/client/dev/report-hmr-latency.js:13
[  271766ms] [LOG] [Fast Refresh] rebuilding @ webpack-internal:///(app-pages-browser)/./node_modules/next/dist/client/dev/hot-reloader/app/hot-reloader-app.js:196
[  271779ms] [LOG] [Fast Refresh] done in 14ms @ webpack-internal:///(app-pages-browser)/./node_modules/next/dist/client/dev/report-hmr-latency.js:13
[  271892ms] [LOG] [Fast Refresh] rebuilding @ webpack-internal:///(app-pages-browser)/./node_modules/next/dist/client/dev/hot-reloader/app/hot-reloader-app.js:196
[  271909ms] [LOG] [Fast Refresh] done in 16ms @ webpack-internal:///(app-pages-browser)/./node_modules/next/dist/client/dev/report-hmr-latency.js:13
[  272022ms] [LOG] [Fast Refresh] rebuilding @ webpack-internal:///(app-pages-browser)/./node_modules/next/dist/client/dev/hot-reloader/app/hot-reloader-app.js:196
[  272037ms] [LOG] [Fast Refresh] done in 15ms @ webpack-internal:///(app-pages-browser)/./node_modules/next/dist/client/dev/report-hmr-latency.js:13
[  272150ms] [LOG] [Fast Refresh] rebuilding @ webpack-internal:///(app-pages-browser)/./node_modules/next/dist/client/dev/hot-reloader/app/hot-reloader-app.js:196
[  272164ms] [LOG] [Fast Refresh] done in 13ms @ webpack-internal:///(app-pages-browser)/./node_modules/next/dist/client/dev/report-hmr-latency.js:13
[  272263ms] [LOG] [Fast Refresh] rebuilding @ webpack-internal:///(app-pages-browser)/./node_modules/next/dist/client/dev/hot-reloader/app/hot-reloader-app.js:196
[  272278ms] [LOG] [Fast Refresh] done in 15ms @ webpack-internal:///(app-pages-browser)/./node_modules/next/dist/client/dev/report-hmr-latency.js:13
[  272388ms] [LOG] [Fast Refresh] rebuilding @ webpack-internal:///(app-pages-browser)/./node_modules/next/dist/client/dev/hot-reloader/app/hot-reloader-app.js:196
[  272409ms] [LOG] [Fast Refresh] done in 21ms @ webpack-internal:///(app-pages-browser)/./node_modules/next/dist/client/dev/report-hmr-latency.js:13
[  272512ms] [LOG] [Fast Refresh] rebuilding @ webpack-internal:///(app-pages-browser)/./node_modules/next/dist/client/dev/hot-reloader/app/hot-reloader-app.js:196
[  272528ms] [LOG] [Fast Refresh] done in 16ms @ webpack-internal:///(app-pages-browser)/./node_modules/next/dist/client/dev/report-hmr-latency.js:13
[  272633ms] [LOG] [Fast Refresh] rebuilding @ webpack-internal:///(app-pages-browser)/./node_modules/next/dist/client/dev/hot-reloader/app/hot-reloader-app.js:196
[  272646ms] [LOG] [Fast Refresh] done in 12ms @ webpack-internal:///(app-pages-browser)/./node_modules/next/dist/client/dev/report-hmr-latency.js:13
[  272756ms] [LOG] [Fast Refresh] rebuilding @ webpack-internal:///(app-pages-browser)/./node_modules/next/dist/client/dev/hot-reloader/app/hot-reloader-app.js:196
[  272767ms] [LOG] [Fast Refresh] done in 11ms @ webpack-internal:///(app-pages-browser)/./node_modules/next/dist/client/dev/report-hmr-latency.js:13
[  272870ms] [LOG] [Fast Refresh] rebuilding @ webpack-internal:///(app-pages-browser)/./node_modules/next/dist/client/dev/hot-reloader/app/hot-reloader-app.js:196
[  272899ms] [LOG] [Fast Refresh] done in 30ms @ webpack-internal:///(app-pages-browser)/./node_modules/next/dist/client/dev/report-hmr-latency.js:13
[  273002ms] [LOG] [Fast Refresh] rebuilding @ webpack-internal:///(app-pages-browser)/./node_modules/next/dist/client/dev/hot-reloader/app/hot-reloader-app.js:196
[  273009ms] [LOG] [Fast Refresh] done in 6ms @ webpack-internal:///(app-pages-browser)/./node_modules/next/dist/client/dev/report-hmr-latency.js:13
[  273121ms] [LOG] [Fast Refresh] rebuilding @ webpack-internal:///(app-pages-browser)/./node_modules/next/dist/client/dev/hot-reloader/app/hot-reloader-app.js:196
[  273137ms] [LOG] [Fast Refresh] done in 17ms @ webpack-internal:///(app-pages-browser)/./node_modules/next/dist/client/dev/report-hmr-latency.js:13
[  273261ms] [LOG] [Fast Refresh] rebuilding @ webpack-internal:///(app-pages-browser)/./node_modules/next/dist/client/dev/hot-reloader/app/hot-reloader-app.js:196
[  273309ms] [LOG] [Fast Refresh] done in 48ms @ webpack-internal:///(app-pages-browser)/./node_modules/next/dist/client/dev/report-hmr-latency.js:13
[  273427ms] [LOG] [Fast Refresh] rebuilding @ webpack-internal:///(app-pages-browser)/./node_modules/next/dist/client/dev/hot-reloader/app/hot-reloader-app.js:196
[  273441ms] [LOG] [Fast Refresh] done in 14ms @ webpack-internal:///(app-pages-browser)/./node_modules/next/dist/client/dev/report-hmr-latency.js:13
[  273550ms] [LOG] [Fast Refresh] rebuilding @ webpack-internal:///(app-pages-browser)/./node_modules/next/dist/client/dev/hot-reloader/app/hot-reloader-app.js:196
[  273581ms] [LOG] [Fast Refresh] done in 30ms @ webpack-internal:///(app-pages-browser)/./node_modules/next/dist/client/dev/report-hmr-latency.js:13
[  273677ms] [LOG] [Fast Refresh] rebuilding @ webpack-internal:///(app-pages-browser)/./node_modules/next/dist/client/dev/hot-reloader/app/hot-reloader-app.js:196
[  273689ms] [LOG] [Fast Refresh] done in 12ms @ webpack-internal:///(app-pages-browser)/./node_modules/next/dist/client/dev/report-hmr-latency.js:13
[  273794ms] [LOG] [Fast Refresh] rebuilding @ webpack-internal:///(app-pages-browser)/./node_modules/next/dist/client/dev/hot-reloader/app/hot-reloader-app.js:196
[  273806ms] [LOG] [Fast Refresh] done in 11ms @ webpack-internal:///(app-pages-browser)/./node_modules/next/dist/client/dev/report-hmr-latency.js:13
[  273907ms] [LOG] [Fast Refresh] rebuilding @ webpack-internal:///(app-pages-browser)/./node_modules/next/dist/client/dev/hot-reloader/app/hot-reloader-app.js:196
[  273920ms] [LOG] [Fast Refresh] done in 14ms @ webpack-internal:///(app-pages-browser)/./node_modules/next/dist/client/dev/report-hmr-latency.js:13
[  274023ms] [LOG] [Fast Refresh] rebuilding @ webpack-internal:///(app-pages-browser)/./node_modules/next/dist/client/dev/hot-reloader/app/hot-reloader-app.js:196
[  274045ms] [LOG] [Fast Refresh] done in 22ms @ webpack-internal:///(app-pages-browser)/./node_modules/next/dist/client/dev/report-hmr-latency.js:13
[  274148ms] [LOG] [Fast Refresh] rebuilding @ webpack-internal:///(app-pages-browser)/./node_modules/next/dist/client/dev/hot-reloader/app/hot-reloader-app.js:196
[  274163ms] [LOG] [Fast Refresh] done in 14ms @ webpack-internal:///(app-pages-browser)/./node_modules/next/dist/client/dev/report-hmr-latency.js:13
[  274257ms] [LOG] [Fast Refresh] rebuilding @ webpack-internal:///(app-pages-browser)/./node_modules/next/dist/client/dev/hot-reloader/app/hot-reloader-app.js:196
[  274271ms] [LOG] [Fast Refresh] done in 13ms @ webpack-internal:///(app-pages-browser)/./node_modules/next/dist/client/dev/report-hmr-latency.js:13
[  274367ms] [LOG] [Fast Refresh] rebuilding @ webpack-internal:///(app-pages-browser)/./node_modules/next/dist/client/dev/hot-reloader/app/hot-reloader-app.js:196
[  274381ms] [LOG] [Fast Refresh] done in 15ms @ webpack-internal:///(app-pages-browser)/./node_modules/next/dist/client/dev/report-hmr-latency.js:13
[  274479ms] [LOG] [Fast Refresh] rebuilding @ webpack-internal:///(app-pages-browser)/./node_modules/next/dist/client/dev/hot-reloader/app/hot-reloader-app.js:196
[  274492ms] [LOG] [Fast Refresh] done in 14ms @ webpack-internal:///(app-pages-browser)/./node_modules/next/dist/client/dev/report-hmr-latency.js:13
[  274593ms] [LOG] [Fast Refresh] rebuilding @ webpack-internal:///(app-pages-browser)/./node_modules/next/dist/client/dev/hot-reloader/app/hot-reloader-app.js:196
[  274607ms] [LOG] [Fast Refresh] done in 15ms @ webpack-internal:///(app-pages-browser)/./node_modules/next/dist/client/dev/report-hmr-latency.js:13
[  274698ms] [LOG] [Fast Refresh] rebuilding @ webpack-internal:///(app-pages-browser)/./node_modules/next/dist/client/dev/hot-reloader/app/hot-reloader-app.js:196
[  274711ms] [LOG] [Fast Refresh] done in 13ms @ webpack-internal:///(app-pages-browser)/./node_modules/next/dist/client/dev/report-hmr-latency.js:13
[  274802ms] [LOG] [Fast Refresh] rebuilding @ webpack-internal:///(app-pages-browser)/./node_modules/next/dist/client/dev/hot-reloader/app/hot-reloader-app.js:196
[  274816ms] [LOG] [Fast Refresh] done in 14ms @ webpack-internal:///(app-pages-browser)/./node_modules/next/dist/client/dev/report-hmr-latency.js:13
[  274909ms] [LOG] [Fast Refresh] rebuilding @ webpack-internal:///(app-pages-browser)/./node_modules/next/dist/client/dev/hot-reloader/app/hot-reloader-app.js:196
[  274926ms] [LOG] [Fast Refresh] done in 16ms @ webpack-internal:///(app-pages-browser)/./node_modules/next/dist/client/dev/report-hmr-latency.js:13
[  275038ms] [LOG] [Fast Refresh] rebuilding @ webpack-internal:///(app-pages-browser)/./node_modules/next/dist/client/dev/hot-reloader/app/hot-reloader-app.js:196
[  275051ms] [LOG] [Fast Refresh] done in 12ms @ webpack-internal:///(app-pages-browser)/./node_modules/next/dist/client/dev/report-hmr-latency.js:13
[  275154ms] [LOG] [Fast Refresh] rebuilding @ webpack-internal:///(app-pages-browser)/./node_modules/next/dist/client/dev/hot-reloader/app/hot-reloader-app.js:196
[  275169ms] [LOG] [Fast Refresh] done in 15ms @ webpack-internal:///(app-pages-browser)/./node_modules/next/dist/client/dev/report-hmr-latency.js:13
[  275271ms] [LOG] [Fast Refresh] rebuilding @ webpack-internal:///(app-pages-browser)/./node_modules/next/dist/client/dev/hot-reloader/app/hot-reloader-app.js:196
[  275287ms] [LOG] [Fast Refresh] done in 15ms @ webpack-internal:///(app-pages-browser)/./node_modules/next/dist/client/dev/report-hmr-latency.js:13
[  275388ms] [LOG] [Fast Refresh] rebuilding @ webpack-internal:///(app-pages-browser)/./node_modules/next/dist/client/dev/hot-reloader/app/hot-reloader-app.js:196
[  275405ms] [LOG] [Fast Refresh] done in 17ms @ webpack-internal:///(app-pages-browser)/./node_modules/next/dist/client/dev/report-hmr-latency.js:13
[  275576ms] [LOG] [Fast Refresh] rebuilding @ webpack-internal:///(app-pages-browser)/./node_modules/next/dist/client/dev/hot-reloader/app/hot-reloader-app.js:196
[  275661ms] [LOG] [Fast Refresh] done in 84ms @ webpack-internal:///(app-pages-browser)/./node_modules/next/dist/client/dev/report-hmr-latency.js:13
[  275971ms] [LOG] [Fast Refresh] rebuilding @ webpack-internal:///(app-pages-browser)/./node_modules/next/dist/client/dev/hot-reloader/app/hot-reloader-app.js:196
[  276245ms] [LOG] [Fast Refresh] done in 274ms @ webpack-internal:///(app-pages-browser)/./node_modules/next/dist/client/dev/report-hmr-latency.js:13
[  276363ms] [LOG] [Fast Refresh] rebuilding @ webpack-internal:///(app-pages-browser)/./node_modules/next/dist/client/dev/hot-reloader/app/hot-reloader-app.js:196
[  276500ms] [LOG] [Fast Refresh] done in 136ms @ webpack-internal:///(app-pages-browser)/./node_modules/next/dist/client/dev/report-hmr-latency.js:13
[  276513ms] [LOG] [Fast Refresh] rebuilding @ webpack-internal:///(app-pages-browser)/./node_modules/next/dist/client/dev/hot-reloader/app/hot-reloader-app.js:196
[  276528ms] [LOG] [Fast Refresh] done in 14ms @ webpack-internal:///(app-pages-browser)/./node_modules/next/dist/client/dev/report-hmr-latency.js:13
[  276659ms] [LOG] [Fast Refresh] rebuilding @ webpack-internal:///(app-pages-browser)/./node_modules/next/dist/client/dev/hot-reloader/app/hot-reloader-app.js:196
[  276674ms] [LOG] [Fast Refresh] done in 15ms @ webpack-internal:///(app-pages-browser)/./node_modules/next/dist/client/dev/report-hmr-latency.js:13
[  276797ms] [LOG] [Fast Refresh] rebuilding @ webpack-internal:///(app-pages-browser)/./node_modules/next/dist/client/dev/hot-reloader/app/hot-reloader-app.js:196
[  276813ms] [LOG] [Fast Refresh] done in 15ms @ webpack-internal:///(app-pages-browser)/./node_modules/next/dist/client/dev/report-hmr-latency.js:13
[  276967ms] [LOG] [Fast Refresh] rebuilding @ webpack-internal:///(app-pages-browser)/./node_modules/next/dist/client/dev/hot-reloader/app/hot-reloader-app.js:196
[  276983ms] [LOG] [Fast Refresh] done in 16ms @ webpack-internal:///(app-pages-browser)/./node_modules/next/dist/client/dev/report-hmr-latency.js:13
[  277115ms] [LOG] [Fast Refresh] rebuilding @ webpack-internal:///(app-pages-browser)/./node_modules/next/dist/client/dev/hot-reloader/app/hot-reloader-app.js:196
[  277197ms] [LOG] [Fast Refresh] done in 82ms @ webpack-internal:///(app-pages-browser)/./node_modules/next/dist/client/dev/report-hmr-latency.js:13
[  277271ms] [LOG] [Fast Refresh] rebuilding @ webpack-internal:///(app-pages-browser)/./node_modules/next/dist/client/dev/hot-reloader/app/hot-reloader-app.js:196
[  277283ms] [LOG] [Fast Refresh] done in 12ms @ webpack-internal:///(app-pages-browser)/./node_modules/next/dist/client/dev/report-hmr-latency.js:13
[  277426ms] [LOG] [Fast Refresh] rebuilding @ webpack-internal:///(app-pages-browser)/./node_modules/next/dist/client/dev/hot-reloader/app/hot-reloader-app.js:196
[  277440ms] [LOG] [Fast Refresh] done in 13ms @ webpack-internal:///(app-pages-browser)/./node_modules/next/dist/client/dev/report-hmr-latency.js:13
[  277581ms] [LOG] [Fast Refresh] rebuilding @ webpack-internal:///(app-pages-browser)/./node_modules/next/dist/client/dev/hot-reloader/app/hot-reloader-app.js:196
[  277662ms] [LOG] [Fast Refresh] done in 80ms @ webpack-internal:///(app-pages-browser)/./node_modules/next/dist/client/dev/report-hmr-latency.js:13
[  277757ms] [LOG] [Fast Refresh] rebuilding @ webpack-internal:///(app-pages-browser)/./node_modules/next/dist/client/dev/hot-reloader/app/hot-reloader-app.js:196
[  277791ms] [LOG] [Fast Refresh] done in 35ms @ webpack-internal:///(app-pages-browser)/./node_modules/next/dist/client/dev/report-hmr-latency.js:13
[  277916ms] [LOG] [Fast Refresh] rebuilding @ webpack-internal:///(app-pages-browser)/./node_modules/next/dist/client/dev/hot-reloader/app/hot-reloader-app.js:196
[  277965ms] [LOG] [Fast Refresh] done in 49ms @ webpack-internal:///(app-pages-browser)/./node_modules/next/dist/client/dev/report-hmr-latency.js:13
[  278428ms] [LOG] [Fast Refresh] rebuilding @ webpack-internal:///(app-pages-browser)/./node_modules/next/dist/client/dev/hot-reloader/app/hot-reloader-app.js:196
[  278493ms] [LOG] [Fast Refresh] done in 65ms @ webpack-internal:///(app-pages-browser)/./node_modules/next/dist/client/dev/report-hmr-latency.js:13
[  278544ms] [LOG] [Fast Refresh] rebuilding @ webpack-internal:///(app-pages-browser)/./node_modules/next/dist/client/dev/hot-reloader/app/hot-reloader-app.js:196
[  278557ms] [LOG] [Fast Refresh] done in 13ms @ webpack-internal:///(app-pages-browser)/./node_modules/next/dist/client/dev/report-hmr-latency.js:13
[  278719ms] [LOG] [Fast Refresh] rebuilding @ webpack-internal:///(app-pages-browser)/./node_modules/next/dist/client/dev/hot-reloader/app/hot-reloader-app.js:196
[  278736ms] [LOG] [Fast Refresh] done in 17ms @ webpack-internal:///(app-pages-browser)/./node_modules/next/dist/client/dev/report-hmr-latency.js:13
[  278894ms] [LOG] [Fast Refresh] rebuilding @ webpack-internal:///(app-pages-browser)/./node_modules/next/dist/client/dev/hot-reloader/app/hot-reloader-app.js:196
[  278909ms] [LOG] [Fast Refresh] done in 14ms @ webpack-internal:///(app-pages-browser)/./node_modules/next/dist/client/dev/report-hmr-latency.js:13
[  280972ms] [LOG] [Fast Refresh] rebuilding @ webpack-internal:///(app-pages-browser)/./node_modules/next/dist/client/dev/hot-reloader/app/hot-reloader-app.js:196
[  280973ms] [LOG] [Fast Refresh] done in 2ms @ webpack-internal:///(app-pages-browser)/./node_modules/next/dist/client/dev/report-hmr-latency.js:13
[  280976ms] [LOG] [Fast Refresh] rebuilding @ webpack-internal:///(app-pages-browser)/./node_modules/next/dist/client/dev/hot-reloader/app/hot-reloader-app.js:196
[  281080ms] [LOG] [Fast Refresh] done in 104ms @ webpack-internal:///(app-pages-browser)/./node_modules/next/dist/client/dev/report-hmr-latency.js:13
[  281161ms] [LOG] [Fast Refresh] rebuilding @ webpack-internal:///(app-pages-browser)/./node_modules/next/dist/client/dev/hot-reloader/app/hot-reloader-app.js:196
[  281190ms] [LOG] [Fast Refresh] done in 29ms @ webpack-internal:///(app-pages-browser)/./node_modules/next/dist/client/dev/report-hmr-latency.js:13
[  281350ms] [LOG] [Fast Refresh] rebuilding @ webpack-internal:///(app-pages-browser)/./node_modules/next/dist/client/dev/hot-reloader/app/hot-reloader-app.js:196
[  281366ms] [LOG] [Fast Refresh] done in 17ms @ webpack-internal:///(app-pages-browser)/./node_modules/next/dist/client/dev/report-hmr-latency.js:13
[  281513ms] [LOG] [Fast Refresh] rebuilding @ webpack-internal:///(app-pages-browser)/./node_modules/next/dist/client/dev/hot-reloader/app/hot-reloader-app.js:196
[  281530ms] [LOG] [Fast Refresh] done in 16ms @ webpack-internal:///(app-pages-browser)/./node_modules/next/dist/client/dev/report-hmr-latency.js:13
[  282716ms] [LOG] [Fast Refresh] rebuilding @ webpack-internal:///(app-pages-browser)/./node_modules/next/dist/client/dev/hot-reloader/app/hot-reloader-app.js:196
[  282925ms] [LOG] [Fast Refresh] done in 208ms @ webpack-internal:///(app-pages-browser)/./node_modules/next/dist/client/dev/report-hmr-latency.js:13
[  282927ms] [LOG] [Fast Refresh] rebuilding @ webpack-internal:///(app-pages-browser)/./node_modules/next/dist/client/dev/hot-reloader/app/hot-reloader-app.js:196
[  283004ms] [LOG] [Fast Refresh] done in 77ms @ webpack-internal:///(app-pages-browser)/./node_modules/next/dist/client/dev/report-hmr-latency.js:13
[  283008ms] [LOG] [Fast Refresh] rebuilding @ webpack-internal:///(app-pages-browser)/./node_modules/next/dist/client/dev/hot-reloader/app/hot-reloader-app.js:196
[  283110ms] [LOG] [Fast Refresh] done in 102ms @ webpack-internal:///(app-pages-browser)/./node_modules/next/dist/client/dev/report-hmr-latency.js:13
[  283180ms] [LOG] [Fast Refresh] rebuilding @ webpack-internal:///(app-pages-browser)/./node_modules/next/dist/client/dev/hot-reloader/app/hot-reloader-app.js:196
[  283193ms] [LOG] [Fast Refresh] done in 14ms @ webpack-internal:///(app-pages-browser)/./node_modules/next/dist/client/dev/report-hmr-latency.js:13
[  283316ms] [LOG] [Fast Refresh] rebuilding @ webpack-internal:///(app-pages-browser)/./node_modules/next/dist/client/dev/hot-reloader/app/hot-reloader-app.js:196
[  283329ms] [LOG] [Fast Refresh] done in 13ms @ webpack-internal:///(app-pages-browser)/./node_modules/next/dist/client/dev/report-hmr-latency.js:13
[  283454ms] [LOG] [Fast Refresh] rebuilding @ webpack-internal:///(app-pages-browser)/./node_modules/next/dist/client/dev/hot-reloader/app/hot-reloader-app.js:196
[  283470ms] [LOG] [Fast Refresh] done in 16ms @ webpack-internal:///(app-pages-browser)/./node_modules/next/dist/client/dev/report-hmr-latency.js:13
[  283606ms] [LOG] [Fast Refresh] rebuilding @ webpack-internal:///(app-pages-browser)/./node_modules/next/dist/client/dev/hot-reloader/app/hot-reloader-app.js:196
[  283621ms] [LOG] [Fast Refresh] done in 14ms @ webpack-internal:///(app-pages-browser)/./node_modules/next/dist/client/dev/report-hmr-latency.js:13
[  283763ms] [LOG] [Fast Refresh] rebuilding @ webpack-internal:///(app-pages-browser)/./node_modules/next/dist/client/dev/hot-reloader/app/hot-reloader-app.js:196
[  283777ms] [LOG] [Fast Refresh] done in 14ms @ webpack-internal:///(app-pages-browser)/./node_modules/next/dist/client/dev/report-hmr-latency.js:13
[  283929ms] [LOG] [Fast Refresh] rebuilding @ webpack-internal:///(app-pages-browser)/./node_modules/next/dist/client/dev/hot-reloader/app/hot-reloader-app.js:196
[  283951ms] [LOG] [Fast Refresh] done in 22ms @ webpack-internal:///(app-pages-browser)/./node_modules/next/dist/client/dev/report-hmr-latency.js:13
[  284080ms] [LOG] [Fast Refresh] rebuilding @ webpack-internal:///(app-pages-browser)/./node_modules/next/dist/client/dev/hot-reloader/app/hot-reloader-app.js:196
[  284096ms] [LOG] [Fast Refresh] done in 17ms @ webpack-internal:///(app-pages-browser)/./node_modules/next/dist/client/dev/report-hmr-latency.js:13
[  284241ms] [LOG] [Fast Refresh] rebuilding @ webpack-internal:///(app-pages-browser)/./node_modules/next/dist/client/dev/hot-reloader/app/hot-reloader-app.js:196
[  284255ms] [LOG] [Fast Refresh] done in 15ms @ webpack-internal:///(app-pages-browser)/./node_modules/next/dist/client/dev/report-hmr-latency.js:13
[  284405ms] [LOG] [Fast Refresh] rebuilding @ webpack-internal:///(app-pages-browser)/./node_modules/next/dist/client/dev/hot-reloader/app/hot-reloader-app.js:196
[  284421ms] [LOG] [Fast Refresh] done in 16ms @ webpack-internal:///(app-pages-browser)/./node_modules/next/dist/client/dev/report-hmr-latency.js:13
[  284561ms] [LOG] [Fast Refresh] rebuilding @ webpack-internal:///(app-pages-browser)/./node_modules/next/dist/client/dev/hot-reloader/app/hot-reloader-app.js:196
[  284576ms] [LOG] [Fast Refresh] done in 14ms @ webpack-internal:///(app-pages-browser)/./node_modules/next/dist/client/dev/report-hmr-latency.js:13
[  284727ms] [LOG] [Fast Refresh] rebuilding @ webpack-internal:///(app-pages-browser)/./node_modules/next/dist/client/dev/hot-reloader/app/hot-reloader-app.js:196
[  284751ms] [LOG] [Fast Refresh] done in 24ms @ webpack-internal:///(app-pages-browser)/./node_modules/next/dist/client/dev/report-hmr-latency.js:13
[  284885ms] [LOG] [Fast Refresh] rebuilding @ webpack-internal:///(app-pages-browser)/./node_modules/next/dist/client/dev/hot-reloader/app/hot-reloader-app.js:196
[  284904ms] [LOG] [Fast Refresh] done in 19ms @ webpack-internal:///(app-pages-browser)/./node_modules/next/dist/client/dev/report-hmr-latency.js:13
[  285107ms] [LOG] [Fast Refresh] rebuilding @ webpack-internal:///(app-pages-browser)/./node_modules/next/dist/client/dev/hot-reloader/app/hot-reloader-app.js:196
[  285124ms] [LOG] [Fast Refresh] done in 17ms @ webpack-internal:///(app-pages-browser)/./node_modules/next/dist/client/dev/report-hmr-latency.js:13
[  285235ms] [LOG] [Fast Refresh] rebuilding @ webpack-internal:///(app-pages-browser)/./node_modules/next/dist/client/dev/hot-reloader/app/hot-reloader-app.js:196
[  285255ms] [LOG] [Fast Refresh] done in 21ms @ webpack-internal:///(app-pages-browser)/./node_modules/next/dist/client/dev/report-hmr-latency.js:13
[  285352ms] [LOG] [Fast Refresh] rebuilding @ webpack-internal:///(app-pages-browser)/./node_modules/next/dist/client/dev/hot-reloader/app/hot-reloader-app.js:196
[  285366ms] [LOG] [Fast Refresh] done in 14ms @ webpack-internal:///(app-pages-browser)/./node_modules/next/dist/client/dev/report-hmr-latency.js:13
[  285472ms] [LOG] [Fast Refresh] rebuilding @ webpack-internal:///(app-pages-browser)/./node_modules/next/dist/client/dev/hot-reloader/app/hot-reloader-app.js:196
[  285485ms] [LOG] [Fast Refresh] done in 13ms @ webpack-internal:///(app-pages-browser)/./node_modules/next/dist/client/dev/report-hmr-latency.js:13
[  285591ms] [LOG] [Fast Refresh] rebuilding @ webpack-internal:///(app-pages-browser)/./node_modules/next/dist/client/dev/hot-reloader/app/hot-reloader-app.js:196
[  285606ms] [LOG] [Fast Refresh] done in 15ms @ webpack-internal:///(app-pages-browser)/./node_modules/next/dist/client/dev/report-hmr-latency.js:13
[  285714ms] [LOG] [Fast Refresh] rebuilding @ webpack-internal:///(app-pages-browser)/./node_modules/next/dist/client/dev/hot-reloader/app/hot-reloader-app.js:196
[  285725ms] [LOG] [Fast Refresh] done in 12ms @ webpack-internal:///(app-pages-browser)/./node_modules/next/dist/client/dev/report-hmr-latency.js:13
[  285857ms] [LOG] [Fast Refresh] rebuilding @ webpack-internal:///(app-pages-browser)/./node_modules/next/dist/client/dev/hot-reloader/app/hot-reloader-app.js:196
[  285875ms] [LOG] [Fast Refresh] done in 18ms @ webpack-internal:///(app-pages-browser)/./node_modules/next/dist/client/dev/report-hmr-latency.js:13
[  286032ms] [LOG] [Fast Refresh] rebuilding @ webpack-internal:///(app-pages-browser)/./node_modules/next/dist/client/dev/hot-reloader/app/hot-reloader-app.js:196
[  286055ms] [LOG] [Fast Refresh] done in 23ms @ webpack-internal:///(app-pages-browser)/./node_modules/next/dist/client/dev/report-hmr-latency.js:13
[  286188ms] [LOG] [Fast Refresh] rebuilding @ webpack-internal:///(app-pages-browser)/./node_modules/next/dist/client/dev/hot-reloader/app/hot-reloader-app.js:196
[  286205ms] [LOG] [Fast Refresh] done in 16ms @ webpack-internal:///(app-pages-browser)/./node_modules/next/dist/client/dev/report-hmr-latency.js:13
[  286344ms] [LOG] [Fast Refresh] rebuilding @ webpack-internal:///(app-pages-browser)/./node_modules/next/dist/client/dev/hot-reloader/app/hot-reloader-app.js:196
[  286457ms] [LOG] [Fast Refresh] done in 113ms @ webpack-internal:///(app-pages-browser)/./node_modules/next/dist/client/dev/report-hmr-latency.js:13
[  286533ms] [LOG] [Fast Refresh] rebuilding @ webpack-internal:///(app-pages-browser)/./node_modules/next/dist/client/dev/hot-reloader/app/hot-reloader-app.js:196
[  286572ms] [LOG] [Fast Refresh] done in 38ms @ webpack-internal:///(app-pages-browser)/./node_modules/next/dist/client/dev/report-hmr-latency.js:13
[  286697ms] [LOG] [Fast Refresh] rebuilding @ webpack-internal:///(app-pages-browser)/./node_modules/next/dist/client/dev/hot-reloader/app/hot-reloader-app.js:196
[  286712ms] [LOG] [Fast Refresh] done in 15ms @ webpack-internal:///(app-pages-browser)/./node_modules/next/dist/client/dev/report-hmr-latency.js:13
[  286849ms] [LOG] [Fast Refresh] rebuilding @ webpack-internal:///(app-pages-browser)/./node_modules/next/dist/client/dev/hot-reloader/app/hot-reloader-app.js:196
[  286863ms] [LOG] [Fast Refresh] done in 13ms @ webpack-internal:///(app-pages-browser)/./node_modules/next/dist/client/dev/report-hmr-latency.js:13
[  286990ms] [LOG] [Fast Refresh] rebuilding @ webpack-internal:///(app-pages-browser)/./node_modules/next/dist/client/dev/hot-reloader/app/hot-reloader-app.js:196
[  287005ms] [LOG] [Fast Refresh] done in 16ms @ webpack-internal:///(app-pages-browser)/./node_modules/next/dist/client/dev/report-hmr-latency.js:13
[  287127ms] [LOG] [Fast Refresh] rebuilding @ webpack-internal:///(app-pages-browser)/./node_modules/next/dist/client/dev/hot-reloader/app/hot-reloader-app.js:196
[  287140ms] [LOG] [Fast Refresh] done in 14ms @ webpack-internal:///(app-pages-browser)/./node_modules/next/dist/client/dev/report-hmr-latency.js:13
[  287249ms] [LOG] [Fast Refresh] rebuilding @ webpack-internal:///(app-pages-browser)/./node_modules/next/dist/client/dev/hot-reloader/app/hot-reloader-app.js:196
[  287265ms] [LOG] [Fast Refresh] done in 17ms @ webpack-internal:///(app-pages-browser)/./node_modules/next/dist/client/dev/report-hmr-latency.js:13
[  287368ms] [LOG] [Fast Refresh] rebuilding @ webpack-internal:///(app-pages-browser)/./node_modules/next/dist/client/dev/hot-reloader/app/hot-reloader-app.js:196
[  287384ms] [LOG] [Fast Refresh] done in 17ms @ webpack-internal:///(app-pages-browser)/./node_modules/next/dist/client/dev/report-hmr-latency.js:13
[  288152ms] [LOG] [Fast Refresh] rebuilding @ webpack-internal:///(app-pages-browser)/./node_modules/next/dist/client/dev/hot-reloader/app/hot-reloader-app.js:196
[  288255ms] [LOG] [Fast Refresh] done in 103ms @ webpack-internal:///(app-pages-browser)/./node_modules/next/dist/client/dev/report-hmr-latency.js:13
[  288255ms] [LOG] [Fast Refresh] rebuilding @ webpack-internal:///(app-pages-browser)/./node_modules/next/dist/client/dev/hot-reloader/app/hot-reloader-app.js:196
[  288530ms] [LOG] [Fast Refresh] done in 274ms @ webpack-internal:///(app-pages-browser)/./node_modules/next/dist/client/dev/report-hmr-latency.js:13
[  288533ms] [LOG] [Fast Refresh] rebuilding @ webpack-internal:///(app-pages-browser)/./node_modules/next/dist/client/dev/hot-reloader/app/hot-reloader-app.js:196
[  289160ms] [LOG] [Fast Refresh] done in 627ms @ webpack-internal:///(app-pages-browser)/./node_modules/next/dist/client/dev/report-hmr-latency.js:13
[  289160ms] [LOG] [Fast Refresh] rebuilding @ webpack-internal:///(app-pages-browser)/./node_modules/next/dist/client/dev/hot-reloader/app/hot-reloader-app.js:196
[  289225ms] [LOG] [Fast Refresh] done in 65ms @ webpack-internal:///(app-pages-browser)/./node_modules/next/dist/client/dev/report-hmr-latency.js:13
[  289226ms] [LOG] [Fast Refresh] rebuilding @ webpack-internal:///(app-pages-browser)/./node_modules/next/dist/client/dev/hot-reloader/app/hot-reloader-app.js:196
[  289403ms] [LOG] [Fast Refresh] done in 178ms @ webpack-internal:///(app-pages-browser)/./node_modules/next/dist/client/dev/report-hmr-latency.js:13
[  289404ms] [LOG] [Fast Refresh] rebuilding @ webpack-internal:///(app-pages-browser)/./node_modules/next/dist/client/dev/hot-reloader/app/hot-reloader-app.js:196
[  289437ms] [LOG] [Fast Refresh] done in 33ms @ webpack-internal:///(app-pages-browser)/./node_modules/next/dist/client/dev/report-hmr-latency.js:13
[  289553ms] [LOG] [Fast Refresh] rebuilding @ webpack-internal:///(app-pages-browser)/./node_modules/next/dist/client/dev/hot-reloader/app/hot-reloader-app.js:196
[  289575ms] [LOG] [Fast Refresh] done in 23ms @ webpack-internal:///(app-pages-browser)/./node_modules/next/dist/client/dev/report-hmr-latency.js:13
[  289721ms] [LOG] [Fast Refresh] rebuilding @ webpack-internal:///(app-pages-browser)/./node_modules/next/dist/client/dev/hot-reloader/app/hot-reloader-app.js:196
[  289741ms] [LOG] [Fast Refresh] done in 20ms @ webpack-internal:///(app-pages-browser)/./node_modules/next/dist/client/dev/report-hmr-latency.js:13
[  289870ms] [LOG] [Fast Refresh] rebuilding @ webpack-internal:///(app-pages-browser)/./node_modules/next/dist/client/dev/hot-reloader/app/hot-reloader-app.js:196
[  289884ms] [LOG] [Fast Refresh] done in 15ms @ webpack-internal:///(app-pages-browser)/./node_modules/next/dist/client/dev/report-hmr-latency.js:13
[  290043ms] [LOG] [Fast Refresh] rebuilding @ webpack-internal:///(app-pages-browser)/./node_modules/next/dist/client/dev/hot-reloader/app/hot-reloader-app.js:196
[  290056ms] [LOG] [Fast Refresh] done in 13ms @ webpack-internal:///(app-pages-browser)/./node_modules/next/dist/client/dev/report-hmr-latency.js:13
[  290162ms] [LOG] [Fast Refresh] rebuilding @ webpack-internal:///(app-pages-browser)/./node_modules/next/dist/client/dev/hot-reloader/app/hot-reloader-app.js:196
[  290177ms] [LOG] [Fast Refresh] done in 16ms @ webpack-internal:///(app-pages-browser)/./node_modules/next/dist/client/dev/report-hmr-latency.js:13
[  290292ms] [LOG] [Fast Refresh] rebuilding @ webpack-internal:///(app-pages-browser)/./node_modules/next/dist/client/dev/hot-reloader/app/hot-reloader-app.js:196
[  290305ms] [LOG] [Fast Refresh] done in 14ms @ webpack-internal:///(app-pages-browser)/./node_modules/next/dist/client/dev/report-hmr-latency.js:13
[  290426ms] [LOG] [Fast Refresh] rebuilding @ webpack-internal:///(app-pages-browser)/./node_modules/next/dist/client/dev/hot-reloader/app/hot-reloader-app.js:196
[  290450ms] [LOG] [Fast Refresh] done in 24ms @ webpack-internal:///(app-pages-browser)/./node_modules/next/dist/client/dev/report-hmr-latency.js:13
[  290607ms] [LOG] [Fast Refresh] rebuilding @ webpack-internal:///(app-pages-browser)/./node_modules/next/dist/client/dev/hot-reloader/app/hot-reloader-app.js:196
[  290625ms] [LOG] [Fast Refresh] done in 18ms @ webpack-internal:///(app-pages-browser)/./node_modules/next/dist/client/dev/report-hmr-latency.js:13
[  290758ms] [LOG] [Fast Refresh] rebuilding @ webpack-internal:///(app-pages-browser)/./node_modules/next/dist/client/dev/hot-reloader/app/hot-reloader-app.js:196
[  290774ms] [LOG] [Fast Refresh] done in 15ms @ webpack-internal:///(app-pages-browser)/./node_modules/next/dist/client/dev/report-hmr-latency.js:13
[  290889ms] [LOG] [Fast Refresh] rebuilding @ webpack-internal:///(app-pages-browser)/./node_modules/next/dist/client/dev/hot-reloader/app/hot-reloader-app.js:196
[  290912ms] [LOG] [Fast Refresh] done in 23ms @ webpack-internal:///(app-pages-browser)/./node_modules/next/dist/client/dev/report-hmr-latency.js:13
[  291024ms] [LOG] [Fast Refresh] rebuilding @ webpack-internal:///(app-pages-browser)/./node_modules/next/dist/client/dev/hot-reloader/app/hot-reloader-app.js:196
[  291105ms] [LOG] [Fast Refresh] done in 82ms @ webpack-internal:///(app-pages-browser)/./node_modules/next/dist/client/dev/report-hmr-latency.js:13
[  291150ms] [LOG] [Fast Refresh] rebuilding @ webpack-internal:///(app-pages-browser)/./node_modules/next/dist/client/dev/hot-reloader/app/hot-reloader-app.js:196
[  291225ms] [LOG] [Fast Refresh] done in 75ms @ webpack-internal:///(app-pages-browser)/./node_modules/next/dist/client/dev/report-hmr-latency.js:13
[  291830ms] [LOG] [Fast Refresh] rebuilding @ webpack-internal:///(app-pages-browser)/./node_modules/next/dist/client/dev/hot-reloader/app/hot-reloader-app.js:196
[  292269ms] [LOG] [Fast Refresh] done in 439ms @ webpack-internal:///(app-pages-browser)/./node_modules/next/dist/client/dev/report-hmr-latency.js:13
[  292314ms] [LOG] [Fast Refresh] rebuilding @ webpack-internal:///(app-pages-browser)/./node_modules/next/dist/client/dev/hot-reloader/app/hot-reloader-app.js:196
[  292453ms] [LOG] [Fast Refresh] done in 138ms @ webpack-internal:///(app-pages-browser)/./node_modules/next/dist/client/dev/report-hmr-latency.js:13
[  292455ms] [LOG] [Fast Refresh] rebuilding @ webpack-internal:///(app-pages-browser)/./node_modules/next/dist/client/dev/hot-reloader/app/hot-reloader-app.js:196
[  292487ms] [LOG] [Fast Refresh] done in 33ms @ webpack-internal:///(app-pages-browser)/./node_modules/next/dist/client/dev/report-hmr-latency.js:13
[  292606ms] [LOG] [Fast Refresh] rebuilding @ webpack-internal:///(app-pages-browser)/./node_modules/next/dist/client/dev/hot-reloader/app/hot-reloader-app.js:196
[  292620ms] [LOG] [Fast Refresh] done in 14ms @ webpack-internal:///(app-pages-browser)/./node_modules/next/dist/client/dev/report-hmr-latency.js:13
[  292763ms] [LOG] [Fast Refresh] rebuilding @ webpack-internal:///(app-pages-browser)/./node_modules/next/dist/client/dev/hot-reloader/app/hot-reloader-app.js:196
[  292778ms] [LOG] [Fast Refresh] done in 15ms @ webpack-internal:///(app-pages-browser)/./node_modules/next/dist/client/dev/report-hmr-latency.js:13
[  292925ms] [LOG] [Fast Refresh] rebuilding @ webpack-internal:///(app-pages-browser)/./node_modules/next/dist/client/dev/hot-reloader/app/hot-reloader-app.js:196
[  292939ms] [LOG] [Fast Refresh] done in 14ms @ webpack-internal:///(app-pages-browser)/./node_modules/next/dist/client/dev/report-hmr-latency.js:13
[  293091ms] [LOG] [Fast Refresh] rebuilding @ webpack-internal:///(app-pages-browser)/./node_modules/next/dist/client/dev/hot-reloader/app/hot-reloader-app.js:196
[  293106ms] [LOG] [Fast Refresh] done in 15ms @ webpack-internal:///(app-pages-browser)/./node_modules/next/dist/client/dev/report-hmr-latency.js:13
[  293259ms] [LOG] [Fast Refresh] rebuilding @ webpack-internal:///(app-pages-browser)/./node_modules/next/dist/client/dev/hot-reloader/app/hot-reloader-app.js:196
[  293274ms] [LOG] [Fast Refresh] done in 16ms @ webpack-internal:///(app-pages-browser)/./node_modules/next/dist/client/dev/report-hmr-latency.js:13
[  293410ms] [LOG] [Fast Refresh] rebuilding @ webpack-internal:///(app-pages-browser)/./node_modules/next/dist/client/dev/hot-reloader/app/hot-reloader-app.js:196
[  293426ms] [LOG] [Fast Refresh] done in 16ms @ webpack-internal:///(app-pages-browser)/./node_modules/next/dist/client/dev/report-hmr-latency.js:13
[  293554ms] [LOG] [Fast Refresh] rebuilding @ webpack-internal:///(app-pages-browser)/./node_modules/next/dist/client/dev/hot-reloader/app/hot-reloader-app.js:196
[  293567ms] [LOG] [Fast Refresh] done in 13ms @ webpack-internal:///(app-pages-browser)/./node_modules/next/dist/client/dev/report-hmr-latency.js:13
[  293706ms] [LOG] [Fast Refresh] rebuilding @ webpack-internal:///(app-pages-browser)/./node_modules/next/dist/client/dev/hot-reloader/app/hot-reloader-app.js:196
[  293718ms] [LOG] [Fast Refresh] done in 12ms @ webpack-internal:///(app-pages-browser)/./node_modules/next/dist/client/dev/report-hmr-latency.js:13
[  293852ms] [LOG] [Fast Refresh] rebuilding @ webpack-internal:///(app-pages-browser)/./node_modules/next/dist/client/dev/hot-reloader/app/hot-reloader-app.js:196
[  293867ms] [LOG] [Fast Refresh] done in 14ms @ webpack-internal:///(app-pages-browser)/./node_modules/next/dist/client/dev/report-hmr-latency.js:13
[  294008ms] [LOG] [Fast Refresh] rebuilding @ webpack-internal:///(app-pages-browser)/./node_modules/next/dist/client/dev/hot-reloader/app/hot-reloader-app.js:196
[  294023ms] [LOG] [Fast Refresh] done in 14ms @ webpack-internal:///(app-pages-browser)/./node_modules/next/dist/client/dev/report-hmr-latency.js:13
[  294159ms] [LOG] [Fast Refresh] rebuilding @ webpack-internal:///(app-pages-browser)/./node_modules/next/dist/client/dev/hot-reloader/app/hot-reloader-app.js:196
[  294179ms] [LOG] [Fast Refresh] done in 19ms @ webpack-internal:///(app-pages-browser)/./node_modules/next/dist/client/dev/report-hmr-latency.js:13
[  294316ms] [LOG] [Fast Refresh] rebuilding @ webpack-internal:///(app-pages-browser)/./node_modules/next/dist/client/dev/hot-reloader/app/hot-reloader-app.js:196
[  294329ms] [LOG] [Fast Refresh] done in 13ms @ webpack-internal:///(app-pages-browser)/./node_modules/next/dist/client/dev/report-hmr-latency.js:13
[  294482ms] [LOG] [Fast Refresh] rebuilding @ webpack-internal:///(app-pages-browser)/./node_modules/next/dist/client/dev/hot-reloader/app/hot-reloader-app.js:196
[  294498ms] [LOG] [Fast Refresh] done in 17ms @ webpack-internal:///(app-pages-browser)/./node_modules/next/dist/client/dev/report-hmr-latency.js:13
[  294633ms] [LOG] [Fast Refresh] rebuilding @ webpack-internal:///(app-pages-browser)/./node_modules/next/dist/client/dev/hot-reloader/app/hot-reloader-app.js:196
[  294649ms] [LOG] [Fast Refresh] done in 17ms @ webpack-internal:///(app-pages-browser)/./node_modules/next/dist/client/dev/report-hmr-latency.js:13
[  294794ms] [LOG] [Fast Refresh] rebuilding @ webpack-internal:///(app-pages-browser)/./node_modules/next/dist/client/dev/hot-reloader/app/hot-reloader-app.js:196
[  294817ms] [LOG] [Fast Refresh] done in 22ms @ webpack-internal:///(app-pages-browser)/./node_modules/next/dist/client/dev/report-hmr-latency.js:13
[  294960ms] [LOG] [Fast Refresh] rebuilding @ webpack-internal:///(app-pages-browser)/./node_modules/next/dist/client/dev/hot-reloader/app/hot-reloader-app.js:196
[  294984ms] [LOG] [Fast Refresh] done in 23ms @ webpack-internal:///(app-pages-browser)/./node_modules/next/dist/client/dev/report-hmr-latency.js:13
[  295146ms] [LOG] [Fast Refresh] rebuilding @ webpack-internal:///(app-pages-browser)/./node_modules/next/dist/client/dev/hot-reloader/app/hot-reloader-app.js:196
[  295165ms] [LOG] [Fast Refresh] done in 18ms @ webpack-internal:///(app-pages-browser)/./node_modules/next/dist/client/dev/report-hmr-latency.js:13
[  295271ms] [LOG] [Fast Refresh] rebuilding @ webpack-internal:///(app-pages-browser)/./node_modules/next/dist/client/dev/hot-reloader/app/hot-reloader-app.js:196
[  295285ms] [LOG] [Fast Refresh] done in 14ms @ webpack-internal:///(app-pages-browser)/./node_modules/next/dist/client/dev/report-hmr-latency.js:13
[  295392ms] [LOG] [Fast Refresh] rebuilding @ webpack-internal:///(app-pages-browser)/./node_modules/next/dist/client/dev/hot-reloader/app/hot-reloader-app.js:196
[  295405ms] [LOG] [Fast Refresh] done in 13ms @ webpack-internal:///(app-pages-browser)/./node_modules/next/dist/client/dev/report-hmr-latency.js:13
[  295510ms] [LOG] [Fast Refresh] rebuilding @ webpack-internal:///(app-pages-browser)/./node_modules/next/dist/client/dev/hot-reloader/app/hot-reloader-app.js:196
[  295521ms] [LOG] [Fast Refresh] done in 11ms @ webpack-internal:///(app-pages-browser)/./node_modules/next/dist/client/dev/report-hmr-latency.js:13
[  295624ms] [LOG] [Fast Refresh] rebuilding @ webpack-internal:///(app-pages-browser)/./node_modules/next/dist/client/dev/hot-reloader/app/hot-reloader-app.js:196
[  295634ms] [LOG] [Fast Refresh] done in 11ms @ webpack-internal:///(app-pages-browser)/./node_modules/next/dist/client/dev/report-hmr-latency.js:13
[  295733ms] [LOG] [Fast Refresh] rebuilding @ webpack-internal:///(app-pages-browser)/./node_modules/next/dist/client/dev/hot-reloader/app/hot-reloader-app.js:196
[  295746ms] [LOG] [Fast Refresh] done in 13ms @ webpack-internal:///(app-pages-browser)/./node_modules/next/dist/client/dev/report-hmr-latency.js:13
[  295840ms] [LOG] [Fast Refresh] rebuilding @ webpack-internal:///(app-pages-browser)/./node_modules/next/dist/client/dev/hot-reloader/app/hot-reloader-app.js:196
[  295854ms] [LOG] [Fast Refresh] done in 14ms @ webpack-internal:///(app-pages-browser)/./node_modules/next/dist/client/dev/report-hmr-latency.js:13
[  295959ms] [LOG] [Fast Refresh] rebuilding @ webpack-internal:///(app-pages-browser)/./node_modules/next/dist/client/dev/hot-reloader/app/hot-reloader-app.js:196
[  295972ms] [LOG] [Fast Refresh] done in 14ms @ webpack-internal:///(app-pages-browser)/./node_modules/next/dist/client/dev/report-hmr-latency.js:13
[  296102ms] [LOG] [Fast Refresh] rebuilding @ webpack-internal:///(app-pages-browser)/./node_modules/next/dist/client/dev/hot-reloader/app/hot-reloader-app.js:196
[  296117ms] [LOG] [Fast Refresh] done in 15ms @ webpack-internal:///(app-pages-browser)/./node_modules/next/dist/client/dev/report-hmr-latency.js:13
[  296226ms] [LOG] [Fast Refresh] rebuilding @ webpack-internal:///(app-pages-browser)/./node_modules/next/dist/client/dev/hot-reloader/app/hot-reloader-app.js:196
[  296240ms] [LOG] [Fast Refresh] done in 14ms @ webpack-internal:///(app-pages-browser)/./node_modules/next/dist/client/dev/report-hmr-latency.js:13
[  296341ms] [LOG] [Fast Refresh] rebuilding @ webpack-internal:///(app-pages-browser)/./node_modules/next/dist/client/dev/hot-reloader/app/hot-reloader-app.js:196
[  296355ms] [LOG] [Fast Refresh] done in 15ms @ webpack-internal:///(app-pages-browser)/./node_modules/next/dist/client/dev/report-hmr-latency.js:13
[  296464ms] [LOG] [Fast Refresh] rebuilding @ webpack-internal:///(app-pages-browser)/./node_modules/next/dist/client/dev/hot-reloader/app/hot-reloader-app.js:196
[  296476ms] [LOG] [Fast Refresh] done in 12ms @ webpack-internal:///(app-pages-browser)/./node_modules/next/dist/client/dev/report-hmr-latency.js:13
[  296585ms] [LOG] [Fast Refresh] rebuilding @ webpack-internal:///(app-pages-browser)/./node_modules/next/dist/client/dev/hot-reloader/app/hot-reloader-app.js:196
[  296599ms] [LOG] [Fast Refresh] done in 14ms @ webpack-internal:///(app-pages-browser)/./node_modules/next/dist/client/dev/report-hmr-latency.js:13
[  296704ms] [LOG] [Fast Refresh] rebuilding @ webpack-internal:///(app-pages-browser)/./node_modules/next/dist/client/dev/hot-reloader/app/hot-reloader-app.js:196
[  296716ms] [LOG] [Fast Refresh] done in 13ms @ webpack-internal:///(app-pages-browser)/./node_modules/next/dist/client/dev/report-hmr-latency.js:13
[  296820ms] [LOG] [Fast Refresh] rebuilding @ webpack-internal:///(app-pages-browser)/./node_modules/next/dist/client/dev/hot-reloader/app/hot-reloader-app.js:196
[  296835ms] [LOG] [Fast Refresh] done in 15ms @ webpack-internal:///(app-pages-browser)/./node_modules/next/dist/client/dev/report-hmr-latency.js:13
[  296940ms] [LOG] [Fast Refresh] rebuilding @ webpack-internal:///(app-pages-browser)/./node_modules/next/dist/client/dev/hot-reloader/app/hot-reloader-app.js:196
[  296952ms] [LOG] [Fast Refresh] done in 12ms @ webpack-internal:///(app-pages-browser)/./node_modules/next/dist/client/dev/report-hmr-latency.js:13
[  297062ms] [LOG] [Fast Refresh] rebuilding @ webpack-internal:///(app-pages-browser)/./node_modules/next/dist/client/dev/hot-reloader/app/hot-reloader-app.js:196
[  297080ms] [LOG] [Fast Refresh] done in 18ms @ webpack-internal:///(app-pages-browser)/./node_modules/next/dist/client/dev/report-hmr-latency.js:13
[  297184ms] [LOG] [Fast Refresh] rebuilding @ webpack-internal:///(app-pages-browser)/./node_modules/next/dist/client/dev/hot-reloader/app/hot-reloader-app.js:196
[  297199ms] [LOG] [Fast Refresh] done in 15ms @ webpack-internal:///(app-pages-browser)/./node_modules/next/dist/client/dev/report-hmr-latency.js:13
[  297310ms] [LOG] [Fast Refresh] rebuilding @ webpack-internal:///(app-pages-browser)/./node_modules/next/dist/client/dev/hot-reloader/app/hot-reloader-app.js:196
[  297325ms] [LOG] [Fast Refresh] done in 16ms @ webpack-internal:///(app-pages-browser)/./node_modules/next/dist/client/dev/report-hmr-latency.js:13
[  297452ms] [LOG] [Fast Refresh] rebuilding @ webpack-internal:///(app-pages-browser)/./node_modules/next/dist/client/dev/hot-reloader/app/hot-reloader-app.js:196
[  297469ms] [LOG] [Fast Refresh] done in 18ms @ webpack-internal:///(app-pages-browser)/./node_modules/next/dist/client/dev/report-hmr-latency.js:13
[  297622ms] [LOG] [Fast Refresh] rebuilding @ webpack-internal:///(app-pages-browser)/./node_modules/next/dist/client/dev/hot-reloader/app/hot-reloader-app.js:196
[  297637ms] [LOG] [Fast Refresh] done in 16ms @ webpack-internal:///(app-pages-browser)/./node_modules/next/dist/client/dev/report-hmr-latency.js:13
[  297745ms] [LOG] [Fast Refresh] rebuilding @ webpack-internal:///(app-pages-browser)/./node_modules/next/dist/client/dev/hot-reloader/app/hot-reloader-app.js:196
[  297761ms] [LOG] [Fast Refresh] done in 16ms @ webpack-internal:///(app-pages-browser)/./node_modules/next/dist/client/dev/report-hmr-latency.js:13
[  297887ms] [LOG] [Fast Refresh] rebuilding @ webpack-internal:///(app-pages-browser)/./node_modules/next/dist/client/dev/hot-reloader/app/hot-reloader-app.js:196
[  297898ms] [LOG] [Fast Refresh] done in 10ms @ webpack-internal:///(app-pages-browser)/./node_modules/next/dist/client/dev/report-hmr-latency.js:13
[  298014ms] [LOG] [Fast Refresh] rebuilding @ webpack-internal:///(app-pages-browser)/./node_modules/next/dist/client/dev/hot-reloader/app/hot-reloader-app.js:196
[  298028ms] [LOG] [Fast Refresh] done in 15ms @ webpack-internal:///(app-pages-browser)/./node_modules/next/dist/client/dev/report-hmr-latency.js:13
[  298136ms] [LOG] [Fast Refresh] rebuilding @ webpack-internal:///(app-pages-browser)/./node_modules/next/dist/client/dev/hot-reloader/app/hot-reloader-app.js:196
[  298152ms] [LOG] [Fast Refresh] done in 16ms @ webpack-internal:///(app-pages-browser)/./node_modules/next/dist/client/dev/report-hmr-latency.js:13
[  298271ms] [LOG] [Fast Refresh] rebuilding @ webpack-internal:///(app-pages-browser)/./node_modules/next/dist/client/dev/hot-reloader/app/hot-reloader-app.js:196
[  298285ms] [LOG] [Fast Refresh] done in 15ms @ webpack-internal:///(app-pages-browser)/./node_modules/next/dist/client/dev/report-hmr-latency.js:13
[  298395ms] [LOG] [Fast Refresh] rebuilding @ webpack-internal:///(app-pages-browser)/./node_modules/next/dist/client/dev/hot-reloader/app/hot-reloader-app.js:196
[  298407ms] [LOG] [Fast Refresh] done in 12ms @ webpack-internal:///(app-pages-browser)/./node_modules/next/dist/client/dev/report-hmr-latency.js:13
[  298515ms] [LOG] [Fast Refresh] rebuilding @ webpack-internal:///(app-pages-browser)/./node_modules/next/dist/client/dev/hot-reloader/app/hot-reloader-app.js:196
[  298530ms] [LOG] [Fast Refresh] done in 14ms @ webpack-internal:///(app-pages-browser)/./node_modules/next/dist/client/dev/report-hmr-latency.js:13
[  298633ms] [LOG] [Fast Refresh] rebuilding @ webpack-internal:///(app-pages-browser)/./node_modules/next/dist/client/dev/hot-reloader/app/hot-reloader-app.js:196
[  298647ms] [LOG] [Fast Refresh] done in 14ms @ webpack-internal:///(app-pages-browser)/./node_modules/next/dist/client/dev/report-hmr-latency.js:13
[  298743ms] [LOG] [Fast Refresh] rebuilding @ webpack-internal:///(app-pages-browser)/./node_modules/next/dist/client/dev/hot-reloader/app/hot-reloader-app.js:196
[  298757ms] [LOG] [Fast Refresh] done in 13ms @ webpack-internal:///(app-pages-browser)/./node_modules/next/dist/client/dev/report-hmr-latency.js:13
[  298862ms] [LOG] [Fast Refresh] rebuilding @ webpack-internal:///(app-pages-browser)/./node_modules/next/dist/client/dev/hot-reloader/app/hot-reloader-app.js:196
[  298877ms] [LOG] [Fast Refresh] done in 15ms @ webpack-internal:///(app-pages-browser)/./node_modules/next/dist/client/dev/report-hmr-latency.js:13
[  298979ms] [LOG] [Fast Refresh] rebuilding @ webpack-internal:///(app-pages-browser)/./node_modules/next/dist/client/dev/hot-reloader/app/hot-reloader-app.js:196
[  298995ms] [LOG] [Fast Refresh] done in 17ms @ webpack-internal:///(app-pages-browser)/./node_modules/next/dist/client/dev/report-hmr-latency.js:13
[  299100ms] [LOG] [Fast Refresh] rebuilding @ webpack-internal:///(app-pages-browser)/./node_modules/next/dist/client/dev/hot-reloader/app/hot-reloader-app.js:196
[  299113ms] [LOG] [Fast Refresh] done in 14ms @ webpack-internal:///(app-pages-browser)/./node_modules/next/dist/client/dev/report-hmr-latency.js:13
[  299214ms] [LOG] [Fast Refresh] rebuilding @ webpack-internal:///(app-pages-browser)/./node_modules/next/dist/client/dev/hot-reloader/app/hot-reloader-app.js:196
[  299236ms] [LOG] [Fast Refresh] done in 23ms @ webpack-internal:///(app-pages-browser)/./node_modules/next/dist/client/dev/report-hmr-latency.js:13
[  299331ms] [LOG] [Fast Refresh] rebuilding @ webpack-internal:///(app-pages-browser)/./node_modules/next/dist/client/dev/hot-reloader/app/hot-reloader-app.js:196
[  299347ms] [LOG] [Fast Refresh] done in 15ms @ webpack-internal:///(app-pages-browser)/./node_modules/next/dist/client/dev/report-hmr-latency.js:13
[  299447ms] [LOG] [Fast Refresh] rebuilding @ webpack-internal:///(app-pages-browser)/./node_modules/next/dist/client/dev/hot-reloader/app/hot-reloader-app.js:196
[  299462ms] [LOG] [Fast Refresh] done in 14ms @ webpack-internal:///(app-pages-browser)/./node_modules/next/dist/client/dev/report-hmr-latency.js:13
[  299569ms] [LOG] [Fast Refresh] rebuilding @ webpack-internal:///(app-pages-browser)/./node_modules/next/dist/client/dev/hot-reloader/app/hot-reloader-app.js:196
[  299583ms] [LOG] [Fast Refresh] done in 14ms @ webpack-internal:///(app-pages-browser)/./node_modules/next/dist/client/dev/report-hmr-latency.js:13
[  299683ms] [LOG] [Fast Refresh] rebuilding @ webpack-internal:///(app-pages-browser)/./node_modules/next/dist/client/dev/hot-reloader/app/hot-reloader-app.js:196
[  299699ms] [LOG] [Fast Refresh] done in 16ms @ webpack-internal:///(app-pages-browser)/./node_modules/next/dist/client/dev/report-hmr-latency.js:13
[  299823ms] [LOG] [Fast Refresh] rebuilding @ webpack-internal:///(app-pages-browser)/./node_modules/next/dist/client/dev/hot-reloader/app/hot-reloader-app.js:196
[  299869ms] [LOG] [Fast Refresh] done in 47ms @ webpack-internal:///(app-pages-browser)/./node_modules/next/dist/client/dev/report-hmr-latency.js:13
[  299980ms] [LOG] [Fast Refresh] rebuilding @ webpack-internal:///(app-pages-browser)/./node_modules/next/dist/client/dev/hot-reloader/app/hot-reloader-app.js:196
[  299999ms] [LOG] [Fast Refresh] done in 18ms @ webpack-internal:///(app-pages-browser)/./node_modules/next/dist/client/dev/report-hmr-latency.js:13
[  300098ms] [LOG] [Fast Refresh] rebuilding @ webpack-internal:///(app-pages-browser)/./node_modules/next/dist/client/dev/hot-reloader/app/hot-reloader-app.js:196
[  300126ms] [LOG] [Fast Refresh] done in 29ms @ webpack-internal:///(app-pages-browser)/./node_modules/next/dist/client/dev/report-hmr-latency.js:13
[  300215ms] [LOG] [Fast Refresh] rebuilding @ webpack-internal:///(app-pages-browser)/./node_modules/next/dist/client/dev/hot-reloader/app/hot-reloader-app.js:196
[  300226ms] [LOG] [Fast Refresh] done in 11ms @ webpack-internal:///(app-pages-browser)/./node_modules/next/dist/client/dev/report-hmr-latency.js:13
[  300329ms] [LOG] [Fast Refresh] rebuilding @ webpack-internal:///(app-pages-browser)/./node_modules/next/dist/client/dev/hot-reloader/app/hot-reloader-app.js:196
[  300343ms] [LOG] [Fast Refresh] done in 13ms @ webpack-internal:///(app-pages-browser)/./node_modules/next/dist/client/dev/report-hmr-latency.js:13
[  300439ms] [LOG] [Fast Refresh] rebuilding @ webpack-internal:///(app-pages-browser)/./node_modules/next/dist/client/dev/hot-reloader/app/hot-reloader-app.js:196
[  300452ms] [LOG] [Fast Refresh] done in 13ms @ webpack-internal:///(app-pages-browser)/./node_modules/next/dist/client/dev/report-hmr-latency.js:13
[  300556ms] [LOG] [Fast Refresh] rebuilding @ webpack-internal:///(app-pages-browser)/./node_modules/next/dist/client/dev/hot-reloader/app/hot-reloader-app.js:196
[  300570ms] [LOG] [Fast Refresh] done in 13ms @ webpack-internal:///(app-pages-browser)/./node_modules/next/dist/client/dev/report-hmr-latency.js:13
[  300672ms] [LOG] [Fast Refresh] rebuilding @ webpack-internal:///(app-pages-browser)/./node_modules/next/dist/client/dev/hot-reloader/app/hot-reloader-app.js:196
[  300685ms] [LOG] [Fast Refresh] done in 14ms @ webpack-internal:///(app-pages-browser)/./node_modules/next/dist/client/dev/report-hmr-latency.js:13
[  300779ms] [LOG] [Fast Refresh] rebuilding @ webpack-internal:///(app-pages-browser)/./node_modules/next/dist/client/dev/hot-reloader/app/hot-reloader-app.js:196
[  300794ms] [LOG] [Fast Refresh] done in 15ms @ webpack-internal:///(app-pages-browser)/./node_modules/next/dist/client/dev/report-hmr-latency.js:13
[  300886ms] [LOG] [Fast Refresh] rebuilding @ webpack-internal:///(app-pages-browser)/./node_modules/next/dist/client/dev/hot-reloader/app/hot-reloader-app.js:196
[  300899ms] [LOG] [Fast Refresh] done in 12ms @ webpack-internal:///(app-pages-browser)/./node_modules/next/dist/client/dev/report-hmr-latency.js:13
[  300997ms] [LOG] [Fast Refresh] rebuilding @ webpack-internal:///(app-pages-browser)/./node_modules/next/dist/client/dev/hot-reloader/app/hot-reloader-app.js:196
[  301009ms] [LOG] [Fast Refresh] done in 11ms @ webpack-internal:///(app-pages-browser)/./node_modules/next/dist/client/dev/report-hmr-latency.js:13
[  301108ms] [LOG] [Fast Refresh] rebuilding @ webpack-internal:///(app-pages-browser)/./node_modules/next/dist/client/dev/hot-reloader/app/hot-reloader-app.js:196
[  301123ms] [LOG] [Fast Refresh] done in 15ms @ webpack-internal:///(app-pages-browser)/./node_modules/next/dist/client/dev/report-hmr-latency.js:13
[  301220ms] [LOG] [Fast Refresh] rebuilding @ webpack-internal:///(app-pages-browser)/./node_modules/next/dist/client/dev/hot-reloader/app/hot-reloader-app.js:196
[  301234ms] [LOG] [Fast Refresh] done in 15ms @ webpack-internal:///(app-pages-browser)/./node_modules/next/dist/client/dev/report-hmr-latency.js:13
[  301334ms] [LOG] [Fast Refresh] rebuilding @ webpack-internal:///(app-pages-browser)/./node_modules/next/dist/client/dev/hot-reloader/app/hot-reloader-app.js:196
[  301351ms] [LOG] [Fast Refresh] done in 16ms @ webpack-internal:///(app-pages-browser)/./node_modules/next/dist/client/dev/report-hmr-latency.js:13
[  301451ms] [LOG] [Fast Refresh] rebuilding @ webpack-internal:///(app-pages-browser)/./node_modules/next/dist/client/dev/hot-reloader/app/hot-reloader-app.js:196
[  301471ms] [LOG] [Fast Refresh] done in 20ms @ webpack-internal:///(app-pages-browser)/./node_modules/next/dist/client/dev/report-hmr-latency.js:13
[  301579ms] [LOG] [Fast Refresh] rebuilding @ webpack-internal:///(app-pages-browser)/./node_modules/next/dist/client/dev/hot-reloader/app/hot-reloader-app.js:196
[  301592ms] [LOG] [Fast Refresh] done in 13ms @ webpack-internal:///(app-pages-browser)/./node_modules/next/dist/client/dev/report-hmr-latency.js:13
[  301698ms] [LOG] [Fast Refresh] rebuilding @ webpack-internal:///(app-pages-browser)/./node_modules/next/dist/client/dev/hot-reloader/app/hot-reloader-app.js:196
[  301711ms] [LOG] [Fast Refresh] done in 12ms @ webpack-internal:///(app-pages-browser)/./node_modules/next/dist/client/dev/report-hmr-latency.js:13
[  301985ms] [LOG] [Fast Refresh] rebuilding @ webpack-internal:///(app-pages-browser)/./node_modules/next/dist/client/dev/hot-reloader/app/hot-reloader-app.js:196
[  302148ms] [LOG] [Fast Refresh] done in 164ms @ webpack-internal:///(app-pages-browser)/./node_modules/next/dist/client/dev/report-hmr-latency.js:13
[  302255ms] [LOG] [Fast Refresh] rebuilding @ webpack-internal:///(app-pages-browser)/./node_modules/next/dist/client/dev/hot-reloader/app/hot-reloader-app.js:196
[  303016ms] [LOG] [Fast Refresh] done in 760ms @ webpack-internal:///(app-pages-browser)/./node_modules/next/dist/client/dev/report-hmr-latency.js:13
[  303018ms] [LOG] [Fast Refresh] rebuilding @ webpack-internal:///(app-pages-browser)/./node_modules/next/dist/client/dev/hot-reloader/app/hot-reloader-app.js:196
[  303078ms] [LOG] [Fast Refresh] done in 60ms @ webpack-internal:///(app-pages-browser)/./node_modules/next/dist/client/dev/report-hmr-latency.js:13
[  303082ms] [LOG] [Fast Refresh] rebuilding @ webpack-internal:///(app-pages-browser)/./node_modules/next/dist/client/dev/hot-reloader/app/hot-reloader-app.js:196
[  303117ms] [LOG] [Fast Refresh] done in 35ms @ webpack-internal:///(app-pages-browser)/./node_modules/next/dist/client/dev/report-hmr-latency.js:13
[  303262ms] [LOG] [Fast Refresh] rebuilding @ webpack-internal:///(app-pages-browser)/./node_modules/next/dist/client/dev/hot-reloader/app/hot-reloader-app.js:196
[  303279ms] [LOG] [Fast Refresh] done in 17ms @ webpack-internal:///(app-pages-browser)/./node_modules/next/dist/client/dev/report-hmr-latency.js:13
[  303414ms] [LOG] [Fast Refresh] rebuilding @ webpack-internal:///(app-pages-browser)/./node_modules/next/dist/client/dev/hot-reloader/app/hot-reloader-app.js:196
[  303428ms] [LOG] [Fast Refresh] done in 13ms @ webpack-internal:///(app-pages-browser)/./node_modules/next/dist/client/dev/report-hmr-latency.js:13
[  303553ms] [LOG] [Fast Refresh] rebuilding @ webpack-internal:///(app-pages-browser)/./node_modules/next/dist/client/dev/hot-reloader/app/hot-reloader-app.js:196
[  303566ms] [LOG] [Fast Refresh] done in 13ms @ webpack-internal:///(app-pages-browser)/./node_modules/next/dist/client/dev/report-hmr-latency.js:13
[  303696ms] [LOG] [Fast Refresh] rebuilding @ webpack-internal:///(app-pages-browser)/./node_modules/next/dist/client/dev/hot-reloader/app/hot-reloader-app.js:196
[  303711ms] [LOG] [Fast Refresh] done in 16ms @ webpack-internal:///(app-pages-browser)/./node_modules/next/dist/client/dev/report-hmr-latency.js:13
[  303828ms] [LOG] [Fast Refresh] rebuilding @ webpack-internal:///(app-pages-browser)/./node_modules/next/dist/client/dev/hot-reloader/app/hot-reloader-app.js:196
[  303840ms] [LOG] [Fast Refresh] done in 12ms @ webpack-internal:///(app-pages-browser)/./node_modules/next/dist/client/dev/report-hmr-latency.js:13
[  303959ms] [LOG] [Fast Refresh] rebuilding @ webpack-internal:///(app-pages-browser)/./node_modules/next/dist/client/dev/hot-reloader/app/hot-reloader-app.js:196
[  303973ms] [LOG] [Fast Refresh] done in 14ms @ webpack-internal:///(app-pages-browser)/./node_modules/next/dist/client/dev/report-hmr-latency.js:13
[  304106ms] [LOG] [Fast Refresh] rebuilding @ webpack-internal:///(app-pages-browser)/./node_modules/next/dist/client/dev/hot-reloader/app/hot-reloader-app.js:196
[  304135ms] [LOG] [Fast Refresh] done in 30ms @ webpack-internal:///(app-pages-browser)/./node_modules/next/dist/client/dev/report-hmr-latency.js:13
[  304253ms] [LOG] [Fast Refresh] rebuilding @ webpack-internal:///(app-pages-browser)/./node_modules/next/dist/client/dev/hot-reloader/app/hot-reloader-app.js:196
[  304266ms] [LOG] [Fast Refresh] done in 13ms @ webpack-internal:///(app-pages-browser)/./node_modules/next/dist/client/dev/report-hmr-latency.js:13
[  304380ms] [LOG] [Fast Refresh] rebuilding @ webpack-internal:///(app-pages-browser)/./node_modules/next/dist/client/dev/hot-reloader/app/hot-reloader-app.js:196
[  304394ms] [LOG] [Fast Refresh] done in 13ms @ webpack-internal:///(app-pages-browser)/./node_modules/next/dist/client/dev/report-hmr-latency.js:13
[  304513ms] [LOG] [Fast Refresh] rebuilding @ webpack-internal:///(app-pages-browser)/./node_modules/next/dist/client/dev/hot-reloader/app/hot-reloader-app.js:196
[  304530ms] [LOG] [Fast Refresh] done in 17ms @ webpack-internal:///(app-pages-browser)/./node_modules/next/dist/client/dev/report-hmr-latency.js:13
[  304647ms] [LOG] [Fast Refresh] rebuilding @ webpack-internal:///(app-pages-browser)/./node_modules/next/dist/client/dev/hot-reloader/app/hot-reloader-app.js:196
[  304664ms] [LOG] [Fast Refresh] done in 18ms @ webpack-internal:///(app-pages-browser)/./node_modules/next/dist/client/dev/report-hmr-latency.js:13
[  304779ms] [LOG] [Fast Refresh] rebuilding @ webpack-internal:///(app-pages-browser)/./node_modules/next/dist/client/dev/hot-reloader/app/hot-reloader-app.js:196
[  304852ms] [LOG] [Fast Refresh] done in 73ms @ webpack-internal:///(app-pages-browser)/./node_modules/next/dist/client/dev/report-hmr-latency.js:13
[  305340ms] [LOG] [Fast Refresh] rebuilding @ webpack-internal:///(app-pages-browser)/./node_modules/next/dist/client/dev/hot-reloader/app/hot-reloader-app.js:196
[  305805ms] [LOG] [Fast Refresh] done in 464ms @ webpack-internal:///(app-pages-browser)/./node_modules/next/dist/client/dev/report-hmr-latency.js:13
[  306069ms] [LOG] [Fast Refresh] rebuilding @ webpack-internal:///(app-pages-browser)/./node_modules/next/dist/client/dev/hot-reloader/app/hot-reloader-app.js:196
[  306087ms] [LOG] [Fast Refresh] done in 18ms @ webpack-internal:///(app-pages-browser)/./node_modules/next/dist/client/dev/report-hmr-latency.js:13
[  306094ms] [LOG] [Fast Refresh] rebuilding @ webpack-internal:///(app-pages-browser)/./node_modules/next/dist/client/dev/hot-reloader/app/hot-reloader-app.js:196
[  306249ms] [LOG] [Fast Refresh] done in 156ms @ webpack-internal:///(app-pages-browser)/./node_modules/next/dist/client/dev/report-hmr-latency.js:13
[  306251ms] [LOG] [Fast Refresh] rebuilding @ webpack-internal:///(app-pages-browser)/./node_modules/next/dist/client/dev/hot-reloader/app/hot-reloader-app.js:196
[  306454ms] [LOG] [Fast Refresh] done in 202ms @ webpack-internal:///(app-pages-browser)/./node_modules/next/dist/client/dev/report-hmr-latency.js:13
[  306466ms] [LOG] [Fast Refresh] rebuilding @ webpack-internal:///(app-pages-browser)/./node_modules/next/dist/client/dev/hot-reloader/app/hot-reloader-app.js:196
[  306480ms] [LOG] [Fast Refresh] done in 14ms @ webpack-internal:///(app-pages-browser)/./node_modules/next/dist/client/dev/report-hmr-latency.js:13
[  306622ms] [LOG] [Fast Refresh] rebuilding @ webpack-internal:///(app-pages-browser)/./node_modules/next/dist/client/dev/hot-reloader/app/hot-reloader-app.js:196
[  306651ms] [LOG] [Fast Refresh] done in 30ms @ webpack-internal:///(app-pages-browser)/./node_modules/next/dist/client/dev/report-hmr-latency.js:13
[  306785ms] [LOG] [Fast Refresh] rebuilding @ webpack-internal:///(app-pages-browser)/./node_modules/next/dist/client/dev/hot-reloader/app/hot-reloader-app.js:196
[  306803ms] [LOG] [Fast Refresh] done in 19ms @ webpack-internal:///(app-pages-browser)/./node_modules/next/dist/client/dev/report-hmr-latency.js:13
[  307247ms] [LOG] [Fast Refresh] done in 463ms @ webpack-internal:///(app-pages-browser)/./node_modules/next/dist/client/dev/report-hmr-latency.js:13
[  307255ms] [LOG] [Fast Refresh] rebuilding @ webpack-internal:///(app-pages-browser)/./node_modules/next/dist/client/dev/hot-reloader/app/hot-reloader-app.js:196
[  307740ms] [LOG] [Fast Refresh] done in 485ms @ webpack-internal:///(app-pages-browser)/./node_modules/next/dist/client/dev/report-hmr-latency.js:13
[  307743ms] [LOG] [Fast Refresh] rebuilding @ webpack-internal:///(app-pages-browser)/./node_modules/next/dist/client/dev/hot-reloader/app/hot-reloader-app.js:196
[  308211ms] [WARNING] Image with src "/images/peeps/all-peeps.png" has "fill" and a height value of 0. This is likely because the parent element of the image has not been styled to have a set height. @ webpack-internal:///(app-pages-browser)/./node_modules/next/dist/shared/lib/utils/warn-once.js:15
[  308390ms] [LOG] [Fast Refresh] rebuilding @ webpack-internal:///(app-pages-browser)/./node_modules/next/dist/client/dev/hot-reloader/app/hot-reloader-app.js:196
[  308584ms] [LOG] [Fast Refresh] done in 194ms @ webpack-internal:///(app-pages-browser)/./node_modules/next/dist/client/dev/report-hmr-latency.js:13
[  308705ms] [LOG] [Fast Refresh] rebuilding @ webpack-internal:///(app-pages-browser)/./node_modules/next/dist/client/dev/hot-reloader/app/hot-reloader-app.js:196
[  308723ms] [LOG] [Fast Refresh] done in 17ms @ webpack-internal:///(app-pages-browser)/./node_modules/next/dist/client/dev/report-hmr-latency.js:13
[  308935ms] [LOG] [Fast Refresh] rebuilding @ webpack-internal:///(app-pages-browser)/./node_modules/next/dist/client/dev/hot-reloader/app/hot-reloader-app.js:196
[  308951ms] [LOG] [Fast Refresh] done in 15ms @ webpack-internal:///(app-pages-browser)/./node_modules/next/dist/client/dev/report-hmr-latency.js:13
[  309169ms] [LOG] [Fast Refresh] rebuilding @ webpack-internal:///(app-pages-browser)/./node_modules/next/dist/client/dev/hot-reloader/app/hot-reloader-app.js:196
[  309188ms] [LOG] [Fast Refresh] done in 19ms @ webpack-internal:///(app-pages-browser)/./node_modules/next/dist/client/dev/report-hmr-latency.js:13
[  309363ms] [LOG] [Fast Refresh] rebuilding @ webpack-internal:///(app-pages-browser)/./node_modules/next/dist/client/dev/hot-reloader/app/hot-reloader-app.js:196
[  309381ms] [LOG] [Fast Refresh] done in 18ms @ webpack-internal:///(app-pages-browser)/./node_modules/next/dist/client/dev/report-hmr-latency.js:13
[  309553ms] [LOG] [Fast Refresh] rebuilding @ webpack-internal:///(app-pages-browser)/./node_modules/next/dist/client/dev/hot-reloader/app/hot-reloader-app.js:196
[  309569ms] [LOG] [Fast Refresh] done in 17ms @ webpack-internal:///(app-pages-browser)/./node_modules/next/dist/client/dev/report-hmr-latency.js:13
[  309770ms] [LOG] [Fast Refresh] rebuilding @ webpack-internal:///(app-pages-browser)/./node_modules/next/dist/client/dev/hot-reloader/app/hot-reloader-app.js:196
[  309790ms] [LOG] [Fast Refresh] done in 19ms @ webpack-internal:///(app-pages-browser)/./node_modules/next/dist/client/dev/report-hmr-latency.js:13
[  310003ms] [LOG] [Fast Refresh] rebuilding @ webpack-internal:///(app-pages-browser)/./node_modules/next/dist/client/dev/hot-reloader/app/hot-reloader-app.js:196
[  310022ms] [LOG] [Fast Refresh] done in 20ms @ webpack-internal:///(app-pages-browser)/./node_modules/next/dist/client/dev/report-hmr-latency.js:13
[  310188ms] [LOG] [Fast Refresh] rebuilding @ webpack-internal:///(app-pages-browser)/./node_modules/next/dist/client/dev/hot-reloader/app/hot-reloader-app.js:196
[  310207ms] [LOG] [Fast Refresh] done in 19ms @ webpack-internal:///(app-pages-browser)/./node_modules/next/dist/client/dev/report-hmr-latency.js:13
[  310384ms] [LOG] [Fast Refresh] rebuilding @ webpack-internal:///(app-pages-browser)/./node_modules/next/dist/client/dev/hot-reloader/app/hot-reloader-app.js:196
[  310400ms] [LOG] [Fast Refresh] done in 15ms @ webpack-internal:///(app-pages-browser)/./node_modules/next/dist/client/dev/report-hmr-latency.js:13
[  310629ms] [LOG] [Fast Refresh] rebuilding @ webpack-internal:///(app-pages-browser)/./node_modules/next/dist/client/dev/hot-reloader/app/hot-reloader-app.js:196
[  311501ms] [LOG] [Fast Refresh] done in 872ms @ webpack-internal:///(app-pages-browser)/./node_modules/next/dist/client/dev/report-hmr-latency.js:13
[  311686ms] [LOG] [Fast Refresh] rebuilding @ webpack-internal:///(app-pages-browser)/./node_modules/next/dist/client/dev/hot-reloader/app/hot-reloader-app.js:196
[  311714ms] [LOG] [Fast Refresh] done in 29ms @ webpack-internal:///(app-pages-browser)/./node_modules/next/dist/client/dev/report-hmr-latency.js:13
[  311949ms] [LOG] [Fast Refresh] rebuilding @ webpack-internal:///(app-pages-browser)/./node_modules/next/dist/client/dev/hot-reloader/app/hot-reloader-app.js:196
[  311969ms] [LOG] [Fast Refresh] done in 20ms @ webpack-internal:///(app-pages-browser)/./node_modules/next/dist/client/dev/report-hmr-latency.js:13
[  312149ms] [LOG] [Fast Refresh] rebuilding @ webpack-internal:///(app-pages-browser)/./node_modules/next/dist/client/dev/hot-reloader/app/hot-reloader-app.js:196
[  312166ms] [LOG] [Fast Refresh] done in 16ms @ webpack-internal:///(app-pages-browser)/./node_modules/next/dist/client/dev/report-hmr-latency.js:13
[  312532ms] [LOG] [Fast Refresh] rebuilding @ webpack-internal:///(app-pages-browser)/./node_modules/next/dist/client/dev/hot-reloader/app/hot-reloader-app.js:196
[  312881ms] [LOG] [Fast Refresh] done in 349ms @ webpack-internal:///(app-pages-browser)/./node_modules/next/dist/client/dev/report-hmr-latency.js:13
[  313290ms] [LOG] [Fast Refresh] rebuilding @ webpack-internal:///(app-pages-browser)/./node_modules/next/dist/client/dev/hot-reloader/app/hot-reloader-app.js:196
[  313345ms] [LOG] [Fast Refresh] done in 55ms @ webpack-internal:///(app-pages-browser)/./node_modules/next/dist/client/dev/report-hmr-latency.js:13
[  313729ms] [LOG] [Fast Refresh] rebuilding @ webpack-internal:///(app-pages-browser)/./node_modules/next/dist/client/dev/hot-reloader/app/hot-reloader-app.js:196
[  313758ms] [LOG] [Fast Refresh] done in 29ms @ webpack-internal:///(app-pages-browser)/./node_modules/next/dist/client/dev/report-hmr-latency.js:13
[  314297ms] [LOG] [Fast Refresh] rebuilding @ webpack-internal:///(app-pages-browser)/./node_modules/next/dist/client/dev/hot-reloader/app/hot-reloader-app.js:196
[  314563ms] [LOG] [Fast Refresh] done in 266ms @ webpack-internal:///(app-pages-browser)/./node_modules/next/dist/client/dev/report-hmr-latency.js:13
[  315997ms] [LOG] [Fast Refresh] rebuilding @ webpack-internal:///(app-pages-browser)/./node_modules/next/dist/client/dev/hot-reloader/app/hot-reloader-app.js:196
[  316628ms] [LOG] [Fast Refresh] done in 630ms @ webpack-internal:///(app-pages-browser)/./node_modules/next/dist/client/dev/report-hmr-latency.js:13
[  316744ms] [LOG] [Fast Refresh] rebuilding @ webpack-internal:///(app-pages-browser)/./node_modules/next/dist/client/dev/hot-reloader/app/hot-reloader-app.js:196
[  316781ms] [LOG] [Fast Refresh] done in 36ms @ webpack-internal:///(app-pages-browser)/./node_modules/next/dist/client/dev/report-hmr-latency.js:13
[  316969ms] [LOG] [Fast Refresh] rebuilding @ webpack-internal:///(app-pages-browser)/./node_modules/next/dist/client/dev/hot-reloader/app/hot-reloader-app.js:196
[  317006ms] [LOG] [Fast Refresh] done in 37ms @ webpack-internal:///(app-pages-browser)/./node_modules/next/dist/client/dev/report-hmr-latency.js:13
[  317218ms] [LOG] [Fast Refresh] rebuilding @ webpack-internal:///(app-pages-browser)/./node_modules/next/dist/client/dev/hot-reloader/app/hot-reloader-app.js:196
[  317316ms] [LOG] [Fast Refresh] done in 99ms @ webpack-internal:///(app-pages-browser)/./node_modules/next/dist/client/dev/report-hmr-latency.js:13
[  317535ms] [LOG] [Fast Refresh] rebuilding @ webpack-internal:///(app-pages-browser)/./node_modules/next/dist/client/dev/hot-reloader/app/hot-reloader-app.js:196
[  317556ms] [LOG] [Fast Refresh] done in 21ms @ webpack-internal:///(app-pages-browser)/./node_modules/next/dist/client/dev/report-hmr-latency.js:13
[  317768ms] [LOG] [Fast Refresh] rebuilding @ webpack-internal:///(app-pages-browser)/./node_modules/next/dist/client/dev/hot-reloader/app/hot-reloader-app.js:196
[  317831ms] [LOG] [Fast Refresh] done in 64ms @ webpack-internal:///(app-pages-browser)/./node_modules/next/dist/client/dev/report-hmr-latency.js:13
[  318032ms] [LOG] [Fast Refresh] rebuilding @ webpack-internal:///(app-pages-browser)/./node_modules/next/dist/client/dev/hot-reloader/app/hot-reloader-app.js:196
[  318077ms] [LOG] [Fast Refresh] done in 45ms @ webpack-internal:///(app-pages-browser)/./node_modules/next/dist/client/dev/report-hmr-latency.js:13
[  318369ms] [LOG] [Fast Refresh] rebuilding @ webpack-internal:///(app-pages-browser)/./node_modules/next/dist/client/dev/hot-reloader/app/hot-reloader-app.js:196
[  318428ms] [LOG] [Fast Refresh] done in 60ms @ webpack-internal:///(app-pages-browser)/./node_modules/next/dist/client/dev/report-hmr-latency.js:13
[  318600ms] [LOG] [Fast Refresh] rebuilding @ webpack-internal:///(app-pages-browser)/./node_modules/next/dist/client/dev/hot-reloader/app/hot-reloader-app.js:196
[  318658ms] [LOG] [Fast Refresh] done in 58ms @ webpack-internal:///(app-pages-browser)/./node_modules/next/dist/client/dev/report-hmr-latency.js:13
[  318846ms] [LOG] [Fast Refresh] rebuilding @ webpack-internal:///(app-pages-browser)/./node_modules/next/dist/client/dev/hot-reloader/app/hot-reloader-app.js:196
[  318867ms] [LOG] [Fast Refresh] done in 20ms @ webpack-internal:///(app-pages-browser)/./node_modules/next/dist/client/dev/report-hmr-latency.js:13
[  319106ms] [LOG] [Fast Refresh] rebuilding @ webpack-internal:///(app-pages-browser)/./node_modules/next/dist/client/dev/hot-reloader/app/hot-reloader-app.js:196
[  319129ms] [LOG] [Fast Refresh] done in 22ms @ webpack-internal:///(app-pages-browser)/./node_modules/next/dist/client/dev/report-hmr-latency.js:13
[  319308ms] [LOG] [Fast Refresh] rebuilding @ webpack-internal:///(app-pages-browser)/./node_modules/next/dist/client/dev/hot-reloader/app/hot-reloader-app.js:196
[  319325ms] [LOG] [Fast Refresh] done in 16ms @ webpack-internal:///(app-pages-browser)/./node_modules/next/dist/client/dev/report-hmr-latency.js:13
[  319520ms] [LOG] [Fast Refresh] rebuilding @ webpack-internal:///(app-pages-browser)/./node_modules/next/dist/client/dev/hot-reloader/app/hot-reloader-app.js:196
[  319555ms] [LOG] [Fast Refresh] done in 35ms @ webpack-internal:///(app-pages-browser)/./node_modules/next/dist/client/dev/report-hmr-latency.js:13
[  319727ms] [LOG] [Fast Refresh] rebuilding @ webpack-internal:///(app-pages-browser)/./node_modules/next/dist/client/dev/hot-reloader/app/hot-reloader-app.js:196
[  319754ms] [LOG] [Fast Refresh] done in 27ms @ webpack-internal:///(app-pages-browser)/./node_modules/next/dist/client/dev/report-hmr-latency.js:13
[  319978ms] [LOG] [Fast Refresh] rebuilding @ webpack-internal:///(app-pages-browser)/./node_modules/next/dist/client/dev/hot-reloader/app/hot-reloader-app.js:196
[  320060ms] [LOG] [Fast Refresh] done in 82ms @ webpack-internal:///(app-pages-browser)/./node_modules/next/dist/client/dev/report-hmr-latency.js:13
[  320260ms] [LOG] [Fast Refresh] rebuilding @ webpack-internal:///(app-pages-browser)/./node_modules/next/dist/client/dev/hot-reloader/app/hot-reloader-app.js:196
[  320274ms] [LOG] [Fast Refresh] done in 13ms @ webpack-internal:///(app-pages-browser)/./node_modules/next/dist/client/dev/report-hmr-latency.js:13
[  320476ms] [LOG] [Fast Refresh] rebuilding @ webpack-internal:///(app-pages-browser)/./node_modules/next/dist/client/dev/hot-reloader/app/hot-reloader-app.js:196
[  320530ms] [LOG] [Fast Refresh] done in 55ms @ webpack-internal:///(app-pages-browser)/./node_modules/next/dist/client/dev/report-hmr-latency.js:13
[  320699ms] [LOG] [Fast Refresh] rebuilding @ webpack-internal:///(app-pages-browser)/./node_modules/next/dist/client/dev/hot-reloader/app/hot-reloader-app.js:196
[  320716ms] [LOG] [Fast Refresh] done in 18ms @ webpack-internal:///(app-pages-browser)/./node_modules/next/dist/client/dev/report-hmr-latency.js:13
